J,R,E,M,E_Num,algo,n_subtypes,mallows_temperature,kendalls_w,runtime,kendalls_tau,subtype_acc,stage_mae,mean_stage_healthy,runtime_cross_validation,absolute_error_n_subtypes,relative_error,correct_bool
726,0.21,sn_kjContinuousBeta_sigmoid,0,5,BebmS,3,0.43011930327855047,0.9853051971863853,72.66542312701543,0.4117845117845118,0.0,12.937931034482759,0.07947019867549669,,,100,100
726,0.21,sn_kjContinuousBeta_sigmoid,0,5,BebmS (Blind),3,0.43011930327855047,0.9853051971863853,87.53891233205795,0.43670033670033676,0.0,13.252413793103448,0.39072847682119205,,2.0,100,100
726,0.21,sn_kjContinuousBeta_sigmoid,0,5,Random Guessing,3,0.43011930327855047,0.9853051971863853,0.0,0.4946514942299592,0.0005373382049233766,53.0151724137931,6.1655629139072845,,2.0,100,100
726,0.21,sn_kjContinuousBeta_sigmoid,0,5,SuStaIn (GMM),3,0.43011930327855047,0.9853051971863853,170.3117018699646,0.47387205387205383,0.007256590838974509,20.446896551724137,50.6953642384106,,,100,100
726,0.21,sn_kjContinuousBeta_sigmoid,0,5,SuStaIn (KDE),3,0.43011930327855047,0.9853051971863853,227.5914624532064,0.2817508417508418,0.005889473740655675,11.935172413793103,18.251655629139073,,,100,100
726,0.21,sn_kjContinuousBeta_sigmoid,1,5,BebmS,3,0.48441897318259025,0.9917485081841517,69.746557700634,0.3708417508417508,0.0,5.8,0.013245033112582781,,,100,100
726,0.21,sn_kjContinuousBeta_sigmoid,1,5,BebmS (Blind),3,0.48441897318259025,0.9917485081841517,84.29480560223261,0.44855218855218854,0.0,10.070344827586206,1.0198675496688743,,1.0,100,100
726,0.21,sn_kjContinuousBeta_sigmoid,1,5,Random Guessing,3,0.48441897318259025,0.9917485081841517,0.0,0.4999344939565297,-0.0005691246697498489,52.31172413793104,5.9801324503311255,,1.0,100,100
726,0.21,sn_kjContinuousBeta_sigmoid,1,5,SuStaIn (GMM),3,0.48441897318259025,0.9917485081841517,208.5242752790451,0.4474747474747474,-0.0030228824936458713,17.361379310344827,43.033112582781456,,,100,100
726,0.21,sn_kjContinuousBeta_sigmoid,1,5,SuStaIn (KDE),3,0.48441897318259025,0.9917485081841517,228.2314888636271,0.3422222222222222,-0.002779791524340415,14.293793103448277,22.443708609271525,,,100,100
726,0.21,sn_kjContinuousBeta_sigmoid,2,5,BebmS,3,0.2608478278059047,0.9656792345901257,82.27557138999303,0.37589225589225594,0.0,4.979310344827586,0.019867549668874173,,,100,100
726,0.21,sn_kjContinuousBeta_sigmoid,2,5,BebmS (Blind),3,0.2608478278059047,0.9656792345901257,98.81474062601725,0.4165656565656566,0.0,12.289655172413793,0.271523178807947,,2.0,100,100
726,0.21,sn_kjContinuousBeta_sigmoid,2,5,Random Guessing,3,0.2608478278059047,0.9656792345901257,0.0,0.4819470543475573,0.0007033846709466692,52.47724137931034,6.516556291390729,,2.0,100,100
726,0.21,sn_kjContinuousBeta_sigmoid,2,5,SuStaIn (GMM),3,0.2608478278059047,0.9656792345901257,307.17846267620723,0.43299663299663305,0.03702930350986551,16.975172413793103,44.54304635761589,,,100,100
726,0.21,sn_kjContinuousBeta_sigmoid,2,5,SuStaIn (KDE),3,0.2608478278059047,0.9656792345901257,255.53793067534764,0.32821548821548824,0.004523596582524059,12.644137931034482,18.589403973509935,,,100,100
726,0.21,sn_kjContinuousBeta_sigmoid,3,5,BebmS,3,0.08781664217683027,0.8077194386105278,69.28896322250367,0.4142760942760943,0.0,10.292011019283747,0.0,,,100,100
726,0.21,sn_kjContinuousBeta_sigmoid,3,5,BebmS (Blind),3,0.08781664217683027,0.8077194386105278,84.00201511383057,0.46814814814814815,0.16313299631512135,19.172176308539946,0.17333333333333334,,3.0,100,100
726,0.21,sn_kjContinuousBeta_sigmoid,3,5,Random Guessing,3,0.08781664217683027,0.8077194386105278,0.0,0.48432154277461303,-0.0017530087187331588,52.29614325068871,5.793333333333333,,3.0,100,100
726,0.21,sn_kjContinuousBeta_sigmoid,3,5,SuStaIn (GMM),3,0.08781664217683027,0.8077194386105278,415.2260271588961,0.39542087542087545,0.42491201197098344,14.541322314049587,38.873333333333335,,,100,100
726,0.21,sn_kjContinuousBeta_sigmoid,3,5,SuStaIn (KDE),3,0.08781664217683027,0.8077194386105278,447.09501372973125,0.3448484848484848,0.018222876742124295,14.341597796143251,21.946666666666665,,,100,100
726,0.21,sn_kjContinuousBeta_sigmoid,4,5,BebmS,3,0.47783744798175615,0.9916071607160716,115.998834502697,0.37919191919191925,0.0,8.965564738292011,0.026490066225165563,,,100,100
726,0.21,sn_kjContinuousBeta_sigmoid,4,5,BebmS (Blind),3,0.47783744798175615,0.9916071607160716,109.41112805207571,0.4045117845117845,0.0,8.630853994490359,0.11920529801324503,,2.0,100,100
726,0.21,sn_kjContinuousBeta_sigmoid,4,5,Random Guessing,3,0.47783744798175615,0.9916071607160716,0.0,0.5085350594580733,0.0027817279127142665,51.73278236914601,6.642384105960265,,2.0,100,100
726,0.21,sn_kjContinuousBeta_sigmoid,4,5,SuStaIn (GMM),3,0.47783744798175615,0.9916071607160716,204.98377081553141,0.44868686868686875,0.0038399164960808427,20.509641873278238,49.98675496688742,,,100,100
726,0.21,sn_kjContinuousBeta_sigmoid,4,5,SuStaIn (KDE),3,0.47783744798175615,0.9916071607160716,220.0542826573054,0.29138047138047135,-0.0001135904901246922,12.819559228650137,19.589403973509935,,,100,100
726,0.21,sn_kjContinuousBeta_sigmoid,5,5,BebmS,3,0.38024887492365284,0.9837637097043037,69.75939466555913,0.43124579124579127,-0.024980921067589666,14.21103448275862,0.013245033112582781,,,100,100
726,0.21,sn_kjContinuousBeta_sigmoid,5,5,BebmS (Blind),3,0.38024887492365284,0.9837637097043037,85.66662383874258,0.42060606060606065,0.003220236663040731,13.888275862068966,1.3841059602649006,,2.0,100,100
726,0.21,sn_kjContinuousBeta_sigmoid,5,5,Random Guessing,3,0.38024887492365284,0.9837637097043037,0.0,0.48930339747683815,0.00258594027593372,51.82896551724138,6.503311258278146,,2.0,100,100
726,0.21,sn_kjContinuousBeta_sigmoid,5,5,SuStaIn (GMM),3,0.38024887492365284,0.9837637097043037,196.74878158569337,0.41003367003367003,0.0025958259825983577,18.83448275862069,46.47019867549669,,,100,100
726,0.21,sn_kjContinuousBeta_sigmoid,5,5,SuStaIn (KDE),3,0.38024887492365284,0.9837637097043037,246.5544682542483,0.330976430976431,0.002485473247547397,12.953103448275861,18.24503311258278,,,100,100
726,0.21,sn_kjContinuousBeta_sigmoid,6,5,BebmS,3,0.28669080092675725,0.9786271960529386,86.19416979551315,0.3811447811447812,0.0,7.3264462809917354,0.08,,,100,100
726,0.21,sn_kjContinuousBeta_sigmoid,6,5,BebmS (Blind),3,0.28669080092675725,0.9786271960529386,101.98896424770355,0.42060606060606065,0.005616719110281111,11.22038567493113,0.16666666666666666,,2.0,100,100
726,0.21,sn_kjContinuousBeta_sigmoid,6,5,Random Guessing,3,0.28669080092675725,0.9786271960529386,0.0,0.5019713264527216,0.003839625167726277,51.89531680440771,5.873333333333333,,2.0,100,100
726,0.21,sn_kjContinuousBeta_sigmoid,6,5,SuStaIn (GMM),3,0.28669080092675725,0.9786271960529386,263.6449498852094,0.4383838383838384,-0.012162158420821084,16.647382920110193,40.693333333333335,,,100,100
726,0.21,sn_kjContinuousBeta_sigmoid,6,5,SuStaIn (KDE),3,0.28669080092675725,0.9786271960529386,268.07964814106623,0.3268013468013468,0.00396641304281666,12.002754820936639,18.58,,,100,100
726,0.21,sn_kjContinuousBeta_sigmoid,7,5,BebmS,3,0.37320363466923734,0.984907824115745,69.1764212846756,0.4361616161616162,0.0,10.895172413793103,0.006622516556291391,,,100,100
726,0.21,sn_kjContinuousBeta_sigmoid,7,5,BebmS (Blind),3,0.37320363466923734,0.984907824115745,83.99803628524144,0.39360269360269357,0.0,9.955862068965518,0.1456953642384106,,2.0,100,100
726,0.21,sn_kjContinuousBeta_sigmoid,7,5,Random Guessing,3,0.37320363466923734,0.984907824115745,0.0,0.49208195603947136,-9.879010123231681e-05,52.826206896551724,5.662251655629139,,2.0,100,100
726,0.21,sn_kjContinuousBeta_sigmoid,7,5,SuStaIn (GMM),3,0.37320363466923734,0.984907824115745,520.693820353349,0.45501683501683504,0.059384041863657755,17.693793103448275,47.675496688741724,,,100,100
726,0.21,sn_kjContinuousBeta_sigmoid,7,5,SuStaIn (KDE),3,0.37320363466923734,0.984907824115745,500.0668917973836,0.3760942760942761,-0.0004959309580917817,14.60551724137931,23.794701986754966,,,100,100
726,0.21,sn_kjContinuousBeta_sigmoid,8,5,BebmS,3,0.3604853108722972,0.9815821582158216,70.24048494497934,0.4121885521885522,-0.0016746858353783823,6.164137931034483,0.013245033112582781,,,100,100
726,0.21,sn_kjContinuousBeta_sigmoid,8,5,BebmS (Blind),3,0.3604853108722972,0.9815821582158216,85.58350537220637,0.4544781144781145,0.0,11.724137931034482,0.7814569536423841,,2.0,100,100
726,0.21,sn_kjContinuousBeta_sigmoid,8,5,Random Guessing,3,0.3604853108722972,0.9815821582158216,0.0,0.5047322063871366,-0.0005373944886491692,52.69241379310345,5.973509933774834,,2.0,100,100
726,0.21,sn_kjContinuousBeta_sigmoid,8,5,SuStaIn (GMM),3,0.3604853108722972,0.9815821582158216,305.9298772732417,0.4637037037037037,0.06789663631024917,17.09793103448276,45.205298013245034,,,100,100
726,0.21,sn_kjContinuousBeta_sigmoid,8,5,SuStaIn (KDE),3,0.3604853108722972,0.9815821582158216,277.9130797147751,0.37434343434343437,-0.0005614707244899403,13.813793103448276,22.76158940397351,,,100,100
726,0.21,sn_kjContinuousBeta_sigmoid,9,5,BebmS,3,0.23108159522861166,0.960934760142681,81.95479354461034,0.37535353535353533,0.0,6.038620689655173,0.039735099337748346,,,100,100
726,0.21,sn_kjContinuousBeta_sigmoid,9,5,BebmS (Blind),3,0.23108159522861166,0.960934760142681,99.28950790166854,0.40552188552188556,0.0,11.148965517241379,0.41721854304635764,,3.0,100,100
726,0.21,sn_kjContinuousBeta_sigmoid,9,5,Random Guessing,3,0.23108159522861166,0.960934760142681,0.0,0.4972569190264449,-0.0005639231243719813,52.60413793103448,6.059602649006623,,3.0,100,100
726,0.21,sn_kjContinuousBeta_sigmoid,9,5,SuStaIn (GMM),3,0.23108159522861166,0.960934760142681,111.22573352654776,0.37326599326599325,0.23694271333109249,14.878620689655172,39.58940397350993,,,100,100
726,0.21,sn_kjContinuousBeta_sigmoid,9,5,SuStaIn (KDE),3,0.23108159522861166,0.960934760142681,133.2052014986674,0.3546801346801347,0.018579393463908522,13.277241379310345,20.7682119205298,,,100,100
726,0.21,sn_kjContinuousBeta_sigmoid,10,5,BebmS,3,0.22085878699876824,0.9567903457012368,69.88841906785964,0.396026936026936,0.0,11.555096418732782,0.033112582781456956,,,100,100
726,0.21,sn_kjContinuousBeta_sigmoid,10,5,BebmS (Blind),3,0.22085878699876824,0.9567903457012368,83.7345897436142,0.38902356902356905,0.030293663952911488,11.814049586776859,0.2582781456953642,,1.0,100,100
726,0.21,sn_kjContinuousBeta_sigmoid,10,5,Random Guessing,3,0.22085878699876824,0.9567903457012368,0.0,0.4877225661065283,0.0037558159421422254,52.44490358126722,6.2781456953642385,,1.0,100,100
726,0.21,sn_kjContinuousBeta_sigmoid,10,5,SuStaIn (GMM),3,0.22085878699876824,0.9567903457012368,1028.205018277963,0.4531986531986532,0.043721662337742336,18.6900826446281,45.82119205298013,,,100,100
726,0.21,sn_kjContinuousBeta_sigmoid,10,5,SuStaIn (KDE),3,0.22085878699876824,0.9567903457012368,852.1994977712632,0.3362962962962963,0.0011556093098007295,13.557851239669422,24.549668874172184,,,100,100
726,0.21,sn_kjContinuousBeta_sigmoid,11,5,BebmS,3,0.0890546939541131,0.7896056272293897,81.8277943054835,0.42101010101010106,-0.0009053727139292612,13.50206896551724,0.006622516556291391,,,100,100
726,0.21,sn_kjContinuousBeta_sigmoid,11,5,BebmS (Blind),3,0.0890546939541131,0.7896056272293897,100.62013183832168,0.37198653198653203,0.3356698558751226,11.735172413793103,0.5298013245033113,,0.0,100,100
726,0.21,sn_kjContinuousBeta_sigmoid,11,5,Random Guessing,3,0.0890546939541131,0.7896056272293897,0.0,0.4988854097461166,0.0006433745931785238,52.833103448275864,6.013245033112582,,0.0,100,100
726,0.21,sn_kjContinuousBeta_sigmoid,11,5,SuStaIn (GMM),3,0.0890546939541131,0.7896056272293897,702.3378887613615,0.4065993265993266,0.6786554003296922,15.28,41.54304635761589,,,100,100
726,0.21,sn_kjContinuousBeta_sigmoid,11,5,SuStaIn (KDE),3,0.0890546939541131,0.7896056272293897,692.2107405304909,0.3719191919191919,0.12009799019285652,14.449655172413793,20.662251655629138,,,100,100
726,0.21,sn_kjContinuousBeta_sigmoid,12,5,BebmS,3,0.31948225913801365,0.9737013701370137,81.82637555201849,0.42646464646464644,0.0,11.389807162534435,0.026490066225165563,,,100,100
726,0.21,sn_kjContinuousBeta_sigmoid,12,5,BebmS (Blind),3,0.31948225913801365,0.9737013701370137,99.70177798668543,0.4086868686868687,0.0,9.323691460055096,0.9006622516556292,,0.0,100,100
726,0.21,sn_kjContinuousBeta_sigmoid,12,5,Random Guessing,3,0.31948225913801365,0.9737013701370137,0.0,0.5000973913276808,-0.0027004497575236434,51.417355371900825,6.33112582781457,,0.0,100,100
726,0.21,sn_kjContinuousBeta_sigmoid,12,5,SuStaIn (GMM),3,0.31948225913801365,0.9737013701370137,698.2177482922872,0.36808080808080806,0.09530307026920781,15.884297520661157,44.079470198675494,,,100,100
726,0.21,sn_kjContinuousBeta_sigmoid,12,5,SuStaIn (KDE),3,0.31948225913801365,0.9737013701370137,613.835665154457,0.2952861952861953,0.0046550721698771546,13.327823691460056,20.490066225165563,,,100,100
726,0.21,sn_kjContinuousBeta_sigmoid,13,5,BebmS,3,0.30185515101020843,0.9760456045604561,73.89321203629176,0.3811447811447812,0.0,6.506887052341598,0.0,,,100,100
726,0.21,sn_kjContinuousBeta_sigmoid,13,5,BebmS (Blind),3,0.30185515101020843,0.9760456045604561,97.54294575055441,0.4301683501683502,0.0,13.984848484848484,3.24,,2.0,100,100
726,0.21,sn_kjContinuousBeta_sigmoid,13,5,Random Guessing,3,0.30185515101020843,0.9760456045604561,0.0,0.5069115761427793,0.0029000594648061814,52.93388429752066,5.346666666666667,,2.0,100,100
726,0.21,sn_kjContinuousBeta_sigmoid,13,5,SuStaIn (GMM),3,0.30185515101020843,0.9760456045604561,603.4055372198422,0.3822895622895623,0.02555330708111478,14.859504132231406,42.16,,,100,100
726,0.21,sn_kjContinuousBeta_sigmoid,13,5,SuStaIn (KDE),3,0.30185515101020843,0.9760456045604561,596.4457034707069,0.32303030303030306,-0.0020958329117589016,10.809917355371901,18.16,,,100,100
726,0.21,sn_kjContinuousBeta_sigmoid,14,5,BebmS,3,0.4583839513663318,0.9894736140280694,70.16258085171381,0.39952861952861946,0.0,8.73793103448276,0.03289473684210526,,,100,100
726,0.21,sn_kjContinuousBeta_sigmoid,14,5,BebmS (Blind),3,0.4583839513663318,0.9894736140280694,85.51039546728134,0.332053872053872,-0.008520870708040442,6.012413793103448,0.13815789473684212,,1.0,100,100
726,0.21,sn_kjContinuousBeta_sigmoid,14,5,Random Guessing,3,0.4583839513663318,0.9894736140280694,0.0,0.49292967890837885,-0.0027328899062959533,52.433103448275865,5.657894736842105,,1.0,100,100
726,0.21,sn_kjContinuousBeta_sigmoid,14,5,SuStaIn (GMM),3,0.4583839513663318,0.9894736140280694,153.04404881795247,0.404040404040404,0.015739062266474108,18.689655172413794,48.36184210526316,,,100,100
726,0.21,sn_kjContinuousBeta_sigmoid,14,5,SuStaIn (KDE),3,0.4583839513663318,0.9894736140280694,356.7228497306506,0.32626262626262625,0.006505226588440104,12.187586206896551,21.460526315789473,,,100,100
726,0.21,sn_kjContinuousBeta_sigmoid,15,5,BebmS,3,0.23508309510877207,0.9624069073574024,69.4442757209142,0.4146127946127946,0.0,7.035812672176308,0.06,,,100,100
726,0.21,sn_kjContinuousBeta_sigmoid,15,5,BebmS (Blind),3,0.23508309510877207,0.9624069073574024,97.1451599518458,0.4210774410774411,0.00419635174063167,10.650137741046832,0.19333333333333333,,2.0,100,100
726,0.21,sn_kjContinuousBeta_sigmoid,15,5,Random Guessing,3,0.23508309510877207,0.9624069073574024,0.0,0.4796657400901436,-0.0001964459182044852,52.16804407713499,6.38,,2.0,100,100
726,0.21,sn_kjContinuousBeta_sigmoid,15,5,SuStaIn (GMM),3,0.23508309510877207,0.9624069073574024,654.9638746102651,0.4331986531986532,0.13200659134469236,20.946280991735538,50.20666666666666,,,100,100
726,0.21,sn_kjContinuousBeta_sigmoid,15,5,SuStaIn (KDE),3,0.23508309510877207,0.9624069073574024,894.4498859484991,0.3572390572390573,0.007579064224166853,13.617079889807162,20.6,,,100,100
726,0.21,sn_kjContinuousBeta_sigmoid,16,5,BebmS,3,0.20843132116668586,0.9603960396039604,95.72155808210373,0.39609427609427605,0.0,11.571034482758622,0.026490066225165563,,,100,100
726,0.21,sn_kjContinuousBeta_sigmoid,16,5,BebmS (Blind),3,0.20843132116668586,0.9603960396039604,117.37350227832795,0.3209427609427609,0.04566880384263854,11.420689655172414,0.2582781456953642,,3.0,100,100
726,0.21,sn_kjContinuousBeta_sigmoid,16,5,Random Guessing,3,0.20843132116668586,0.9603960396039604,0.0,0.4997623244159332,0.00038950883100706454,51.92,5.986754966887418,,3.0,100,100
726,0.21,sn_kjContinuousBeta_sigmoid,16,5,SuStaIn (GMM),3,0.20843132116668586,0.9603960396039604,915.3225648959477,0.3470707070707071,0.22507008040164422,16.146206896551725,44.794701986754966,,,100,100
726,0.21,sn_kjContinuousBeta_sigmoid,16,5,SuStaIn (KDE),3,0.20843132116668586,0.9603960396039604,536.8222545703252,0.28565656565656566,0.005216294547320926,11.689655172413794,18.31788079470199,,,100,100
726,0.21,sn_kjContinuousBeta_sigmoid,17,5,BebmS,3,0.25408515346056654,0.9724212421242124,75.88778674999872,0.4113804713804714,0.0,10.36551724137931,0.152317880794702,,,100,100
726,0.21,sn_kjContinuousBeta_sigmoid,17,5,BebmS (Blind),3,0.25408515346056654,0.9724212421242124,113.69349046150843,0.4637710437710438,0.0,12.588965517241379,1.6026490066225165,,2.0,100,100
726,0.21,sn_kjContinuousBeta_sigmoid,17,5,Random Guessing,3,0.25408515346056654,0.9724212421242124,0.0,0.49432872645113957,0.0020734292524528853,52.33931034482759,6.688741721854305,,2.0,100,100
726,0.21,sn_kjContinuousBeta_sigmoid,17,5,SuStaIn (GMM),3,0.25408515346056654,0.9724212421242124,295.9060859044393,0.4347474747474747,0.0388579701056505,19.00689655172414,48.18543046357616,,,100,100
726,0.21,sn_kjContinuousBeta_sigmoid,17,5,SuStaIn (KDE),3,0.25408515346056654,0.9724212421242124,317.08871011336646,0.33474747474747474,-0.004615192561654447,12.798620689655172,19.576158940397352,,,100,100
726,0.21,sn_kjContinuousBeta_sigmoid,18,5,BebmS,3,0.334056351403143,0.9804353768710204,71.89628165960312,0.3896969696969697,0.0,8.101928374655648,0.0,,,100,100
726,0.21,sn_kjContinuousBeta_sigmoid,18,5,BebmS (Blind),3,0.334056351403143,0.9804353768710204,88.4011063337326,0.38471380471380473,0.0,9.148760330578513,0.039735099337748346,,2.0,100,100
726,0.21,sn_kjContinuousBeta_sigmoid,18,5,Random Guessing,3,0.334056351403143,0.9804353768710204,0.0,0.49782070603024003,0.0007922903506820002,52.70247933884298,5.490066225165563,,2.0,100,100
726,0.21,sn_kjContinuousBeta_sigmoid,18,5,SuStaIn (GMM),3,0.334056351403143,0.9804353768710204,360.4913882255554,0.4729966329966329,0.2800257846332351,19.65289256198347,47.324503311258276,,,100,100
726,0.21,sn_kjContinuousBeta_sigmoid,18,5,SuStaIn (KDE),3,0.334056351403143,0.9804353768710204,427.6499773542086,0.31171717171717167,0.007422427830237078,13.199724517906336,19.6158940397351,,,100,100
726,0.21,sn_kjContinuousBeta_sigmoid,19,5,BebmS,3,0.21447303663495745,0.953064639797313,72.3390509724617,0.4004713804713805,0.0,8.153103448275862,0.1,,,100,100
726,0.21,sn_kjContinuousBeta_sigmoid,19,5,BebmS (Blind),3,0.21447303663495745,0.953064639797313,87.42546925942104,0.41703703703703704,0.0,7.6193103448275865,0.06666666666666667,,3.0,100,100
726,0.21,sn_kjContinuousBeta_sigmoid,19,5,Random Guessing,3,0.21447303663495745,0.953064639797313,0.0,0.49526959676926535,0.004368973075240328,51.88413793103448,5.973333333333334,,3.0,100,100
726,0.21,sn_kjContinuousBeta_sigmoid,19,5,SuStaIn (GMM),3,0.21447303663495745,0.953064639797313,341.15765575567883,0.48444444444444446,0.016376422736326227,19.798620689655174,49.62,,,100,100
726,0.21,sn_kjContinuousBeta_sigmoid,19,5,SuStaIn (KDE),3,0.21447303663495745,0.953064639797313,479.1311902244886,0.3316498316498316,0.003670820396226987,14.053793103448276,23.793333333333333,,,100,100
726,0.21,sn_kjContinuousBeta_sigmoid,20,5,BebmS,3,0.31466447627980565,0.978016468313498,125.42377655903498,0.3824242424242424,0.0,5.801652892561983,0.08,,,100,100
726,0.21,sn_kjContinuousBeta_sigmoid,20,5,BebmS (Blind),3,0.31466447627980565,0.978016468313498,135.72195357084274,0.4076094276094276,0.0,9.325068870523417,0.03333333333333333,,2.0,100,100
726,0.21,sn_kjContinuousBeta_sigmoid,20,5,Random Guessing,3,0.31466447627980565,0.978016468313498,0.0,0.48896438345458804,-0.0024915897572892125,52.6267217630854,5.926666666666667,,2.0,100,100
726,0.21,sn_kjContinuousBeta_sigmoid,20,5,SuStaIn (GMM),3,0.31466447627980565,0.978016468313498,755.6158712943395,0.375016835016835,0.17346419126914106,19.573002754820937,50.74666666666667,,,100,100
726,0.21,sn_kjContinuousBeta_sigmoid,20,5,SuStaIn (KDE),3,0.31466447627980565,0.978016468313498,648.2217244784038,0.30915824915824913,0.012044543661250398,13.165289256198347,21.186666666666667,,,100,100
726,0.21,sn_kjContinuousBeta_sigmoid,21,5,BebmS,3,0.45613915691993484,0.9915538220488715,137.59132080872854,0.3952188552188553,-0.0006068248885096448,9.555862068965517,0.11920529801324503,,,100,100
726,0.21,sn_kjContinuousBeta_sigmoid,21,5,BebmS (Blind),3,0.45613915691993484,0.9915538220488715,137.34048553307852,0.4136700336700337,0.0,12.649655172413793,0.059602649006622516,,3.0,100,100
726,0.21,sn_kjContinuousBeta_sigmoid,21,5,Random Guessing,3,0.45613915691993484,0.9915538220488715,0.0,0.49459836334086776,-8.248680766457031e-05,52.63310344827586,5.953642384105961,,3.0,100,100
726,0.21,sn_kjContinuousBeta_sigmoid,21,5,SuStaIn (GMM),3,0.45613915691993484,0.9915538220488715,953.1892123977343,0.44087542087542086,0.035501581507924554,18.329655172413794,47.450331125827816,,,100,100
726,0.21,sn_kjContinuousBeta_sigmoid,21,5,SuStaIn (KDE),3,0.45613915691993484,0.9915538220488715,552.2647692958514,0.3228956228956229,-0.00044973059957235603,12.18206896551724,17.794701986754966,,,100,100
726,0.21,sn_kjContinuousBeta_sigmoid,22,5,BebmS,3,0.46779426279698755,0.9898736540320698,95.16475220918656,0.4322558922558923,0.007865055942331488,14.693793103448275,0.0,,,100,100
726,0.21,sn_kjContinuousBeta_sigmoid,22,5,BebmS (Blind),3,0.46779426279698755,0.9898736540320698,114.16144041220348,0.4552861952861953,0.0,16.017931034482757,0.5364238410596026,,2.0,100,100
726,0.21,sn_kjContinuousBeta_sigmoid,22,5,Random Guessing,3,0.46779426279698755,0.9898736540320698,0.0,0.48142477018304275,-0.0023747791769289533,54.315862068965515,5.874172185430464,,2.0,100,100
726,0.21,sn_kjContinuousBeta_sigmoid,22,5,SuStaIn (GMM),3,0.46779426279698755,0.9898736540320698,701.4252239306768,0.38491582491582493,-0.003824627973772681,14.135172413793104,40.50993377483444,,,100,100
726,0.21,sn_kjContinuousBeta_sigmoid,22,5,SuStaIn (KDE),3,0.46779426279698755,0.9898736540320698,616.5676734526952,0.34915824915824917,0.006195430914149448,13.529655172413793,21.258278145695364,,,100,100
726,0.21,sn_kjContinuousBeta_sigmoid,23,5,BebmS,3,0.42812763743760696,0.9874094076074275,96.0005137681961,0.38727272727272727,0.0,8.355862068965518,0.09868421052631579,,,100,100
726,0.21,sn_kjContinuousBeta_sigmoid,23,5,BebmS (Blind),3,0.42812763743760696,0.9874094076074275,116.80021353165309,0.38336700336700336,0.0,7.278620689655172,0.40131578947368424,,0.0,100,100
726,0.21,sn_kjContinuousBeta_sigmoid,23,5,Random Guessing,3,0.42812763743760696,0.9874094076074275,0.0,0.48516144314016346,0.0007677530758340433,51.54344827586207,5.855263157894737,,0.0,100,100
726,0.21,sn_kjContinuousBeta_sigmoid,23,5,SuStaIn (GMM),3,0.42812763743760696,0.9874094076074275,511.9128593881925,0.4327272727272727,0.012925516698843299,17.416551724137932,46.50657894736842,,,100,100
726,0.21,sn_kjContinuousBeta_sigmoid,23,5,SuStaIn (KDE),3,0.42812763743760696,0.9874094076074275,604.405386531353,0.3397306397306397,-0.0021780215078532465,13.077241379310346,19.914473684210527,,,100,100
726,0.21,sn_kjContinuousBeta_sigmoid,24,5,BebmS,3,0.32921198157794224,0.9825342534253425,69.41035049359003,0.3750841750841751,0.0,9.246896551724138,0.013245033112582781,,,100,100
726,0.21,sn_kjContinuousBeta_sigmoid,24,5,BebmS (Blind),3,0.32921198157794224,0.9825342534253425,85.34092639287313,0.383973063973064,-0.0006789086645384937,12.991724137931035,0.7615894039735099,,1.0,100,100
726,0.21,sn_kjContinuousBeta_sigmoid,24,5,Random Guessing,3,0.32921198157794224,0.9825342534253425,0.0,0.5148136920301293,0.012506210572917618,52.69931034482759,5.847682119205298,,1.0,100,100
726,0.21,sn_kjContinuousBeta_sigmoid,24,5,SuStaIn (GMM),3,0.32921198157794224,0.9825342534253425,247.50865427652994,0.38592592592592595,0.05185863166950218,16.202758620689654,44.93377483443709,,,100,100
726,0.21,sn_kjContinuousBeta_sigmoid,24,5,SuStaIn (KDE),3,0.32921198157794224,0.9825342534253425,670.1945591410001,0.28565656565656566,-0.0014895816478299906,12.161379310344827,18.582781456953644,,,100,100
726,0.21,sn_kjContinuousBeta_sigmoid,25,5,BebmS,3,0.22184078560620724,0.9593852718605194,68.69733113050461,0.3560942760942761,-0.0035672211579577473,9.419310344827586,0.0,,,100,100
726,0.21,sn_kjContinuousBeta_sigmoid,25,5,BebmS (Blind),3,0.22184078560620724,0.9593852718605194,84.29691240787506,0.3705050505050505,0.08343648126217992,10.408275862068965,0.152317880794702,,3.0,100,100
726,0.21,sn_kjContinuousBeta_sigmoid,25,5,Random Guessing,3,0.22184078560620724,0.9593852718605194,0.0,0.4894236757372578,-0.00031755379522946815,53.09379310344828,5.9072847682119205,,3.0,100,100
726,0.21,sn_kjContinuousBeta_sigmoid,25,5,SuStaIn (GMM),3,0.22184078560620724,0.9593852718605194,628.4490695993105,0.4065319865319865,0.06079116135872473,15.117241379310345,42.40397350993378,,,100,100
726,0.21,sn_kjContinuousBeta_sigmoid,25,5,SuStaIn (KDE),3,0.22184078560620724,0.9593852718605194,583.0914035518964,0.3082154882154882,0.026996467651713443,11.475862068965517,20.410596026490065,,,100,100
726,0.21,sn_kjContinuousBeta_sigmoid,26,5,BebmS,3,0.27051029771471574,0.9735760242690936,68.8710345307986,0.41535353535353536,-0.012052616234716568,15.458677685950413,0.0,,,100,100
726,0.21,sn_kjContinuousBeta_sigmoid,26,5,BebmS (Blind),3,0.27051029771471574,0.9735760242690936,84.08329370419185,0.44902356902356905,-0.005647986529440423,17.628099173553718,0.8278145695364238,,3.0,100,100
726,0.21,sn_kjContinuousBeta_sigmoid,26,5,Random Guessing,3,0.27051029771471574,0.9735760242690936,0.0,0.5163672275209266,-0.0015329837279319275,51.99724517906336,5.364238410596027,,3.0,100,100
726,0.21,sn_kjContinuousBeta_sigmoid,26,5,SuStaIn (GMM),3,0.27051029771471574,0.9735760242690936,545.7199044744174,0.4890909090909091,0.024491479737659493,20.483471074380166,46.77483443708609,,,100,100
726,0.21,sn_kjContinuousBeta_sigmoid,26,5,SuStaIn (KDE),3,0.27051029771471574,0.9735760242690936,596.4679039557775,0.3018181818181818,0.0029183187322169195,13.011019283746556,21.225165562913908,,,100,100
726,0.21,sn_kjContinuousBeta_sigmoid,27,5,BebmS,3,0.2397384404460603,0.9642284228422843,131.77825458844504,0.40094276094276093,0.0011866727584555429,8.837241379310345,0.059602649006622516,,,100,100
726,0.21,sn_kjContinuousBeta_sigmoid,27,5,BebmS (Blind),3,0.2397384404460603,0.9642284228422843,151.10777506828308,0.4045791245791246,0.0011866727584555429,8.693793103448275,0.15894039735099338,,3.0,100,100
726,0.21,sn_kjContinuousBeta_sigmoid,27,5,Random Guessing,3,0.2397384404460603,0.9642284228422843,0.0,0.4923257565047541,-0.0006268056775552833,53.997241379310346,5.152317880794702,,3.0,100,100
726,0.21,sn_kjContinuousBeta_sigmoid,27,5,SuStaIn (GMM),3,0.2397384404460603,0.9642284228422843,248.62144778966905,0.4570370370370371,0.2886017657463506,20.08137931034483,48.93377483443709,,,100,100
726,0.21,sn_kjContinuousBeta_sigmoid,27,5,SuStaIn (KDE),3,0.2397384404460603,0.9642284228422843,312.94026970068614,0.3463299663299663,0.01058981736364643,12.751724137931035,19.23841059602649,,,100,100
726,0.21,sn_kjContinuousBeta_sigmoid,28,5,BebmS,3,0.09464891969406262,0.7659099243257659,68.78757063150405,0.3302356902356902,0.1357145013167923,13.356749311294767,0.05333333333333334,,,100,100
726,0.21,sn_kjContinuousBeta_sigmoid,28,5,BebmS (Blind),3,0.09464891969406262,0.7659099243257659,84.06701536575953,0.3842424242424243,0.30991701457655263,14.53305785123967,0.06666666666666667,,2.0,100,100
726,0.21,sn_kjContinuousBeta_sigmoid,28,5,Random Guessing,3,0.09464891969406262,0.7659099243257659,0.0,0.5012267894933705,0.00014371966354332047,52.62396694214876,6.1,,2.0,100,100
726,0.21,sn_kjContinuousBeta_sigmoid,28,5,SuStaIn (GMM),3,0.09464891969406262,0.7659099243257659,574.8235419948895,0.39609427609427605,0.8178726765360115,15.776859504132231,41.8,,,100,100
726,0.21,sn_kjContinuousBeta_sigmoid,28,5,SuStaIn (KDE),3,0.09464891969406262,0.7659099243257659,517.5245117624601,0.31663299663299665,0.11522272986886892,12.387052341597796,16.993333333333332,,,100,100
726,0.21,sn_kjContinuousBeta_sigmoid,29,5,BebmS,3,0.3786603710592428,0.9851051771843851,74.60598750909169,0.3841077441077441,0.0,9.667586206896551,0.0,,,100,100
726,0.21,sn_kjContinuousBeta_sigmoid,29,5,BebmS (Blind),3,0.3786603710592428,0.9851051771843851,94.33381502628326,0.39111111111111113,0.0,9.264827586206897,0.06622516556291391,,1.0,100,100
726,0.21,sn_kjContinuousBeta_sigmoid,29,5,Random Guessing,3,0.3786603710592428,0.9851051771843851,0.0,0.4951198050885528,0.005418310432782062,52.40137931034483,5.543046357615894,,1.0,100,100
726,0.21,sn_kjContinuousBeta_sigmoid,29,5,SuStaIn (GMM),3,0.3786603710592428,0.9851051771843851,739.401236307621,0.3973737373737374,0.14265145077011046,19.144827586206898,49.94039735099338,,,100,100
726,0.21,sn_kjContinuousBeta_sigmoid,29,5,SuStaIn (KDE),3,0.3786603710592428,0.9851051771843851,520.751693046093,0.3014141414141414,0.0022275609522520814,12.413793103448276,20.0,,,100,100
726,0.21,sn_kjContinuousBeta_sigmoid,30,5,BebmS,3,0.23630802987854133,0.9727946127946128,82.7633142987887,0.3624915824915825,0.0,6.904827586206896,0.0,,,100,100
726,0.21,sn_kjContinuousBeta_sigmoid,30,5,BebmS (Blind),3,0.23630802987854133,0.9727946127946128,135.15197587807972,0.408013468013468,0.0,11.419310344827586,0.41721854304635764,,2.0,100,100
726,0.21,sn_kjContinuousBeta_sigmoid,30,5,Random Guessing,3,0.23630802987854133,0.9727946127946128,0.0,0.47728356074360123,0.003661415572689546,53.384827586206896,5.9072847682119205,,2.0,100,100
726,0.21,sn_kjContinuousBeta_sigmoid,30,5,SuStaIn (GMM),3,0.23630802987854133,0.9727946127946128,801.1600033005078,0.427003367003367,0.08272855174014321,15.500689655172414,43.58278145695364,,,100,100
726,0.21,sn_kjContinuousBeta_sigmoid,30,5,SuStaIn (KDE),3,0.23630802987854133,0.9727946127946128,355.46624402602515,0.32053872053872057,-0.001712710916128248,11.515862068965518,17.509933774834437,,,100,100
726,0.21,sn_kjContinuousBeta_sigmoid,31,5,BebmS,3,0.07381554996038604,0.7344187752108544,87.15704057216644,0.36505050505050507,0.22496877377612734,10.491034482758621,0.0,,,100,100
726,0.21,sn_kjContinuousBeta_sigmoid,31,5,BebmS (Blind),3,0.07381554996038604,0.7344187752108544,135.0735932946205,0.35225589225589227,0.14301915169519094,10.873103448275861,0.17880794701986755,,0.0,100,100
726,0.21,sn_kjContinuousBeta_sigmoid,31,5,Random Guessing,3,0.07381554996038604,0.7344187752108544,0.0,0.5072172697945619,0.0006483336974885655,52.371034482758624,6.443708609271523,,0.0,100,100
726,0.21,sn_kjContinuousBeta_sigmoid,31,5,SuStaIn (GMM),3,0.07381554996038604,0.7344187752108544,391.47823475996654,0.3750841750841751,0.7904073589533168,15.220689655172414,41.80794701986755,,,100,100
726,0.21,sn_kjContinuousBeta_sigmoid,31,5,SuStaIn (KDE),3,0.07381554996038604,0.7344187752108544,259.02000662485756,0.31003367003367005,0.26556297124999445,12.353103448275862,17.14569536423841,,,100,100
726,0.21,sn_kjContinuousBeta_sigmoid,32,5,BebmS,3,0.33317818750711947,0.9818621862186219,70.44007258017858,0.3964983164983165,0.0,7.480716253443526,0.16666666666666666,,,100,100
726,0.21,sn_kjContinuousBeta_sigmoid,32,5,BebmS (Blind),3,0.33317818750711947,0.9818621862186219,87.51636143922806,0.40861952861952866,-0.05166178556872388,10.24931129476584,0.47333333333333333,,1.0,100,100
726,0.21,sn_kjContinuousBeta_sigmoid,32,5,Random Guessing,3,0.33317818750711947,0.9818621862186219,0.0,0.4955390043163776,0.0013267855545380188,52.18870523415978,6.193333333333333,,1.0,100,100
726,0.21,sn_kjContinuousBeta_sigmoid,32,5,SuStaIn (GMM),3,0.33317818750711947,0.9818621862186219,219.3571694890658,0.4139393939393939,0.042438580160043884,17.66253443526171,45.36666666666667,,,100,100
726,0.21,sn_kjContinuousBeta_sigmoid,32,5,SuStaIn (KDE),3,0.33317818750711947,0.9818621862186219,235.92806403239567,0.3336026936026936,-0.0011327119020564686,13.176308539944904,20.36,,,100,100
726,0.21,sn_kjContinuousBeta_sigmoid,33,5,BebmS,3,0.07341638178087055,0.722932293229323,82.33138519922892,0.36592592592592593,0.6099009092773671,11.04551724137931,0.0,,,100,100
726,0.21,sn_kjContinuousBeta_sigmoid,33,5,BebmS (Blind),3,0.07341638178087055,0.722932293229323,100.29454763730367,0.38693602693602697,0.45061607942566145,11.223448275862069,0.2847682119205298,,3.0,100,100
726,0.21,sn_kjContinuousBeta_sigmoid,33,5,Random Guessing,3,0.07341638178087055,0.722932293229323,0.0,0.4799291848750718,0.00036421433929536347,52.95724137931035,6.052980132450331,,3.0,100,100
726,0.21,sn_kjContinuousBeta_sigmoid,33,5,SuStaIn (GMM),3,0.07341638178087055,0.722932293229323,655.2443131248157,0.4098316498316498,0.7608323652864509,16.928275862068965,44.728476821192054,,,100,100
726,0.21,sn_kjContinuousBeta_sigmoid,33,5,SuStaIn (KDE),3,0.07341638178087055,0.722932293229323,590.5145773410798,0.3628956228956229,0.11044607517348537,14.008275862068965,19.443708609271525,,,100,100
726,0.21,sn_kjContinuousBeta_sigmoid,34,5,BebmS,3,0.4220933082287089,0.9871907190719071,140.57967491944632,0.4130639730639731,0.0,9.686896551724137,0.006622516556291391,,,100,100
726,0.21,sn_kjContinuousBeta_sigmoid,34,5,BebmS (Blind),3,0.4220933082287089,0.9871907190719071,173.43056472142538,0.3890909090909091,0.0,7.753103448275862,0.7350993377483444,,1.0,100,100
726,0.21,sn_kjContinuousBeta_sigmoid,34,5,Random Guessing,3,0.4220933082287089,0.9871907190719071,0.0,0.4876768193003116,0.0006292295169855797,52.21655172413793,5.728476821192053,,1.0,100,100
726,0.21,sn_kjContinuousBeta_sigmoid,34,5,SuStaIn (GMM),3,0.4220933082287089,0.9871907190719071,1073.696004561583,0.35858585858585856,0.0010311442019290166,15.888275862068966,45.10596026490066,,,100,100
726,0.21,sn_kjContinuousBeta_sigmoid,34,5,SuStaIn (KDE),3,0.4220933082287089,0.9871907190719071,288.37709408601125,0.2942760942760943,-0.0024070823542913307,12.424827586206897,18.43046357615894,,,100,100
726,0.21,sn_kjContinuousBeta_sigmoid,35,5,BebmS,3,0.03832040495960953,0.493007967463413,113.68480711778005,0.3377777777777778,0.5328585303536897,9.545454545454545,0.18666666666666668,,,100,100
726,0.21,sn_kjContinuousBeta_sigmoid,35,5,BebmS (Blind),3,0.03832040495960953,0.493007967463413,134.48091430266697,0.36767676767676766,0.5210697542017174,12.185950413223141,0.15333333333333332,,3.0,100,100
726,0.21,sn_kjContinuousBeta_sigmoid,35,5,Random Guessing,3,0.03832040495960953,0.493007967463413,0.0,0.4875867845984761,0.0011258761233174034,52.55509641873278,6.273333333333333,,3.0,100,100
726,0.21,sn_kjContinuousBeta_sigmoid,35,5,SuStaIn (GMM),3,0.03832040495960953,0.493007967463413,731.4025120337805,0.3381818181818182,0.96324288875804,17.392561983471076,45.98,,,100,100
726,0.21,sn_kjContinuousBeta_sigmoid,35,5,SuStaIn (KDE),3,0.03832040495960953,0.493007967463413,373.5571442802747,0.29205387205387207,0.5219093219004942,14.775482093663912,22.28,,,100,100
726,0.21,sn_kjContinuousBeta_sigmoid,36,5,BebmS,3,0.2985227609167566,0.9764483114978164,112.41366406281789,0.4094949494949495,-0.008482256278425955,7.397241379310345,0.019867549668874173,,,100,100
726,0.21,sn_kjContinuousBeta_sigmoid,36,5,BebmS (Blind),3,0.2985227609167566,0.9764483114978164,134.76950491666793,0.3830976430976431,-0.008593874492119557,5.729655172413793,0.11920529801324503,,1.0,100,100
726,0.21,sn_kjContinuousBeta_sigmoid,36,5,Random Guessing,3,0.2985227609167566,0.9764483114978164,0.0,0.5142893886155422,0.002701359088512062,53.08827586206897,6.112582781456954,,1.0,100,100
726,0.21,sn_kjContinuousBeta_sigmoid,36,5,SuStaIn (GMM),3,0.2985227609167566,0.9764483114978164,827.0619026780129,0.4540740740740741,0.16364458382456196,20.63586206896552,54.00662251655629,,,100,100
726,0.21,sn_kjContinuousBeta_sigmoid,36,5,SuStaIn (KDE),3,0.2985227609167566,0.9764483114978164,320.8176409482956,0.3453198653198653,0.01068163948001877,11.10344827586207,18.794701986754966,,,100,100
726,0.21,sn_kjContinuousBeta_sigmoid,37,5,BebmS,3,0.4785468640015671,0.9898683201653499,70.35358558893203,0.46154882154882154,0.0,13.111724137931034,0.2119205298013245,,,100,100
726,0.21,sn_kjContinuousBeta_sigmoid,37,5,BebmS (Blind),3,0.4785468640015671,0.9898683201653499,84.47704481283823,0.4177777777777778,0.0,12.107586206896551,0.23841059602649006,,2.0,100,100
726,0.21,sn_kjContinuousBeta_sigmoid,37,5,Random Guessing,3,0.4785468640015671,0.9898683201653499,0.0,0.48339718475028554,-0.00225761099586942,52.69655172413793,5.894039735099338,,2.0,100,100
726,0.21,sn_kjContinuousBeta_sigmoid,37,5,SuStaIn (GMM),3,0.4785468640015671,0.9898683201653499,158.938003718853,0.37690235690235685,0.009239940381354613,13.693793103448275,41.62251655629139,,,100,100
726,0.21,sn_kjContinuousBeta_sigmoid,37,5,SuStaIn (KDE),3,0.4785468640015671,0.9898683201653499,214.8462858835856,0.337037037037037,-0.002698318066773588,13.83448275862069,22.60927152317881,,,100,100
726,0.21,sn_kjContinuousBeta_sigmoid,38,5,BebmS,3,0.23775729469959106,0.9574010734406774,73.09901525576909,0.395959595959596,0.0,6.660689655172414,0.019867549668874173,,,100,100
726,0.21,sn_kjContinuousBeta_sigmoid,38,5,BebmS (Blind),3,0.23775729469959106,0.9574010734406774,99.74040258725485,0.38437710437710443,0.0,9.32551724137931,0.152317880794702,,0.0,100,100
726,0.21,sn_kjContinuousBeta_sigmoid,38,5,Random Guessing,3,0.23775729469959106,0.9574010734406774,0.0,0.5014712629658833,-0.0013378937445445362,53.628965517241376,6.172185430463577,,0.0,100,100
726,0.21,sn_kjContinuousBeta_sigmoid,38,5,SuStaIn (GMM),3,0.23775729469959106,0.9574010734406774,403.94560528993605,0.34457912457912454,0.07478536239746798,15.08551724137931,43.62251655629139,,,100,100
726,0.21,sn_kjContinuousBeta_sigmoid,38,5,SuStaIn (KDE),3,0.23775729469959106,0.9574010734406774,283.8859478791555,0.36505050505050507,0.009521061353979593,13.620689655172415,21.205298013245034,,,100,100
726,0.21,sn_kjContinuousBeta_sigmoid,39,5,BebmS,3,0.32866121980044977,0.9809047571423809,71.49754988352457,0.4035690235690235,0.03239907095805525,13.775482093663912,0.03333333333333333,,,100,100
726,0.21,sn_kjContinuousBeta_sigmoid,39,5,BebmS (Blind),3,0.32866121980044977,0.9809047571423809,90.10250864426295,0.38296296296296295,0.0,9.026170798898072,0.08666666666666667,,1.0,100,100
726,0.21,sn_kjContinuousBeta_sigmoid,39,5,Random Guessing,3,0.32866121980044977,0.9809047571423809,0.0,0.5105426440722699,-0.0020710398906952374,52.95316804407714,6.7,,1.0,100,100
726,0.21,sn_kjContinuousBeta_sigmoid,39,5,SuStaIn (GMM),3,0.32866121980044977,0.9809047571423809,710.5606614033381,0.45811447811447814,0.12748673824360035,17.509641873278238,46.06,,,100,100
726,0.21,sn_kjContinuousBeta_sigmoid,39,5,SuStaIn (KDE),3,0.32866121980044977,0.9809047571423809,471.3226679642995,0.30511784511784507,0.00840422376499111,12.679063360881543,18.273333333333333,,,100,100
726,0.21,sn_kjContinuousBeta_sigmoid,40,5,BebmS,3,0.052720090005527194,0.6588245491215788,67.99313553571702,0.3354882154882155,0.40488888674976364,9.695172413793104,0.059602649006622516,,,100,100
726,0.21,sn_kjContinuousBeta_sigmoid,40,5,BebmS (Blind),3,0.052720090005527194,0.6588245491215788,84.52262445290883,0.3492255892255893,0.24410310760750023,9.446896551724137,0.2582781456953642,,2.0,100,100
726,0.21,sn_kjContinuousBeta_sigmoid,40,5,Random Guessing,3,0.052720090005527194,0.6588245491215788,0.0,0.4808829844302194,-5.9620576293023456e-05,52.88275862068966,6.417218543046357,,2.0,100,100
726,0.21,sn_kjContinuousBeta_sigmoid,40,5,SuStaIn (GMM),3,0.052720090005527194,0.6588245491215788,584.8095691919327,0.4029629629629629,0.5962400044582634,16.66758620689655,46.688741721854306,,,100,100
726,0.21,sn_kjContinuousBeta_sigmoid,40,5,SuStaIn (KDE),3,0.052720090005527194,0.6588245491215788,570.523847746849,0.3148148148148148,0.20065235255505096,12.667586206896551,18.748344370860927,,,100,100
726,0.21,sn_kjContinuousBeta_sigmoid,41,5,BebmS,3,0.33834202528939805,0.9817928459512618,70.29655232826869,0.38747474747474747,0.01550700743857597,7.802758620689655,0.02666666666666667,,,100,100
726,0.21,sn_kjContinuousBeta_sigmoid,41,5,BebmS (Blind),3,0.33834202528939805,0.9817928459512618,86.06996687253316,0.3835690235690235,0.0003506689453746538,7.068965517241379,0.46,,0.0,100,100
726,0.21,sn_kjContinuousBeta_sigmoid,41,5,Random Guessing,3,0.33834202528939805,0.9817928459512618,0.0,0.4897858269111601,-0.0001500908897523153,52.078620689655175,6.2,,0.0,100,100
726,0.21,sn_kjContinuousBeta_sigmoid,41,5,SuStaIn (GMM),3,0.33834202528939805,0.9817928459512618,285.6441185394923,0.39764309764309763,0.02749742573045373,13.995862068965517,38.78,,,100,100
726,0.21,sn_kjContinuousBeta_sigmoid,41,5,SuStaIn (KDE),3,0.33834202528939805,0.9817928459512618,290.3044691681862,0.34242424242424246,1.9419317135748853e-05,12.897931034482758,20.106666666666666,,,100,100
726,0.21,sn_kjContinuousBeta_sigmoid,42,5,BebmS,3,0.44378284871109086,0.9916845017835116,70.02978340387344,0.39797979797979793,0.0,6.176308539944904,0.006622516556291391,,,100,100
726,0.21,sn_kjContinuousBeta_sigmoid,42,5,BebmS (Blind),3,0.44378284871109086,0.9916845017835116,85.23831357955933,0.32794612794612793,0.006642139422214805,6.263085399449036,0.13245033112582782,,2.0,100,100
726,0.21,sn_kjContinuousBeta_sigmoid,42,5,Random Guessing,3,0.44378284871109086,0.9916845017835116,0.0,0.5048350846775834,-0.0015298682648542897,52.14876033057851,6.264900662251655,,2.0,100,100
726,0.21,sn_kjContinuousBeta_sigmoid,42,5,SuStaIn (GMM),3,0.44378284871109086,0.9916845017835116,443.1365402897199,0.3742087542087542,-6.54094588314125e-05,12.902203856749312,40.258278145695364,,,100,100
726,0.21,sn_kjContinuousBeta_sigmoid,42,5,SuStaIn (KDE),3,0.44378284871109086,0.9916845017835116,502.77145082155863,0.30969696969696975,-4.94917592409592e-05,11.836088154269973,19.225165562913908,,,100,100
726,0.21,sn_kjContinuousBeta_sigmoid,43,5,BebmS,3,0.014457228034639433,0.42583858385838586,71.45876922607422,0.2047138047138047,0.9752038276060665,4.6088154269972454,0.0,,,100,100
726,0.21,sn_kjContinuousBeta_sigmoid,43,5,BebmS (Blind),3,0.014457228034639433,0.42583858385838586,99.35046769777934,0.23313131313131308,0.9515545974889991,4.107438016528926,1.1324503311258278,,1.0,100,100
726,0.21,sn_kjContinuousBeta_sigmoid,43,5,Random Guessing,3,0.014457228034639433,0.42583858385838586,0.0,0.47931830942682246,-0.0016672607811641824,52.33884297520661,5.774834437086093,,1.0,100,100
726,0.21,sn_kjContinuousBeta_sigmoid,43,5,SuStaIn (GMM),3,0.014457228034639433,0.42583858385838586,434.26324431498847,0.359057239057239,0.9464329753220279,15.618457300275482,46.311258278145694,,,100,100
726,0.21,sn_kjContinuousBeta_sigmoid,43,5,SuStaIn (KDE),3,0.014457228034639433,0.42583858385838586,241.2847017844518,0.2758249158249158,0.6627491475917422,11.683195592286502,19.735099337748345,,,100,100
726,0.21,sn_kjContinuousBeta_sigmoid,44,5,BebmS,3,0.22181504816644593,0.9536246958029136,69.7241733431816,0.435016835016835,0.0,10.315862068965517,0.0,,,100,100
726,0.21,sn_kjContinuousBeta_sigmoid,44,5,BebmS (Blind),3,0.22181504816644593,0.9536246958029136,84.65999306837718,0.40727272727272723,0.0,12.408275862068965,0.28,,1.0,100,100
726,0.21,sn_kjContinuousBeta_sigmoid,44,5,Random Guessing,3,0.22181504816644593,0.9536246958029136,0.0,0.5019026412604632,-0.002820837448018561,52.928275862068965,5.86,,1.0,100,100
726,0.21,sn_kjContinuousBeta_sigmoid,44,5,SuStaIn (GMM),3,0.22181504816644593,0.9536246958029136,594.2872856219609,0.4022895622895623,0.5309462709139694,17.035862068965518,43.92,,,100,100
726,0.21,sn_kjContinuousBeta_sigmoid,44,5,SuStaIn (KDE),3,0.22181504816644593,0.9536246958029136,555.5532375772794,0.2969023569023569,0.008956656261632962,11.764137931034483,19.22,,,100,100
726,0.21,sn_kjContinuousBeta_sigmoid,45,5,BebmS,3,0.3627777780321398,0.9791712504583792,81.28601189851761,0.3940740740740741,0.0,11.078512396694215,0.18,,,100,100
726,0.21,sn_kjContinuousBeta_sigmoid,45,5,BebmS (Blind),3,0.3627777780321398,0.9791712504583792,100.46293414831162,0.37925925925925924,0.0,6.400826446280992,0.22666666666666666,,2.0,100,100
726,0.21,sn_kjContinuousBeta_sigmoid,45,5,Random Guessing,3,0.3627777780321398,0.9791712504583792,0.0,0.4924573089798714,0.001479522402967192,54.08539944903581,5.833333333333333,,2.0,100,100
726,0.21,sn_kjContinuousBeta_sigmoid,45,5,SuStaIn (GMM),3,0.3627777780321398,0.9791712504583792,236.62130757570267,0.3639057239057239,0.0016848423974313797,14.847107438016529,43.71333333333333,,,100,100
726,0.21,sn_kjContinuousBeta_sigmoid,45,5,SuStaIn (KDE),3,0.3627777780321398,0.9791712504583792,247.058032310009,0.34619528619528617,0.01477916225421873,14.081267217630854,22.526666666666667,,,100,100
726,0.21,sn_kjContinuousBeta_sigmoid,46,5,BebmS,3,0.02361477352134418,0.4248998233156649,220.03547017574311,0.2548821548821549,0.7809274140852497,5.3292011019283745,0.019867549668874173,,,100,100
726,0.21,sn_kjContinuousBeta_sigmoid,46,5,BebmS (Blind),3,0.02361477352134418,0.4248998233156649,243.91199454863866,0.403030303030303,0.34731515289091336,12.53581267217631,1.1258278145695364,,1.0,100,100
726,0.21,sn_kjContinuousBeta_sigmoid,46,5,Random Guessing,3,0.02361477352134418,0.4248998233156649,0.0,0.4841587845870881,0.007227205666140585,52.66391184573003,6.211920529801325,,1.0,100,100
726,0.21,sn_kjContinuousBeta_sigmoid,46,5,SuStaIn (GMM),3,0.02361477352134418,0.4248998233156649,941.0161827802658,0.4198653198653199,0.9156345047805402,16.6900826446281,44.152317880794705,,,100,100
726,0.21,sn_kjContinuousBeta_sigmoid,46,5,SuStaIn (KDE),3,0.02361477352134418,0.4248998233156649,1357.3286526401837,0.3057912457912458,0.3753259025110813,14.377410468319558,23.748344370860927,,,100,100
726,0.21,sn_kjContinuousBeta_sigmoid,47,5,BebmS,3,0.3560570396944076,0.9831956528986232,70.55968499183655,0.4136700336700337,0.0008615275664870439,11.652892561983471,0.08,,,100,100
726,0.21,sn_kjContinuousBeta_sigmoid,47,5,BebmS (Blind),3,0.3560570396944076,0.9831956528986232,86.7775184392929,0.41259259259259257,0.0,13.389807162534435,1.0066666666666666,,0.0,100,100
726,0.21,sn_kjContinuousBeta_sigmoid,47,5,Random Guessing,3,0.3560570396944076,0.9831956528986232,0.0,0.504441883651168,-0.0012444303319582963,53.549586776859506,6.013333333333334,,0.0,100,100
726,0.21,sn_kjContinuousBeta_sigmoid,47,5,SuStaIn (GMM),3,0.3560570396944076,0.9831956528986232,109.2765055656433,0.37097643097643096,0.014297984706062937,15.198347107438016,42.77333333333333,,,100,100
726,0.21,sn_kjContinuousBeta_sigmoid,47,5,SuStaIn (KDE),3,0.3560570396944076,0.9831956528986232,120.6807722290357,0.3630976430976431,0.010593227742839504,14.180440771349863,22.02,,,100,100
726,0.21,sn_kjContinuousBeta_sigmoid,48,5,BebmS,3,0.17480801511462216,0.922976297629763,69.74099385738373,0.4068013468013468,0.0,10.78374655647383,0.013333333333333334,,,100,100
726,0.21,sn_kjContinuousBeta_sigmoid,48,5,BebmS (Blind),3,0.17480801511462216,0.922976297629763,83.71941234668095,0.3861952861952862,0.0,5.958677685950414,0.4,,1.0,100,100
726,0.21,sn_kjContinuousBeta_sigmoid,48,5,Random Guessing,3,0.17480801511462216,0.922976297629763,0.0,0.4945410626690741,0.000545735524655393,52.070247933884296,5.793333333333333,,1.0,100,100
726,0.21,sn_kjContinuousBeta_sigmoid,48,5,SuStaIn (GMM),3,0.17480801511462216,0.922976297629763,180.166943915685,0.41912457912457907,0.6547905617058613,17.33884297520661,44.96666666666667,,,100,100
726,0.21,sn_kjContinuousBeta_sigmoid,48,5,SuStaIn (KDE),3,0.17480801511462216,0.922976297629763,205.8963750998179,0.3375084175084175,-0.00029859609870026,12.37603305785124,18.84,,,100,100
726,0.21,sn_kjContinuousBeta_sigmoid,49,5,BebmS,3,0.05665362088111554,0.6045204520452045,113.82653966347377,0.31191919191919193,0.5960001421602397,5.303448275862069,0.039735099337748346,,,100,100
726,0.21,sn_kjContinuousBeta_sigmoid,49,5,BebmS (Blind),3,0.05665362088111554,0.6045204520452045,142.8415678660075,0.4285521885521886,0.0,13.336551724137932,0.23841059602649006,,2.0,100,100
726,0.21,sn_kjContinuousBeta_sigmoid,49,5,Random Guessing,3,0.05665362088111554,0.6045204520452045,0.0,0.49247671866162007,-0.0019332715731805955,52.644137931034486,6.086092715231788,,2.0,100,100
726,0.21,sn_kjContinuousBeta_sigmoid,49,5,SuStaIn (GMM),3,0.05665362088111554,0.6045204520452045,633.2770343621572,0.3711111111111111,0.9075021546543813,12.828965517241379,37.675496688741724,,,100,100
726,0.21,sn_kjContinuousBeta_sigmoid,49,5,SuStaIn (KDE),3,0.05665362088111554,0.6045204520452045,521.1044182737668,0.28114478114478114,0.41052718287387435,10.835862068965517,16.70198675496689,,,100,100
726,0.21,sn_kjContinuousBeta_xnjNonNormal,0,7,BebmS,3,0.19214474631840547,0.9518378504517119,109.02031593322754,0.39663299663299667,0.0,10.437241379310345,0.0,,,100,100
726,0.21,sn_kjContinuousBeta_xnjNonNormal,0,7,BebmS (Blind),3,0.19214474631840547,0.9518378504517119,116.41518284479777,0.36727272727272725,0.0,7.517241379310345,1.304635761589404,,0.0,100,100
726,0.21,sn_kjContinuousBeta_xnjNonNormal,0,7,Random Guessing,3,0.19214474631840547,0.9518378504517119,0.0,0.5019740425025653,0.006132366208019545,52.54206896551724,5.801324503311259,,0.0,100,100
726,0.21,sn_kjContinuousBeta_xnjNonNormal,0,7,SuStaIn (GMM),3,0.19214474631840547,0.9518378504517119,262.1627210299174,0.46787878787878795,0.005469462678265545,17.76,47.01324503311258,,,100,100
726,0.21,sn_kjContinuousBeta_xnjNonNormal,0,7,SuStaIn (KDE),3,0.19214474631840547,0.9518378504517119,317.6659275054932,0.3741414141414141,-0.0005905091289662473,14.36551724137931,37.152317880794705,,,100,100
726,0.21,sn_kjContinuousBeta_xnjNonNormal,1,7,BebmS,3,0.20362039816725078,0.9621775510884422,70.9244612455368,0.4198653198653199,-0.00023726340762142122,9.29103448275862,0.0728476821192053,,,100,100
726,0.21,sn_kjContinuousBeta_xnjNonNormal,1,7,BebmS (Blind),3,0.20362039816725078,0.9621775510884422,87.43306851387024,0.41205387205387206,0.0,7.517241379310345,0.5364238410596026,,2.0,100,100
726,0.21,sn_kjContinuousBeta_xnjNonNormal,1,7,Random Guessing,3,0.20362039816725078,0.9621775510884422,0.0,0.49922896167758407,0.0025605621086059243,53.74344827586207,6.2052980132450335,,2.0,100,100
726,0.21,sn_kjContinuousBeta_xnjNonNormal,1,7,SuStaIn (GMM),3,0.20362039816725078,0.9621775510884422,127.80141785939534,0.5257912457912458,0.0016535212557829112,19.517241379310345,49.3046357615894,,,100,100
726,0.21,sn_kjContinuousBeta_xnjNonNormal,1,7,SuStaIn (KDE),3,0.20362039816725078,0.9621775510884422,135.81246106227238,0.4593939393939394,0.0003162491580577564,15.364137931034483,33.29139072847682,,,100,100
726,0.21,sn_kjContinuousBeta_xnjNonNormal,2,7,BebmS,3,0.22825651893588594,0.9601746841350802,71.58199885686238,0.4008080808080808,-0.0016515947719858944,14.04551724137931,0.16556291390728478,,,100,100
726,0.21,sn_kjContinuousBeta_xnjNonNormal,2,7,BebmS (Blind),3,0.22825651893588594,0.9601746841350802,101.18701949516932,0.41737373737373734,0.0,9.73103448275862,2.0927152317880795,,0.0,100,100
726,0.21,sn_kjContinuousBeta_xnjNonNormal,2,7,Random Guessing,3,0.22825651893588594,0.9601746841350802,0.0,0.48510373815473146,-0.002371850507832208,52.43724137931034,5.814569536423841,,0.0,100,100
726,0.21,sn_kjContinuousBeta_xnjNonNormal,2,7,SuStaIn (GMM),3,0.22825651893588594,0.9601746841350802,470.02758370637895,0.4958249158249159,0.002832466765436345,17.71448275862069,48.35099337748344,,,100,100
726,0.21,sn_kjContinuousBeta_xnjNonNormal,2,7,SuStaIn (KDE),3,0.22825651893588594,0.9601746841350802,561.1055063843727,0.3377104377104377,0.0007479153275759428,11.899310344827587,26.125827814569536,,,100,100
726,0.21,sn_kjContinuousBeta_xnjNonNormal,3,7,BebmS,3,0.0583148052362823,0.6535360202686935,68.39478937784831,0.3569023569023569,0.5650804296997015,7.794482758620689,0.06666666666666667,,,100,100
726,0.21,sn_kjContinuousBeta_xnjNonNormal,3,7,BebmS (Blind),3,0.0583148052362823,0.6535360202686935,84.40280711253484,0.35555555555555557,-0.00730433955856521,12.944827586206896,1.0933333333333333,,3.0,100,100
726,0.21,sn_kjContinuousBeta_xnjNonNormal,3,7,Random Guessing,3,0.0583148052362823,0.6535360202686935,0.0,0.4769246946397867,-0.002223943007631147,52.528275862068966,6.126666666666667,,3.0,100,100
726,0.21,sn_kjContinuousBeta_xnjNonNormal,3,7,SuStaIn (GMM),3,0.0583148052362823,0.6535360202686935,505.41033113797505,0.46303030303030307,0.13852241641293384,17.50344827586207,45.766666666666666,,,100,100
726,0.21,sn_kjContinuousBeta_xnjNonNormal,3,7,SuStaIn (KDE),3,0.0583148052362823,0.6535360202686935,578.6849929610888,0.4472053872053872,0.03539556229445932,14.808275862068966,32.986666666666665,,,100,100
726,0.21,sn_kjContinuousBeta_xnjNonNormal,4,7,BebmS,3,0.08873540285879002,0.7707664099743308,68.67676409085591,0.3967676767676768,0.0028714112429229425,7.9944827586206895,0.019867549668874173,,,100,100
726,0.21,sn_kjContinuousBeta_xnjNonNormal,4,7,BebmS (Blind),3,0.08873540285879002,0.7707664099743308,83.20178124507268,0.37925925925925924,0.050999687064786844,11.184827586206897,1.0662251655629138,,2.0,100,100
726,0.21,sn_kjContinuousBeta_xnjNonNormal,4,7,Random Guessing,3,0.08873540285879002,0.7707664099743308,0.0,0.50306409423998,-0.0023634695825492163,52.08827586206897,6.158940397350993,,2.0,100,100
726,0.21,sn_kjContinuousBeta_xnjNonNormal,4,7,SuStaIn (GMM),3,0.08873540285879002,0.7707664099743308,497.559516175588,0.4914478114478114,0.2391107550950657,21.29241379310345,55.47019867549669,,,100,100
726,0.21,sn_kjContinuousBeta_xnjNonNormal,4,7,SuStaIn (KDE),3,0.08873540285879002,0.7707664099743308,527.8535911083221,0.4718518518518519,0.02199027143586927,15.875862068965517,35.205298013245034,,,100,100
726,0.21,sn_kjContinuousBeta_xnjNonNormal,5,7,BebmS,3,0.3063283949555105,0.9788725539220589,69.08333387374878,0.3738047138047138,0.0003930354485872798,10.90495867768595,0.0,,,100,100
726,0.21,sn_kjContinuousBeta_xnjNonNormal,5,7,BebmS (Blind),3,0.3063283949555105,0.9788725539220589,84.2879223426183,0.43373737373737375,0.0005148655437547208,12.21900826446281,2.546666666666667,,3.0,100,100
726,0.21,sn_kjContinuousBeta_xnjNonNormal,5,7,Random Guessing,3,0.3063283949555105,0.9788725539220589,0.0,0.4877533355097589,0.000957524217033338,52.99173553719008,6.8533333333333335,,3.0,100,100
726,0.21,sn_kjContinuousBeta_xnjNonNormal,5,7,SuStaIn (GMM),3,0.3063283949555105,0.9788725539220589,486.26048853397367,0.41164983164983165,0.021873797362006085,16.133608815426996,45.56,,,100,100
726,0.21,sn_kjContinuousBeta_xnjNonNormal,5,7,SuStaIn (KDE),3,0.3063283949555105,0.9788725539220589,514.3997591813405,0.4287542087542087,-0.0006529666823266108,13.260330578512397,25.28,,,100,100
726,0.21,sn_kjContinuousBeta_xnjNonNormal,6,7,BebmS,3,0.17325763163836042,0.9313958062472913,104.50908262332281,0.41279461279461277,0.0,9.27961432506887,0.11920529801324503,,,100,100
726,0.21,sn_kjContinuousBeta_xnjNonNormal,6,7,BebmS (Blind),3,0.17325763163836042,0.9313958062472913,130.7361441453298,0.3884175084175084,-0.003157750170105894,9.037190082644628,1.8278145695364238,,1.0,100,100
726,0.21,sn_kjContinuousBeta_xnjNonNormal,6,7,Random Guessing,3,0.17325763163836042,0.9313958062472913,0.0,0.49815963530383606,-0.0012385636234970648,52.91184573002755,6.158940397350993,,1.0,100,100
726,0.21,sn_kjContinuousBeta_xnjNonNormal,6,7,SuStaIn (GMM),3,0.17325763163836042,0.9313958062472913,252.10840468406678,0.40404040404040403,0.0005448260867792088,18.65564738292011,44.615894039735096,,,100,100
726,0.21,sn_kjContinuousBeta_xnjNonNormal,6,7,SuStaIn (KDE),3,0.17325763163836042,0.9313958062472913,289.7603186647097,0.41003367003367003,0.0022367196799775446,12.245179063360881,25.04635761589404,,,100,100
726,0.21,sn_kjContinuousBeta_xnjNonNormal,7,7,BebmS,3,0.07269089231452404,0.7295889588958896,69.60240867932637,0.30794612794612797,0.48867701094936566,5.8911845730027546,0.14666666666666667,,,100,100
726,0.21,sn_kjContinuousBeta_xnjNonNormal,7,7,BebmS (Blind),3,0.07269089231452404,0.7295889588958896,85.42580578724544,0.3902356902356902,0.0003823314174120362,7.6652892561983474,2.08,,1.0,100,100
726,0.21,sn_kjContinuousBeta_xnjNonNormal,7,7,Random Guessing,3,0.07269089231452404,0.7295889588958896,0.0,0.4986027635118293,0.002037719770435337,52.96969696969697,6.02,,1.0,100,100
726,0.21,sn_kjContinuousBeta_xnjNonNormal,7,7,SuStaIn (GMM),3,0.07269089231452404,0.7295889588958896,525.9927642424901,0.46565656565656566,0.049268532639688035,17.28374655647383,45.81333333333333,,,100,100
726,0.21,sn_kjContinuousBeta_xnjNonNormal,7,7,SuStaIn (KDE),3,0.07269089231452404,0.7295889588958896,513.9716493209203,0.44424242424242427,0.17429770548510246,14.960055096418733,32.08,,,100,100
726,0.21,sn_kjContinuousBeta_xnjNonNormal,8,7,BebmS,3,0.10576816261115546,0.8587458745874588,69.45329492092132,0.41030303030303034,0.2867621298668975,10.361379310344828,0.31788079470198677,,,100,100
726,0.21,sn_kjContinuousBeta_xnjNonNormal,8,7,BebmS (Blind),3,0.10576816261115546,0.8587458745874588,86.31307708024978,0.36909090909090914,-0.001486575133236948,8.18206896551724,0.5960264900662252,,2.0,100,100
726,0.21,sn_kjContinuousBeta_xnjNonNormal,8,7,Random Guessing,3,0.10576816261115546,0.8587458745874588,0.0,0.504983991529082,-0.0003790682270954253,52.98620689655172,6.635761589403973,,2.0,100,100
726,0.21,sn_kjContinuousBeta_xnjNonNormal,8,7,SuStaIn (GMM),3,0.10576816261115546,0.8587458745874588,484.2706447203954,0.4586531986531987,0.05472844963822068,17.97241379310345,50.23841059602649,,,100,100
726,0.21,sn_kjContinuousBeta_xnjNonNormal,8,7,SuStaIn (KDE),3,0.10576816261115546,0.8587458745874588,521.0424616654714,0.4575084175084175,-0.0019893988400559496,15.766896551724138,32.443708609271525,,,100,100
726,0.21,sn_kjContinuousBeta_xnjNonNormal,9,7,BebmS,3,0.11655517269235262,0.8759049238257159,69.94909828503927,0.38552188552188554,0.07781378705115397,9.37465564738292,0.1986754966887417,,,100,100
726,0.21,sn_kjContinuousBeta_xnjNonNormal,9,7,BebmS (Blind),3,0.11655517269235262,0.8759049238257159,84.81837072769801,0.4049158249158249,0.012701526557203833,8.349862258953168,1.1390728476821192,,1.0,100,100
726,0.21,sn_kjContinuousBeta_xnjNonNormal,9,7,Random Guessing,3,0.11655517269235262,0.8759049238257159,0.0,0.5036055541244786,-0.002664741768821777,52.89531680440771,6.152317880794702,,1.0,100,100
726,0.21,sn_kjContinuousBeta_xnjNonNormal,9,7,SuStaIn (GMM),3,0.11655517269235262,0.8759049238257159,194.02900002002715,0.4943434343434343,0.1245851179277421,17.957300275482094,43.99337748344371,,,100,100
726,0.21,sn_kjContinuousBeta_xnjNonNormal,9,7,SuStaIn (KDE),3,0.11655517269235262,0.8759049238257159,247.13387290636697,0.43629629629629624,-0.0031712161520167695,14.111570247933884,27.132450331125828,,,100,100
726,0.21,sn_kjContinuousBeta_xnjNonNormal,10,7,BebmS,3,0.05707078026099322,0.641996199619962,69.18084504206975,0.3558922558922559,0.19035907246639971,9.02344827586207,0.0728476821192053,,,100,100
726,0.21,sn_kjContinuousBeta_xnjNonNormal,10,7,BebmS (Blind),3,0.05707078026099322,0.641996199619962,84.30959482590357,0.28545454545454546,0.5744507235374023,8.303448275862069,1.4701986754966887,,2.0,100,100
726,0.21,sn_kjContinuousBeta_xnjNonNormal,10,7,Random Guessing,3,0.05707078026099322,0.641996199619962,0.0,0.48578307363662737,-0.0015792771974505698,52.59724137931035,5.927152317880795,,2.0,100,100
726,0.21,sn_kjContinuousBeta_xnjNonNormal,10,7,SuStaIn (GMM),3,0.05707078026099322,0.641996199619962,1092.601717277368,0.445993265993266,0.18334696373564507,20.260689655172413,51.70860927152318,,,100,100
726,0.21,sn_kjContinuousBeta_xnjNonNormal,10,7,SuStaIn (KDE),3,0.05707078026099322,0.641996199619962,840.1069083293279,0.45508417508417515,0.012887463355864586,14.787586206896552,31.801324503311257,,,100,100
726,0.21,sn_kjContinuousBeta_xnjNonNormal,11,7,BebmS,3,0.39983507358442555,0.9860919425275861,69.67691116333008,0.3784511784511784,0.0018471873368557119,6.873278236914601,0.052980132450331126,,,100,100
726,0.21,sn_kjContinuousBeta_xnjNonNormal,11,7,BebmS (Blind),3,0.39983507358442555,0.9860919425275861,84.78281646172205,0.3917845117845118,-0.00034171834127837597,8.265840220385675,0.3576158940397351,,3.0,100,100
726,0.21,sn_kjContinuousBeta_xnjNonNormal,11,7,Random Guessing,3,0.39983507358442555,0.9860919425275861,0.0,0.4947097836521863,0.0002803227741358906,53.176308539944905,6.132450331125828,,3.0,100,100
726,0.21,sn_kjContinuousBeta_xnjNonNormal,11,7,SuStaIn (GMM),3,0.39983507358442555,0.9860919425275861,279.8402326186498,0.4604040404040404,0.0017120949323270178,18.077134986225897,50.01324503311258,,,100,100
726,0.21,sn_kjContinuousBeta_xnjNonNormal,11,7,SuStaIn (KDE),3,0.39983507358442555,0.9860919425275861,395.2511843681335,0.4348148148148148,9.048289225801866e-05,14.946280991735538,33.57615894039735,,,100,100
726,0.21,sn_kjContinuousBeta_xnjNonNormal,12,7,BebmS,3,0.39750126178302675,0.9876147614761476,81.92505608399709,0.38188552188552194,-0.0002651436068753918,6.536551724137931,0.03333333333333333,,,100,100
726,0.21,sn_kjContinuousBeta_xnjNonNormal,12,7,BebmS (Blind),3,0.39750126178302675,0.9876147614761476,100.30968134800592,0.43023569023569025,0.0,10.066206896551725,2.026666666666667,,2.0,100,100
726,0.21,sn_kjContinuousBeta_xnjNonNormal,12,7,Random Guessing,3,0.39750126178302675,0.9876147614761476,0.0,0.47500890269192775,0.00292977571019587,52.44827586206897,5.68,,2.0,100,100
726,0.21,sn_kjContinuousBeta_xnjNonNormal,12,7,SuStaIn (GMM),3,0.39750126178302675,0.9876147614761476,760.3609887242317,0.4268013468013468,0.011654479760127198,16.139310344827585,44.34,,,100,100
726,0.21,sn_kjContinuousBeta_xnjNonNormal,12,7,SuStaIn (KDE),3,0.39750126178302675,0.9876147614761476,607.9593332529068,0.388013468013468,0.003976622009741939,13.922758620689654,28.006666666666668,,,100,100
726,0.21,sn_kjContinuousBeta_xnjNonNormal,13,7,BebmS,3,0.45660113229041294,0.9887055372203887,74.48057249784469,0.3942760942760943,-0.0005791028418650227,8.485517241379311,0.0,,,100,100
726,0.21,sn_kjContinuousBeta_xnjNonNormal,13,7,BebmS (Blind),3,0.45660113229041294,0.9887055372203887,90.25367684364319,0.3997979797979798,0.00017870159549558437,7.76,2.1973684210526314,,1.0,100,100
726,0.21,sn_kjContinuousBeta_xnjNonNormal,13,7,Random Guessing,3,0.45660113229041294,0.9887055372203887,0.0,0.4904531704195032,-0.002217837193802028,52.39448275862069,6.25,,1.0,100,100
726,0.21,sn_kjContinuousBeta_xnjNonNormal,13,7,SuStaIn (GMM),3,0.45660113229041294,0.9887055372203887,340.00401972532273,0.48013468013468014,-0.0016768982032193574,18.57103448275862,48.44736842105263,,,100,100
726,0.21,sn_kjContinuousBeta_xnjNonNormal,13,7,SuStaIn (KDE),3,0.45660113229041294,0.9887055372203887,329.646034125487,0.45804713804713804,0.0019824895427192147,14.315862068965517,26.05921052631579,,,100,100
726,0.21,sn_kjContinuousBeta_xnjNonNormal,14,7,BebmS,3,0.40201574667265116,0.9891295796246291,69.03525209824244,0.3917845117845118,0.0,6.666206896551724,0.0,,,100,100
726,0.21,sn_kjContinuousBeta_xnjNonNormal,14,7,BebmS (Blind),3,0.40201574667265116,0.9891295796246291,96.48260621229808,0.4105050505050505,0.0,7.768275862068966,0.271523178807947,,1.0,100,100
726,0.21,sn_kjContinuousBeta_xnjNonNormal,14,7,Random Guessing,3,0.40201574667265116,0.9891295796246291,0.0,0.4958217854722075,-0.0016947937668797927,53.08,6.430463576158941,,1.0,100,100
726,0.21,sn_kjContinuousBeta_xnjNonNormal,14,7,SuStaIn (GMM),3,0.40201574667265116,0.9891295796246291,988.7752586126328,0.44875420875420874,0.006328502263533721,18.499310344827585,50.4635761589404,,,100,100
726,0.21,sn_kjContinuousBeta_xnjNonNormal,14,7,SuStaIn (KDE),3,0.40201574667265116,0.9891295796246291,877.7837361176809,0.39575757575757575,-0.00015624829937528202,13.775172413793104,30.125827814569536,,,100,100
726,0.21,sn_kjContinuousBeta_xnjNonNormal,15,7,BebmS,3,0.4380233046063965,0.9888522185551889,68.65502489805222,0.4173737373737374,0.0004949007885757592,10.86896551724138,0.4370860927152318,,,100,100
726,0.21,sn_kjContinuousBeta_xnjNonNormal,15,7,BebmS (Blind),3,0.4380233046063965,0.9888522185551889,84.22049287160237,0.4317845117845118,0.0,12.248275862068965,3.933774834437086,,0.0,100,100
726,0.21,sn_kjContinuousBeta_xnjNonNormal,15,7,Random Guessing,3,0.4380233046063965,0.9888522185551889,0.0,0.5040363037974945,0.0004058572425111984,52.595862068965516,5.927152317880795,,0.0,100,100
726,0.21,sn_kjContinuousBeta_xnjNonNormal,15,7,SuStaIn (GMM),3,0.4380233046063965,0.9888522185551889,325.39415987730024,0.4343434343434343,0.015931962533654948,17.548965517241378,46.10596026490066,,,100,100
726,0.21,sn_kjContinuousBeta_xnjNonNormal,15,7,SuStaIn (KDE),3,0.4380233046063965,0.9888522185551889,398.58480132023493,0.4215488215488215,0.0018594696762666088,15.093793103448276,33.264900662251655,,,100,100
726,0.21,sn_kjContinuousBeta_xnjNonNormal,16,7,BebmS,3,0.1745735734580064,0.9464133079974664,80.0814580241839,0.4177777777777778,0.0008800903441776986,10.071724137931035,0.1390728476821192,,,100,100
726,0.21,sn_kjContinuousBeta_xnjNonNormal,16,7,BebmS (Blind),3,0.1745735734580064,0.9464133079974664,101.30461347500483,0.4474074074074074,0.001522386293084262,14.678620689655173,1.7615894039735098,,2.0,100,100
726,0.21,sn_kjContinuousBeta_xnjNonNormal,16,7,Random Guessing,3,0.1745735734580064,0.9464133079974664,0.0,0.5029741247472542,-0.0006045328953654362,52.44413793103448,6.344370860927152,,2.0,100,100
726,0.21,sn_kjContinuousBeta_xnjNonNormal,16,7,SuStaIn (GMM),3,0.1745735734580064,0.9464133079974664,239.10142817894618,0.4325925925925926,0.011336576638469695,17.495172413793103,46.58940397350993,,,100,100
726,0.21,sn_kjContinuousBeta_xnjNonNormal,16,7,SuStaIn (KDE),3,0.1745735734580064,0.9464133079974664,326.628148051103,0.4384511784511784,-4.858556752469858e-05,14.678620689655173,27.158940397350992,,,100,100
726,0.21,sn_kjContinuousBeta_xnjNonNormal,17,7,BebmS,3,0.043372536176736046,0.5251578491182451,84.1614311416944,0.3395959595959596,0.5862862892033637,10.386206896551725,1.033112582781457,,,100,100
726,0.21,sn_kjContinuousBeta_xnjNonNormal,17,7,BebmS (Blind),3,0.043372536176736046,0.5251578491182451,93.03377837340037,0.33528619528619524,0.7979229723573699,9.795862068965517,0.9735099337748344,,0.0,100,100
726,0.21,sn_kjContinuousBeta_xnjNonNormal,17,7,Random Guessing,3,0.043372536176736046,0.5251578491182451,0.0,0.49876145128813093,-0.000974873620105122,53.32689655172414,6.317880794701987,,0.0,100,100
726,0.21,sn_kjContinuousBeta_xnjNonNormal,17,7,SuStaIn (GMM),3,0.043372536176736046,0.5251578491182451,222.09074508746465,0.4316498316498317,0.43653488476035146,15.907586206896552,45.58940397350993,,,100,100
726,0.21,sn_kjContinuousBeta_xnjNonNormal,17,7,SuStaIn (KDE),3,0.043372536176736046,0.5251578491182451,259.39644604126613,0.4226262626262626,0.08713286017856747,13.121379310344828,27.794701986754966,,,100,100
726,0.21,sn_kjContinuousBeta_xnjNonNormal,18,7,BebmS,3,0.12894390372306944,0.898987232056539,69.97239320675531,0.4347474747474747,0.00015649659360999092,9.062068965517241,0.059602649006622516,,,100,100
726,0.21,sn_kjContinuousBeta_xnjNonNormal,18,7,BebmS (Blind),3,0.12894390372306944,0.898987232056539,86.5621167421341,0.4138720538720539,0.00015649659360999092,11.598620689655172,1.1986754966887416,,1.0,100,100
726,0.21,sn_kjContinuousBeta_xnjNonNormal,18,7,Random Guessing,3,0.12894390372306944,0.898987232056539,0.0,0.5005831203115049,-0.0013254266477159442,52.55172413793103,5.470198675496689,,1.0,100,100
726,0.21,sn_kjContinuousBeta_xnjNonNormal,18,7,SuStaIn (GMM),3,0.12894390372306944,0.898987232056539,340.48539063930514,0.4428282828282828,0.10049975615214937,20.00413793103448,51.47682119205298,,,100,100
726,0.21,sn_kjContinuousBeta_xnjNonNormal,18,7,SuStaIn (KDE),3,0.12894390372306944,0.898987232056539,451.47851734956106,0.5036363636363635,0.008061590996343302,15.784827586206896,29.225165562913908,,,100,100
726,0.21,sn_kjContinuousBeta_xnjNonNormal,19,7,BebmS,3,0.33606457693553676,0.9785631896522986,70.13649017413458,0.352053872053872,-0.0020857893062306903,8.175172413793103,0.006622516556291391,,,100,100
726,0.21,sn_kjContinuousBeta_xnjNonNormal,19,7,BebmS (Blind),3,0.33606457693553676,0.9785631896522986,85.24445765813192,0.3893602693602694,0.0,5.819310344827586,0.8145695364238411,,2.0,100,100
726,0.21,sn_kjContinuousBeta_xnjNonNormal,19,7,Random Guessing,3,0.33606457693553676,0.9785631896522986,0.0,0.5062202320088925,0.0011847542220061844,52.166896551724136,6.059602649006623,,2.0,100,100
726,0.21,sn_kjContinuousBeta_xnjNonNormal,19,7,SuStaIn (GMM),3,0.33606457693553676,0.9785631896522986,323.9496141076088,0.4309090909090909,0.00021197910350211795,15.455172413793104,41.28476821192053,,,100,100
726,0.21,sn_kjContinuousBeta_xnjNonNormal,19,7,SuStaIn (KDE),3,0.33606457693553676,0.9785631896522986,518.6319991906483,0.3820875420875421,-0.002607496011153592,13.733793103448276,24.60927152317881,,,100,100
726,0.21,sn_kjContinuousBeta_xnjNonNormal,20,7,BebmS,3,0.019382215362749394,0.4025722572257226,141.97048768997192,0.3434343434343435,0.3152875474592073,8.96551724137931,0.06622516556291391,,,100,100
726,0.21,sn_kjContinuousBeta_xnjNonNormal,20,7,BebmS (Blind),3,0.019382215362749394,0.4025722572257226,158.7430375178655,0.3054545454545455,0.6449092377586029,6.464827586206897,1.0463576158940397,,2.0,100,100
726,0.21,sn_kjContinuousBeta_xnjNonNormal,20,7,Random Guessing,3,0.019382215362749394,0.4025722572257226,0.0,0.4801240976421046,-0.002999192011020639,52.561379310344826,6.132450331125828,,2.0,100,100
726,0.21,sn_kjContinuousBeta_xnjNonNormal,20,7,SuStaIn (GMM),3,0.019382215362749394,0.4025722572257226,836.4016460180283,0.4323232323232323,0.6085589859392537,17.093793103448277,45.682119205298015,,,100,100
726,0.21,sn_kjContinuousBeta_xnjNonNormal,20,7,SuStaIn (KDE),3,0.019382215362749394,0.4025722572257226,627.4309656977654,0.43676767676767686,0.07326439463462688,15.746206896551724,34.28476821192053,,,100,100
726,0.21,sn_kjContinuousBeta_xnjNonNormal,21,7,BebmS,3,0.2465729082068566,0.968028802880288,141.9224607984225,0.3729292929292929,0.01315823740100505,12.455922865013774,0.0,,,100,100
726,0.21,sn_kjContinuousBeta_xnjNonNormal,21,7,BebmS (Blind),3,0.2465729082068566,0.968028802880288,138.94181879758835,0.3760269360269361,0.0024158492393616627,10.110192837465565,0.9533333333333334,,1.0,100,100
726,0.21,sn_kjContinuousBeta_xnjNonNormal,21,7,Random Guessing,3,0.2465729082068566,0.968028802880288,0.0,0.47605378248506,0.0015049450839624526,52.54269972451791,5.693333333333333,,1.0,100,100
726,0.21,sn_kjContinuousBeta_xnjNonNormal,21,7,SuStaIn (GMM),3,0.2465729082068566,0.968028802880288,681.7252985835075,0.5139393939393939,0.01535134439095414,21.060606060606062,54.60666666666667,,,100,100
726,0.21,sn_kjContinuousBeta_xnjNonNormal,21,7,SuStaIn (KDE),3,0.2465729082068566,0.968028802880288,648.6208001653354,0.441077441077441,-0.003590159286576569,14.275482093663912,34.153333333333336,,,100,100
726,0.21,sn_kjContinuousBeta_xnjNonNormal,22,7,BebmS,3,0.15152346938371197,0.9124019068573525,114.55250046650569,0.4522558922558922,0.012239168822636195,16.05103448275862,0.5827814569536424,,,100,100
726,0.21,sn_kjContinuousBeta_xnjNonNormal,22,7,BebmS (Blind),3,0.15152346938371197,0.9124019068573525,144.25409896771114,0.4522558922558922,0.00045462271562696894,10.44551724137931,2.2847682119205297,,1.0,100,100
726,0.21,sn_kjContinuousBeta_xnjNonNormal,22,7,Random Guessing,3,0.15152346938371197,0.9124019068573525,0.0,0.4886833145039895,0.0016656440212388754,53.540689655172415,6.052980132450331,,1.0,100,100
726,0.21,sn_kjContinuousBeta_xnjNonNormal,22,7,SuStaIn (GMM),3,0.15152346938371197,0.9124019068573525,537.9178594152132,0.4694949494949496,0.028929463398546632,16.477241379310346,43.682119205298015,,,100,100
726,0.21,sn_kjContinuousBeta_xnjNonNormal,22,7,SuStaIn (KDE),3,0.15152346938371197,0.9124019068573525,553.7154898524284,0.4274074074074074,0.0022643594673037184,14.027586206896551,28.927152317880793,,,100,100
726,0.21,sn_kjContinuousBeta_xnjNonNormal,23,7,BebmS,3,0.38963429466074334,0.9893269326932693,136.01080882151922,0.3814141414141414,0.0,6.796143250688705,0.0,,,100,100
726,0.21,sn_kjContinuousBeta_xnjNonNormal,23,7,BebmS (Blind),3,0.38963429466074334,0.9893269326932693,170.3205961704254,0.4518518518518519,0.003986110435649635,17.46831955922865,0.04666666666666667,,1.0,100,100
726,0.21,sn_kjContinuousBeta_xnjNonNormal,23,7,Random Guessing,3,0.38963429466074334,0.9893269326932693,0.0,0.4997403209426452,0.0031522745574528535,52.641873278236915,5.886666666666667,,1.0,100,100
726,0.21,sn_kjContinuousBeta_xnjNonNormal,23,7,SuStaIn (GMM),3,0.38963429466074334,0.9893269326932693,427.8153912623723,0.462020202020202,0.010464772245941875,18.446280991735538,46.88666666666666,,,100,100
726,0.21,sn_kjContinuousBeta_xnjNonNormal,23,7,SuStaIn (KDE),3,0.38963429466074334,0.9893269326932693,484.96128563086194,0.4245791245791246,-2.2550104406983404e-05,14.070247933884298,28.626666666666665,,,100,100
726,0.21,sn_kjContinuousBeta_xnjNonNormal,24,7,BebmS,3,0.17483758810087108,0.9337880454712137,69.70795849164327,0.3824242424242424,0.0,5.90771349862259,0.1,,,100,100
726,0.21,sn_kjContinuousBeta_xnjNonNormal,24,7,BebmS (Blind),3,0.17483758810087108,0.9337880454712137,86.92339251836141,0.36208754208754207,0.0009152945601424336,10.944903581267218,2.966666666666667,,2.0,100,100
726,0.21,sn_kjContinuousBeta_xnjNonNormal,24,7,Random Guessing,3,0.17483758810087108,0.9337880454712137,0.0,0.49935123087165584,-0.002482125173746702,52.984848484848484,5.986666666666666,,2.0,100,100
726,0.21,sn_kjContinuousBeta_xnjNonNormal,24,7,SuStaIn (GMM),3,0.17483758810087108,0.9337880454712137,519.820204504331,0.47212121212121216,0.012616583121229343,19.487603305785125,52.593333333333334,,,100,100
726,0.21,sn_kjContinuousBeta_xnjNonNormal,24,7,SuStaIn (KDE),3,0.17483758810087108,0.9337880454712137,567.3922600785892,0.45548821548821544,-0.00038399701562545613,14.561983471074381,34.53333333333333,,,100,100
726,0.21,sn_kjContinuousBeta_xnjNonNormal,25,7,BebmS,3,0.2988895744681468,0.978035136847018,69.08343951304754,0.3512457912457912,0.007587579122634179,8.738292011019285,0.03333333333333333,,,100,100
726,0.21,sn_kjContinuousBeta_xnjNonNormal,25,7,BebmS (Blind),3,0.2988895744681468,0.978035136847018,88.77220236460367,0.36228956228956233,0.0,5.599173553719008,0.05333333333333334,,2.0,100,100
726,0.21,sn_kjContinuousBeta_xnjNonNormal,25,7,Random Guessing,3,0.2988895744681468,0.978035136847018,0.0,0.46614574598405767,-0.0014289678819859309,52.20798898071625,6.42,,2.0,100,100
726,0.21,sn_kjContinuousBeta_xnjNonNormal,25,7,SuStaIn (GMM),3,0.2988895744681468,0.978035136847018,621.9302857200305,0.42518518518518517,0.003673619434747898,17.3099173553719,45.85333333333333,,,100,100
726,0.21,sn_kjContinuousBeta_xnjNonNormal,25,7,SuStaIn (KDE),3,0.2988895744681468,0.978035136847018,580.9049396197001,0.4216835016835017,-0.001160545601955652,15.621212121212121,28.793333333333333,,,100,100
726,0.21,sn_kjContinuousBeta_xnjNonNormal,26,7,BebmS,3,0.22120824563679928,0.965033836717005,68.33964454332987,0.40727272727272723,0.002685392868943971,9.630344827586207,0.039735099337748346,,,100,100
726,0.21,sn_kjContinuousBeta_xnjNonNormal,26,7,BebmS (Blind),3,0.22120824563679928,0.965033836717005,84.5060439546903,0.4222222222222222,-0.001324944789633815,11.645517241379311,3.880794701986755,,2.0,100,100
726,0.21,sn_kjContinuousBeta_xnjNonNormal,26,7,Random Guessing,3,0.22120824563679928,0.965033836717005,0.0,0.5036730821875589,0.0011857925619576085,52.36827586206896,6.364238410596027,,2.0,100,100
726,0.21,sn_kjContinuousBeta_xnjNonNormal,26,7,SuStaIn (GMM),3,0.22120824563679928,0.965033836717005,562.0385748823484,0.494006734006734,0.01750449261020055,21.926896551724138,52.258278145695364,,,100,100
726,0.21,sn_kjContinuousBeta_xnjNonNormal,26,7,SuStaIn (KDE),3,0.22120824563679928,0.965033836717005,589.0312764247259,0.4237037037037037,0.00012367014116031235,14.787586206896552,31.403973509933774,,,100,100
726,0.21,sn_kjContinuousBeta_xnjNonNormal,27,7,BebmS,3,0.08562641018590317,0.7871600493382671,71.58852459192276,0.32760942760942763,0.2305401642228845,9.037241379310345,0.0,,,100,100
726,0.21,sn_kjContinuousBeta_xnjNonNormal,27,7,BebmS (Blind),3,0.08562641018590317,0.7871600493382671,99.7236494700114,0.3602020202020202,0.24933180998166804,9.478620689655173,0.5231788079470199,,3.0,100,100
726,0.21,sn_kjContinuousBeta_xnjNonNormal,27,7,Random Guessing,3,0.08562641018590317,0.7871600493382671,0.0,0.4962606592217311,0.00024082431395959617,52.56551724137931,6.059602649006623,,3.0,100,100
726,0.21,sn_kjContinuousBeta_xnjNonNormal,27,7,SuStaIn (GMM),3,0.08562641018590317,0.7871600493382671,215.12875189383826,0.47757575757575754,0.43956043184974336,20.184827586206897,53.80132450331126,,,100,100
726,0.21,sn_kjContinuousBeta_xnjNonNormal,27,7,SuStaIn (KDE),3,0.08562641018590317,0.7871600493382671,235.4886848807335,0.4097643097643098,0.009114140277518081,15.402758620689655,29.456953642384107,,,100,100
726,0.21,sn_kjContinuousBeta_xnjNonNormal,28,7,BebmS,3,0.06558870274300986,0.6788558855885588,73.59587316513061,0.35474747474747476,0.319929693583829,10.242424242424242,0.02,,,100,100
726,0.21,sn_kjContinuousBeta_xnjNonNormal,28,7,BebmS (Blind),3,0.06558870274300986,0.6788558855885588,87.78834282954534,0.3397979797979798,0.3135614680444796,8.807162534435262,0.16,,0.0,100,100
726,0.21,sn_kjContinuousBeta_xnjNonNormal,28,7,Random Guessing,3,0.06558870274300986,0.6788558855885588,0.0,0.4708935876081323,-0.001108441678039612,52.80027548209367,5.673333333333333,,0.0,100,100
726,0.21,sn_kjContinuousBeta_xnjNonNormal,28,7,SuStaIn (GMM),3,0.06558870274300986,0.6788558855885588,563.7046217004458,0.43744107744107746,0.33225397390543787,19.12947658402204,48.473333333333336,,,100,100
726,0.21,sn_kjContinuousBeta_xnjNonNormal,28,7,SuStaIn (KDE),3,0.06558870274300986,0.6788558855885588,530.907461965084,0.4291582491582491,0.049506347376232725,15.461432506887052,28.846666666666668,,,100,100
726,0.21,sn_kjContinuousBeta_xnjNonNormal,29,7,BebmS,3,0.03959802269760882,0.5156048938227156,68.93209062814712,0.3269360269360269,0.5435104191739039,7.369146005509642,1.033112582781457,,,100,100
726,0.21,sn_kjContinuousBeta_xnjNonNormal,29,7,BebmS (Blind),3,0.03959802269760882,0.5156048938227156,84.04202679395675,0.33447811447811443,0.4796928777923727,9.389807162534435,0.4503311258278146,,3.0,100,100
726,0.21,sn_kjContinuousBeta_xnjNonNormal,29,7,Random Guessing,3,0.03959802269760882,0.5156048938227156,0.0,0.4788127771274362,-0.0015649047918911783,51.9931129476584,5.887417218543046,,3.0,100,100
726,0.21,sn_kjContinuousBeta_xnjNonNormal,29,7,SuStaIn (GMM),3,0.03959802269760882,0.5156048938227156,508.4836677034696,0.5030976430976432,0.22224873581815996,20.72451790633609,52.23841059602649,,,100,100
726,0.21,sn_kjContinuousBeta_xnjNonNormal,29,7,SuStaIn (KDE),3,0.03959802269760882,0.5156048938227156,565.4485307693482,0.43643097643097645,0.3509512349218409,14.568870523415978,31.24503311258278,,,100,100
726,0.21,sn_kjContinuousBeta_xnjNonNormal,30,7,BebmS,3,0.2946866813781556,0.9719305263859719,80.0084743420283,0.40599326599326596,0.0,8.333793103448276,1.0927152317880795,,,100,100
726,0.21,sn_kjContinuousBeta_xnjNonNormal,30,7,BebmS (Blind),3,0.2946866813781556,0.9719305263859719,117.46508654753367,0.3794612794612795,0.0,9.646896551724138,1.423841059602649,,0.0,100,100
726,0.21,sn_kjContinuousBeta_xnjNonNormal,30,7,Random Guessing,3,0.2946866813781556,0.9719305263859719,0.0,0.4856848026313483,-0.002503720658441837,51.95448275862069,5.993377483443709,,0.0,100,100
726,0.21,sn_kjContinuousBeta_xnjNonNormal,30,7,SuStaIn (GMM),3,0.2946866813781556,0.9719305263859719,503.94353063901264,0.5087542087542087,0.004695273432279672,20.344827586206897,52.70860927152318,,,100,100
726,0.21,sn_kjContinuousBeta_xnjNonNormal,30,7,SuStaIn (KDE),3,0.2946866813781556,0.9719305263859719,554.5371628125508,0.38552188552188554,0.008858275293784986,15.835862068965517,21.887417218543046,,,100,100
726,0.21,sn_kjContinuousBeta_xnjNonNormal,31,7,BebmS,3,0.12633139474646146,0.9028222822282228,81.22366325457891,0.41151515151515156,0.0012296095400640315,9.914364640883978,0.033112582781456956,,,100,100
726,0.21,sn_kjContinuousBeta_xnjNonNormal,31,7,BebmS (Blind),3,0.12633139474646146,0.9028222822282228,129.61854865153632,0.3546801346801347,0.10554910642776626,9.991712707182321,1.1920529801324504,,1.0,100,100
726,0.21,sn_kjContinuousBeta_xnjNonNormal,31,7,Random Guessing,3,0.12633139474646146,0.9028222822282228,0.0,0.511507060615337,-0.001171195575208644,52.94889502762431,5.516556291390729,,1.0,100,100
726,0.21,sn_kjContinuousBeta_xnjNonNormal,31,7,SuStaIn (GMM),3,0.12633139474646146,0.9028222822282228,334.02346783479055,0.4602020202020202,0.03824611787414154,19.031767955801104,53.324503311258276,,,100,100
726,0.21,sn_kjContinuousBeta_xnjNonNormal,31,7,SuStaIn (KDE),3,0.12633139474646146,0.9028222822282228,277.2562690695127,0.46228956228956225,0.006326087409209415,15.687845303867404,31.589403973509935,,,100,100
726,0.21,sn_kjContinuousBeta_xnjNonNormal,32,7,BebmS,3,0.01419552879969549,0.4052311897856452,68.62519711256027,0.3064646464646465,0.4731310161301962,7.005509641873278,0.18543046357615894,,,100,100
726,0.21,sn_kjContinuousBeta_xnjNonNormal,32,7,BebmS (Blind),3,0.01419552879969549,0.4052311897856452,84.2239481806755,0.3474074074074074,0.2583696079885962,9.319559228650137,0.7417218543046358,,2.0,100,100
726,0.21,sn_kjContinuousBeta_xnjNonNormal,32,7,Random Guessing,3,0.01419552879969549,0.4052311897856452,0.0,0.4989616415506344,-0.002380258923450235,52.0,6.0,,2.0,100,100
726,0.21,sn_kjContinuousBeta_xnjNonNormal,32,7,SuStaIn (GMM),3,0.01419552879969549,0.4052311897856452,83.06619658072789,0.4316498316498316,0.7247660455291106,15.723140495867769,42.41721854304636,,,100,100
726,0.21,sn_kjContinuousBeta_xnjNonNormal,32,7,SuStaIn (KDE),3,0.01419552879969549,0.4052311897856452,127.92164058685303,0.43447811447811446,0.21492827668861353,14.077134986225895,28.629139072847682,,,100,100
726,0.21,sn_kjContinuousBeta_xnjNonNormal,33,7,BebmS,3,0.4603865772913174,0.9908897556422309,83.82807500362397,0.4105050505050505,0.0,6.968275862068966,0.0728476821192053,,,100,100
726,0.21,sn_kjContinuousBeta_xnjNonNormal,33,7,BebmS (Blind),3,0.4603865772913174,0.9908897556422309,108.01528156201044,0.39730639730639733,-0.000978204982595536,11.61103448275862,2.443708609271523,,3.0,100,100
726,0.21,sn_kjContinuousBeta_xnjNonNormal,33,7,Random Guessing,3,0.4603865772913174,0.9908897556422309,0.0,0.5037023147919047,-0.002502037506431505,52.445517241379314,6.066225165562914,,3.0,100,100
726,0.21,sn_kjContinuousBeta_xnjNonNormal,33,7,SuStaIn (GMM),3,0.4603865772913174,0.9908897556422309,682.6727255860965,0.43407407407407406,0.0012197167825583207,18.60965517241379,49.71523178807947,,,100,100
726,0.21,sn_kjContinuousBeta_xnjNonNormal,33,7,SuStaIn (KDE),3,0.4603865772913174,0.9908897556422309,575.2760290543239,0.4608080808080808,0.000881816672469866,14.00551724137931,27.013245033112582,,,100,100
726,0.21,sn_kjContinuousBeta_xnjNonNormal,34,7,BebmS,3,0.44272339340221856,0.9871693836050272,137.21975485881168,0.4338720538720538,-0.002124545823533533,12.18896551724138,0.0,,,100,100
726,0.21,sn_kjContinuousBeta_xnjNonNormal,34,7,BebmS (Blind),3,0.44272339340221856,0.9871693836050272,177.6590839743614,0.4002020202020202,0.002036191907856622,10.406896551724138,1.0927152317880795,,3.0,100,100
726,0.21,sn_kjContinuousBeta_xnjNonNormal,34,7,Random Guessing,3,0.44272339340221856,0.9871693836050272,0.0,0.5114216728255813,-0.00018100012667473443,52.649655172413794,6.178807947019868,,3.0,100,100
726,0.21,sn_kjContinuousBeta_xnjNonNormal,34,7,SuStaIn (GMM),3,0.44272339340221856,0.9871693836050272,732.032875585556,0.47575757575757577,-0.018192771780132476,19.230344827586208,52.49006622516556,,,100,100
726,0.21,sn_kjContinuousBeta_xnjNonNormal,34,7,SuStaIn (KDE),3,0.44272339340221856,0.9871693836050272,437.6692391912142,0.4219528619528619,0.0013872471891857013,12.693793103448275,25.655629139072847,,,100,100
726,0.21,sn_kjContinuousBeta_xnjNonNormal,35,7,BebmS,3,0.11866389493641205,0.8714324765809914,77.62778438727061,0.33104377104377103,0.2170971217427911,5.623448275862069,0.271523178807947,,,100,100
726,0.21,sn_kjContinuousBeta_xnjNonNormal,35,7,BebmS (Blind),3,0.11866389493641205,0.8714324765809914,91.62123285134633,0.3816835016835017,0.07684366105450412,7.263448275862069,1.2913907284768211,,3.0,100,100
726,0.21,sn_kjContinuousBeta_xnjNonNormal,35,7,Random Guessing,3,0.11866389493641205,0.8714324765809914,0.0,0.48798804561842113,0.0021481173462259023,53.65931034482759,5.662251655629139,,3.0,100,100
726,0.21,sn_kjContinuousBeta_xnjNonNormal,35,7,SuStaIn (GMM),3,0.11866389493641205,0.8714324765809914,313.70802392164865,0.5337373737373737,0.16483191543933545,18.293793103448277,50.76158940397351,,,100,100
726,0.21,sn_kjContinuousBeta_xnjNonNormal,35,7,SuStaIn (KDE),3,0.11866389493641205,0.8714324765809914,339.3433524131775,0.41084175084175084,0.014798209037683936,14.942068965517242,25.158940397350992,,,100,100
726,0.21,sn_kjContinuousBeta_xnjNonNormal,36,7,BebmS,3,0.4412771738562316,0.987985465213188,112.31243682305018,0.4215488215488216,0.0022780754468029124,9.278236914600551,0.16556291390728478,,,100,100
726,0.21,sn_kjContinuousBeta_xnjNonNormal,36,7,BebmS (Blind),3,0.4412771738562316,0.987985465213188,128.77286531527838,0.4091582491582491,0.0,13.268595041322314,3.4304635761589406,,3.0,100,100
726,0.21,sn_kjContinuousBeta_xnjNonNormal,36,7,Random Guessing,3,0.4412771738562316,0.987985465213188,0.0,0.5138775897638933,-0.001696394331039938,53.03030303030303,5.960264900662252,,3.0,100,100
726,0.21,sn_kjContinuousBeta_xnjNonNormal,36,7,SuStaIn (GMM),3,0.4412771738562316,0.987985465213188,518.9503302613895,0.4969023569023569,0.0147619329149853,20.84573002754821,56.019867549668874,,,100,100
726,0.21,sn_kjContinuousBeta_xnjNonNormal,36,7,SuStaIn (KDE),3,0.4412771738562316,0.987985465213188,471.1162714203199,0.4283501683501683,-0.00017321656884503275,14.567493112947659,33.40397350993378,,,100,100
726,0.21,sn_kjContinuousBeta_xnjNonNormal,37,7,BebmS,3,0.1563714662080711,0.8954668800213355,80.22915103435517,0.3781818181818182,-0.0004184502603279417,6.603305785123967,0.0,,,100,100
726,0.21,sn_kjContinuousBeta_xnjNonNormal,37,7,BebmS (Blind),3,0.1563714662080711,0.8954668800213355,108.64031643867493,0.4176430976430976,0.000670690819217025,10.865013774104684,1.8079470198675496,,1.0,100,100
726,0.21,sn_kjContinuousBeta_xnjNonNormal,37,7,Random Guessing,3,0.1563714662080711,0.8954668800213355,0.0,0.505729307446085,0.00011577902003380926,53.13911845730028,5.986754966887418,,1.0,100,100
726,0.21,sn_kjContinuousBeta_xnjNonNormal,37,7,SuStaIn (GMM),3,0.1563714662080711,0.8954668800213355,221.05454237063725,0.4395959595959596,0.23416388499504498,18.0,48.728476821192054,,,100,100
726,0.21,sn_kjContinuousBeta_xnjNonNormal,37,7,SuStaIn (KDE),3,0.1563714662080711,0.8954668800213355,274.72585856517156,0.39171717171717174,0.01024954080842572,13.724517906336088,26.94701986754967,,,100,100
726,0.21,sn_kjContinuousBeta_xnjNonNormal,38,7,BebmS,3,0.436696622531531,0.9913297996466314,69.55279055833816,0.41043771043771043,0.0,8.00137741046832,0.11333333333333333,,,100,100
726,0.21,sn_kjContinuousBeta_xnjNonNormal,38,7,BebmS (Blind),3,0.436696622531531,0.9913297996466314,84.67930544217428,0.41030303030303034,0.0,5.3292011019283745,1.68,,2.0,100,100
726,0.21,sn_kjContinuousBeta_xnjNonNormal,38,7,Random Guessing,3,0.436696622531531,0.9913297996466314,0.0,0.4991314642750371,-0.0012922149267488693,53.4931129476584,5.566666666666666,,2.0,100,100
726,0.21,sn_kjContinuousBeta_xnjNonNormal,38,7,SuStaIn (GMM),3,0.436696622531531,0.9913297996466314,97.33598822752634,0.4587205387205387,0.0028417358877876123,17.367768595041323,49.57333333333333,,,100,100
726,0.21,sn_kjContinuousBeta_xnjNonNormal,38,7,SuStaIn (KDE),3,0.436696622531531,0.9913297996466314,121.09370610316594,0.35690235690235683,0.005390786342992079,15.694214876033058,27.793333333333333,,,100,100
726,0.21,sn_kjContinuousBeta_xnjNonNormal,39,7,BebmS,3,0.1676616062856125,0.9303343667700104,69.89124006827673,0.4632323232323232,0.0,13.6,0.046357615894039736,,,100,100
726,0.21,sn_kjContinuousBeta_xnjNonNormal,39,7,BebmS (Blind),3,0.1676616062856125,0.9303343667700104,83.62607186635336,0.3763636363636363,-0.06322431849482955,11.380689655172414,1.2649006622516556,,1.0,100,100
726,0.21,sn_kjContinuousBeta_xnjNonNormal,39,7,Random Guessing,3,0.1676616062856125,0.9303343667700104,0.0,0.5051164659927255,0.0027999399172609052,52.186206896551724,5.9801324503311255,,1.0,100,100
726,0.21,sn_kjContinuousBeta_xnjNonNormal,39,7,SuStaIn (GMM),3,0.1676616062856125,0.9303343667700104,539.9522125482559,0.49986531986531985,0.026950795337419696,19.73793103448276,50.788079470198674,,,100,100
726,0.21,sn_kjContinuousBeta_xnjNonNormal,39,7,SuStaIn (KDE),3,0.1676616062856125,0.9303343667700104,612.7091220021248,0.3455218855218855,-0.004265145089618472,14.361379310344828,25.47019867549669,,,100,100
726,0.21,sn_kjContinuousBeta_xnjNonNormal,40,7,BebmS,3,0.26083345631376614,0.9718505183851719,68.55410777727762,0.3776430976430976,0.0023425328587651155,6.297931034482759,0.0,,,100,100
726,0.21,sn_kjContinuousBeta_xnjNonNormal,40,7,BebmS (Blind),3,0.26083345631376614,0.9718505183851719,83.92752976020178,0.4413468013468013,0.0012602357491436702,11.793103448275861,4.251655629139073,,2.0,100,100
726,0.21,sn_kjContinuousBeta_xnjNonNormal,40,7,Random Guessing,3,0.26083345631376614,0.9718505183851719,0.0,0.4970052812285992,-0.0002000114676380228,51.928275862068965,6.099337748344371,,2.0,100,100
726,0.21,sn_kjContinuousBeta_xnjNonNormal,41,7,BebmS,3,0.15981780593120476,0.9006140614061406,70.85280677477519,0.40296296296296297,-0.0007100482089403379,9.384297520661157,0.08666666666666667,,,100,100
726,0.21,sn_kjContinuousBeta_xnjNonNormal,41,7,BebmS (Blind),3,0.15981780593120476,0.9006140614061406,86.83067580461503,0.39016835016835016,-0.0003325241563654259,7.855371900826446,0.9866666666666667,,2.0,100,100
726,0.21,sn_kjContinuousBeta_xnjNonNormal,41,7,Random Guessing,3,0.15981780593120476,0.9006140614061406,0.0,0.5051914064222573,0.004152479540851101,52.725895316804404,5.76,,2.0,100,100
726,0.21,sn_kjContinuousBeta_xnjNonNormal,41,7,SuStaIn (GMM),3,0.15981780593120476,0.9006140614061406,521.5079587578773,0.4701683501683502,0.04636799151792789,17.300275482093664,47.46666666666667,,,100,100
726,0.21,sn_kjContinuousBeta_xnjNonNormal,41,7,SuStaIn (KDE),3,0.15981780593120476,0.9006140614061406,469.9308471083641,0.4538047138047138,0.0031953263822683633,15.236914600550964,29.826666666666668,,,100,100
726,0.21,sn_kjContinuousBeta_xnjNonNormal,42,7,BebmS,3,0.44881811219667533,0.9897456412307898,70.64794198671977,0.41757575757575754,0.0,10.732413793103449,0.32450331125827814,,,100,100
726,0.21,sn_kjContinuousBeta_xnjNonNormal,42,7,BebmS (Blind),3,0.44881811219667533,0.9897456412307898,87.49048275947571,0.41299663299663303,0.0,10.99448275862069,1.7350993377483444,,1.0,100,100
726,0.21,sn_kjContinuousBeta_xnjNonNormal,42,7,Random Guessing,3,0.44881811219667533,0.9897456412307898,0.0,0.49638062156937646,0.0003001115536279451,52.955862068965516,5.6092715231788075,,1.0,100,100
726,0.21,sn_kjContinuousBeta_xnjNonNormal,42,7,SuStaIn (GMM),3,0.44881811219667533,0.9897456412307898,601.7919576525688,0.48558922558922557,-0.0016742781168195223,18.615172413793104,47.89403973509934,,,100,100
726,0.21,sn_kjContinuousBeta_xnjNonNormal,42,7,SuStaIn (KDE),3,0.44881811219667533,0.9897456412307898,482.90245953798296,0.4414814814814814,-0.0017532658231667055,15.859310344827586,38.51655629139073,,,100,100
726,0.21,sn_kjContinuousBeta_xnjNonNormal,43,7,BebmS,3,0.4832538068663986,0.9912044537787112,69.45746510426203,0.4127272727272728,-0.0006557511179138615,10.04,0.0,,,100,100
726,0.21,sn_kjContinuousBeta_xnjNonNormal,43,7,BebmS (Blind),3,0.4832538068663986,0.9912044537787112,84.64269647200902,0.39912457912457916,0.0,6.310344827586207,0.046357615894039736,,2.0,100,100
726,0.21,sn_kjContinuousBeta_xnjNonNormal,43,7,Random Guessing,3,0.4832538068663986,0.9912044537787112,0.0,0.5175535220267028,-0.0029070939375860517,51.384827586206896,5.291390728476821,,2.0,100,100
726,0.21,sn_kjContinuousBeta_xnjNonNormal,43,7,SuStaIn (GMM),3,0.4832538068663986,0.9912044537787112,693.1105298161507,0.44262626262626265,0.0022843277415881625,17.128275862068964,42.74834437086093,,,100,100
726,0.21,sn_kjContinuousBeta_xnjNonNormal,43,7,SuStaIn (KDE),3,0.4832538068663986,0.9912044537787112,503.2577114621798,0.4381818181818182,-0.0009894462032310543,14.438620689655172,33.06622516556291,,,100,100
726,0.21,sn_kjContinuousBeta_xnjNonNormal,44,7,BebmS,3,0.32633979990324147,0.9808407507417408,69.84996753931046,0.40094276094276093,0.0,5.015151515151516,0.12582781456953643,,,100,100
726,0.21,sn_kjContinuousBeta_xnjNonNormal,44,7,BebmS (Blind),3,0.32633979990324147,0.9808407507417408,84.56680765151978,0.3644444444444444,0.0013326532409083196,4.086776859504132,0.5960264900662252,,2.0,100,100
726,0.21,sn_kjContinuousBeta_xnjNonNormal,44,7,Random Guessing,3,0.32633979990324147,0.9808407507417408,0.0,0.5091802618200437,-4.065614354502533e-05,53.13498622589532,6.013245033112582,,2.0,100,100
726,0.21,sn_kjContinuousBeta_xnjNonNormal,44,7,SuStaIn (GMM),3,0.32633979990324147,0.9808407507417408,541.0620218873024,0.438989898989899,-0.0013642029641725913,16.18870523415978,45.450331125827816,,,100,100
726,0.21,sn_kjContinuousBeta_xnjNonNormal,44,7,SuStaIn (KDE),3,0.32633979990324147,0.9808407507417408,499.6286185622215,0.42437710437710435,0.000463691548834694,15.889807162534435,23.649006622516556,,,100,100
726,0.21,sn_kjContinuousBeta_xnjNonNormal,45,7,BebmS,3,0.03784141374660759,0.5748081474814148,76.67979721625646,0.24289562289562291,0.8651644927191205,5.793388429752066,0.12666666666666668,,,100,100
726,0.21,sn_kjContinuousBeta_xnjNonNormal,45,7,BebmS (Blind),3,0.03784141374660759,0.5748081474814148,95.25111900568008,0.387946127946128,0.03466217213672381,13.053719008264462,0.7333333333333333,,1.0,100,100
726,0.21,sn_kjContinuousBeta_xnjNonNormal,45,7,Random Guessing,3,0.03784141374660759,0.5748081474814148,0.0,0.483003316348203,0.00033916589870445536,52.52617079889807,6.16,,1.0,100,100
726,0.21,sn_kjContinuousBeta_xnjNonNormal,45,7,SuStaIn (GMM),3,0.03784141374660759,0.5748081474814148,327.91228926181793,0.42693602693602695,0.4973941018886371,19.108815426997246,51.42666666666667,,,100,100
726,0.21,sn_kjContinuousBeta_xnjNonNormal,45,7,SuStaIn (KDE),3,0.03784141374660759,0.5748081474814148,314.0755269726117,0.40808080808080804,0.1574239059042643,14.213498622589531,31.333333333333332,,,100,100
726,0.21,sn_kjContinuousBeta_xnjNonNormal,46,7,BebmS,3,0.3441704866737915,0.9805927259392606,74.27039161125819,0.4425589225589226,-0.0015932554215446993,15.064827586206897,0.0728476821192053,,,100,100
726,0.21,sn_kjContinuousBeta_xnjNonNormal,46,7,BebmS (Blind),3,0.3441704866737915,0.9805927259392606,96.12814424037933,0.41185185185185186,0.0017887681766952052,13.444137931034483,1.1125827814569536,,1.0,100,100
726,0.21,sn_kjContinuousBeta_xnjNonNormal,46,7,Random Guessing,3,0.3441704866737915,0.9805927259392606,0.0,0.48591266407030526,-0.001110552936788359,51.350344827586206,6.264900662251655,,1.0,100,100
726,0.21,sn_kjContinuousBeta_xnjNonNormal,47,7,BebmS,3,0.46003471382938427,0.9925832583258326,69.64236518144608,0.4461952861952862,0.004397975273592716,11.982093663911845,0.0,,,100,100
726,0.21,sn_kjContinuousBeta_xnjNonNormal,47,7,BebmS (Blind),3,0.46003471382938427,0.9925832583258326,85.04934527079264,0.37360269360269366,0.003568817763304272,5.870523415977962,0.10666666666666667,,1.0,100,100
726,0.21,sn_kjContinuousBeta_xnjNonNormal,47,7,Random Guessing,3,0.46003471382938427,0.9925832583258326,0.0,0.49859633923111474,-0.0028889864068728957,52.08815426997245,6.073333333333333,,1.0,100,100
726,0.21,sn_kjContinuousBeta_xnjNonNormal,48,7,BebmS,3,0.45075810759296164,0.9893696036270294,72.56457178195318,0.3627609427609428,0.0,4.215172413793104,0.046357615894039736,,,100,100
726,0.21,sn_kjContinuousBeta_xnjNonNormal,48,7,BebmS (Blind),3,0.45075810759296164,0.9893696036270294,91.6613900065422,0.3874074074074074,0.0010841290627000167,8.84,4.0198675496688745,,2.0,100,100
726,0.21,sn_kjContinuousBeta_xnjNonNormal,48,7,Random Guessing,3,0.45075810759296164,0.9893696036270294,0.0,0.49306817718175866,0.00584483519448769,53.76137931034483,6.218543046357616,,2.0,100,100
726,0.21,sn_kjContinuousBeta_xnjNonNormal,48,7,SuStaIn (GMM),3,0.45075810759296164,0.9893696036270294,592.46945485274,0.4538047138047138,0.0014019905762558383,17.889655172413793,51.03973509933775,,,100,100
726,0.21,sn_kjContinuousBeta_xnjNonNormal,48,7,SuStaIn (KDE),3,0.45075810759296164,0.9893696036270294,592.1967654466629,0.39804713804713804,0.0024561004865817195,12.364137931034483,27.43708609271523,,,100,100
726,0.21,sn_kjContinuousBeta_xnjNonNormal,49,7,BebmS,3,0.2770317767659979,0.9676340967430076,69.54022400776545,0.409023569023569,0.0,9.926896551724138,0.06622516556291391,,,100,100
726,0.21,sn_kjContinuousBeta_xnjNonNormal,49,7,BebmS (Blind),3,0.2770317767659979,0.9676340967430076,85.45769260724386,0.395959595959596,-0.0002682749764389628,8.706206896551723,0.8874172185430463,,0.0,100,100
726,0.21,sn_kjContinuousBeta_xnjNonNormal,49,7,Random Guessing,3,0.2770317767659979,0.9676340967430076,0.0,0.4877001163845964,-0.00011338904989425731,52.21241379310345,6.443708609271523,,0.0,100,100
726,0.21,sn_kjContinuousBeta_xnjNonNormal,49,7,SuStaIn (GMM),3,0.2770317767659979,0.9676340967430076,223.37900425990424,0.5217508417508417,0.0038640102845781932,19.884137931034484,50.89403973509934,,,100,100
726,0.21,sn_kjContinuousBeta_xnjNonNormal,49,7,SuStaIn (KDE),3,0.2770317767659979,0.9676340967430076,178.26535879373552,0.42215488215488217,0.003069933785268327,15.304827586206896,33.36423841059602,,,100,100
726,0.21,sn_kjContinuousBeta_xnjNormal,0,6,BebmS,3,0.41144832989232255,0.9876761009434277,69.24177259604136,0.3593265993265993,0.0,4.662068965517242,0.0,,,100,100
726,0.21,sn_kjContinuousBeta_xnjNormal,0,6,BebmS (Blind),3,0.41144832989232255,0.9876761009434277,84.31372004350027,0.3971717171717171,-0.013123398874616415,13.500689655172414,0.8807947019867549,,0.0,100,100
726,0.21,sn_kjContinuousBeta_xnjNormal,0,6,Random Guessing,3,0.41144832989232255,0.9876761009434277,0.0,0.5244321559352926,0.0031607512897526805,53.40965517241379,6.291390728476821,,0.0,100,100
726,0.21,sn_kjContinuousBeta_xnjNormal,0,6,SuStaIn (GMM),3,0.41144832989232255,0.9876761009434277,143.67448730866116,0.3561616161616161,0.015198679408257604,17.15586206896552,46.52980132450331,,,100,100
726,0.21,sn_kjContinuousBeta_xnjNormal,0,6,SuStaIn (KDE),3,0.41144832989232255,0.9876761009434277,634.7191811283429,0.3708417508417508,-0.002685578315741102,10.212413793103448,18.774834437086092,,,100,100
726,0.21,sn_kjContinuousBeta_xnjNormal,1,6,BebmS,3,0.22492561695859847,0.9550755075507551,69.33015841245651,0.39164983164983164,0.0,9.630344827586207,0.19333333333333333,,,100,100
726,0.21,sn_kjContinuousBeta_xnjNormal,1,6,BebmS (Blind),3,0.22492561695859847,0.9550755075507551,84.26582614183425,0.41077441077441074,0.0,9.444137931034483,1.0933333333333333,,2.0,100,100
726,0.21,sn_kjContinuousBeta_xnjNormal,1,6,Random Guessing,3,0.22492561695859847,0.9550755075507551,0.0,0.479737636923566,0.0022681551436068183,53.78344827586207,6.486666666666666,,2.0,100,100
726,0.21,sn_kjContinuousBeta_xnjNormal,1,6,SuStaIn (GMM),3,0.22492561695859847,0.9550755075507551,283.26518967549003,0.35508417508417506,0.056669904493735525,14.382068965517242,39.39333333333333,,,100,100
726,0.21,sn_kjContinuousBeta_xnjNormal,1,6,SuStaIn (KDE),3,0.22492561695859847,0.9550755075507551,416.08312750260035,0.29205387205387207,0.004831684394557811,8.783448275862069,16.30666666666667,,,100,100
726,0.21,sn_kjContinuousBeta_xnjNormal,2,6,BebmS,3,0.21284146477494376,0.9577424409107578,78.24081459045411,0.39346801346801347,0.0,10.991724137931035,0.15894039735099338,,,100,100
726,0.21,sn_kjContinuousBeta_xnjNormal,2,6,BebmS (Blind),3,0.21284146477494376,0.9577424409107578,103.54431013266246,0.4135353535353536,0.0,10.660689655172414,0.3708609271523179,,2.0,100,100
726,0.21,sn_kjContinuousBeta_xnjNormal,2,6,Random Guessing,3,0.21284146477494376,0.9577424409107578,0.0,0.4972233321052295,0.003397009766398587,52.55172413793103,5.821192052980132,,2.0,100,100
726,0.21,sn_kjContinuousBeta_xnjNormal,2,6,SuStaIn (GMM),3,0.21284146477494376,0.9577424409107578,487.4362480799357,0.4317171717171717,0.22750346352921894,18.510344827586206,46.675496688741724,,,100,100
726,0.21,sn_kjContinuousBeta_xnjNormal,2,6,SuStaIn (KDE),3,0.21284146477494376,0.9577424409107578,584.9608104745547,0.32592592592592595,-0.0006796968122572208,11.470344827586207,20.801324503311257,,,100,100
726,0.21,sn_kjContinuousBeta_xnjNormal,3,6,BebmS,3,0.3393462323144235,0.9771470480381371,69.1644873658816,0.40424242424242424,0.0,10.91448275862069,0.09868421052631579,,,100,100
726,0.21,sn_kjContinuousBeta_xnjNormal,3,6,BebmS (Blind),3,0.3393462323144235,0.9771470480381371,85.16422519683837,0.4291582491582491,0.0,12.635862068965517,2.0526315789473686,,2.0,100,100
726,0.21,sn_kjContinuousBeta_xnjNormal,3,6,Random Guessing,3,0.3393462323144235,0.9771470480381371,0.0,0.48932502744814627,0.0020023846094639275,53.35448275862069,5.3881578947368425,,2.0,100,100
726,0.21,sn_kjContinuousBeta_xnjNormal,3,6,SuStaIn (GMM),3,0.3393462323144235,0.9771470480381371,544.1473718643189,0.4195286195286195,0.030940706000845187,17.884137931034484,43.348684210526315,,,100,100
726,0.21,sn_kjContinuousBeta_xnjNormal,3,6,SuStaIn (KDE),3,0.3393462323144235,0.9771470480381371,535.5672215739886,0.3257239057239057,0.0004165844905922672,8.493793103448276,13.361842105263158,,,100,100
726,0.21,sn_kjContinuousBeta_xnjNormal,4,6,BebmS,3,0.0853615313835855,0.7787618761876187,69.12526868581772,0.3430976430976431,0.5775941947136821,8.553103448275863,0.026490066225165563,,,100,100
726,0.21,sn_kjContinuousBeta_xnjNormal,4,6,BebmS (Blind),3,0.0853615313835855,0.7787618761876187,84.21948037147521,0.33986531986531987,0.598179116697622,10.140689655172414,1.1258278145695364,,1.0,100,100
726,0.21,sn_kjContinuousBeta_xnjNormal,4,6,Random Guessing,3,0.0853615313835855,0.7787618761876187,0.0,0.49385221605098373,0.00015231428549743016,52.06068965517241,6.298013245033113,,1.0,100,100
726,0.21,sn_kjContinuousBeta_xnjNormal,4,6,SuStaIn (GMM),3,0.0853615313835855,0.7787618761876187,261.9439519246419,0.3888215488215489,0.7888845597288653,19.438620689655174,47.0728476821192,,,100,100
726,0.21,sn_kjContinuousBeta_xnjNormal,4,6,SuStaIn (KDE),3,0.0853615313835855,0.7787618761876187,466.2270418842634,0.3717171717171717,0.12755468922226262,12.169655172413792,21.94701986754967,,,100,100
726,0.21,sn_kjContinuousBeta_xnjNormal,5,6,BebmS,3,0.08823924255222401,0.8004147081374804,68.88673101663589,0.3726599326599327,0.3028481518486664,10.171034482758621,0.13245033112582782,,,100,100
726,0.21,sn_kjContinuousBeta_xnjNormal,5,6,BebmS (Blind),3,0.08823924255222401,0.8004147081374804,84.23152001301447,0.3020875420875421,0.650022056080922,10.627586206896552,0.8079470198675497,,3.0,100,100
726,0.21,sn_kjContinuousBeta_xnjNormal,5,6,Random Guessing,3,0.08823924255222401,0.8004147081374804,0.0,0.496239480269317,0.0028199565776366674,52.595862068965516,6.185430463576159,,3.0,100,100
726,0.21,sn_kjContinuousBeta_xnjNormal,5,6,SuStaIn (GMM),3,0.08823924255222401,0.8004147081374804,477.6775317986806,0.3632996632996633,0.8614538255514971,16.83586206896552,43.794701986754966,,,100,100
726,0.21,sn_kjContinuousBeta_xnjNormal,5,6,SuStaIn (KDE),3,0.08823924255222401,0.8004147081374804,517.8317120552063,0.3933333333333333,0.0290450129410727,12.460689655172414,18.70198675496689,,,100,100
726,0.21,sn_kjContinuousBeta_xnjNormal,6,6,BebmS,3,0.33882560123061,0.9814088075474214,79.55433520476024,0.4012121212121212,0.0,7.444137931034483,0.0,,,100,100
726,0.21,sn_kjContinuousBeta_xnjNormal,6,6,BebmS (Blind),3,0.33882560123061,0.9814088075474214,102.10164192517598,0.36269360269360273,0.0,3.569655172413793,0.09271523178807947,,1.0,100,100
726,0.21,sn_kjContinuousBeta_xnjNormal,6,6,Random Guessing,3,0.33882560123061,0.9814088075474214,0.0,0.48169967384733986,-0.001837886462696293,52.58896551724138,5.880794701986755,,1.0,100,100
726,0.21,sn_kjContinuousBeta_xnjNormal,6,6,SuStaIn (GMM),3,0.33882560123061,0.9814088075474214,629.592918030421,0.3325252525252525,0.03829373526832406,14.395862068965517,39.841059602649004,,,100,100
726,0.21,sn_kjContinuousBeta_xnjNormal,6,6,SuStaIn (KDE),3,0.33882560123061,0.9814088075474214,593.6160341461499,0.27744107744107743,-0.005602235387961731,10.224827586206896,20.278145695364238,,,100,100
726,0.21,sn_kjContinuousBeta_xnjNormal,7,6,BebmS,3,0.45963182662463264,0.9922392239223923,69.40053991476695,0.4058585858585859,0.0,9.372413793103448,0.013245033112582781,,,100,100
726,0.21,sn_kjContinuousBeta_xnjNormal,7,6,BebmS (Blind),3,0.45963182662463264,0.9922392239223923,84.30000765323639,0.4125925925925926,0.0,8.533793103448275,0.09933774834437085,,0.0,100,100
726,0.21,sn_kjContinuousBeta_xnjNormal,7,6,Random Guessing,3,0.45963182662463264,0.9922392239223923,0.0,0.4973275997082656,0.001585911093361829,53.24,5.953642384105961,,0.0,100,100
726,0.21,sn_kjContinuousBeta_xnjNormal,7,6,SuStaIn (GMM),3,0.45963182662463264,0.9922392239223923,582.0945773522059,0.3894949494949495,0.007013378601851605,15.984827586206897,44.18543046357616,,,100,100
726,0.21,sn_kjContinuousBeta_xnjNormal,7,6,SuStaIn (KDE),3,0.45963182662463264,0.9922392239223923,470.0991031130155,0.3251851851851852,-0.0006151927325049782,11.515862068965518,18.29139072847682,,,100,100
726,0.21,sn_kjContinuousBeta_xnjNormal,8,6,BebmS,3,0.135425063163262,0.8968750208354169,70.65125938653946,0.31582491582491584,0.22623038613803154,8.94896551724138,0.0,,,100,100
726,0.21,sn_kjContinuousBeta_xnjNormal,8,6,BebmS (Blind),3,0.135425063163262,0.8968750208354169,85.76555571953456,0.3942087542087542,0.0,11.435862068965518,1.0132450331125828,,3.0,100,100
726,0.21,sn_kjContinuousBeta_xnjNormal,8,6,Random Guessing,3,0.135425063163262,0.8968750208354169,0.0,0.5166179327080961,0.0009337372575035043,52.969655172413795,5.854304635761589,,3.0,100,100
726,0.21,sn_kjContinuousBeta_xnjNormal,8,6,SuStaIn (GMM),3,0.135425063163262,0.8968750208354169,233.95392219622929,0.2923232323232323,0.5095033804331619,12.615172413793104,40.40397350993378,,,100,100
726,0.21,sn_kjContinuousBeta_xnjNormal,8,6,SuStaIn (KDE),3,0.135425063163262,0.8968750208354169,275.52082449595133,0.3311784511784512,0.036469777379530076,11.463448275862069,19.43708609271523,,,100,100
726,0.21,sn_kjContinuousBeta_xnjNormal,9,6,BebmS,3,0.19274306201405472,0.9468933560022669,70.5148948431015,0.4129292929292929,0.004154187295413076,12.688275862068966,0.0,,,100,100
726,0.21,sn_kjContinuousBeta_xnjNormal,9,6,BebmS (Blind),3,0.19274306201405472,0.9468933560022669,85.9580514073372,0.4362289562289563,0.0,12.52,1.236842105263158,,2.0,100,100
726,0.21,sn_kjContinuousBeta_xnjNormal,9,6,Random Guessing,3,0.19274306201405472,0.9468933560022669,0.0,0.4839214893229551,-0.00019867128991770585,53.066206896551726,6.118421052631579,,2.0,100,100
726,0.21,sn_kjContinuousBeta_xnjNormal,9,6,SuStaIn (GMM),3,0.19274306201405472,0.9468933560022669,127.81916777690252,0.4227609427609427,0.028026181869926923,18.93103448275862,44.38157894736842,,,100,100
726,0.21,sn_kjContinuousBeta_xnjNormal,9,6,SuStaIn (KDE),3,0.19274306201405472,0.9468933560022669,189.22932465473812,0.3521212121212121,0.006485494339196653,12.380689655172414,19.88157894736842,,,100,100
726,0.21,sn_kjContinuousBeta_xnjNormal,10,6,BebmS,3,0.31713768708424894,0.972034536787012,70.01381194988886,0.4481481481481482,0.0,16.579310344827586,0.0,,,100,100
726,0.21,sn_kjContinuousBeta_xnjNormal,10,6,BebmS (Blind),3,0.31713768708424894,0.972034536787012,84.86303826173146,0.4525925925925926,0.0,12.642758620689655,0.033112582781456956,,2.0,100,100
726,0.21,sn_kjContinuousBeta_xnjNormal,10,6,Random Guessing,3,0.31713768708424894,0.972034536787012,0.0,0.4823105001341023,0.0009604591335625192,54.12965517241379,6.298013245033113,,2.0,100,100
726,0.21,sn_kjContinuousBeta_xnjNormal,10,6,SuStaIn (GMM),3,0.31713768708424894,0.972034536787012,1077.8423100113869,0.36127946127946126,0.09606636406630535,14.924137931034483,44.390728476821195,,,100,100
726,0.21,sn_kjContinuousBeta_xnjNormal,10,6,SuStaIn (KDE),3,0.31713768708424894,0.972034536787012,828.0010891834895,0.30168350168350166,0.0011032859169413571,10.26206896551724,20.496688741721854,,,100,100
726,0.21,sn_kjContinuousBeta_xnjNormal,11,6,BebmS,3,0.4359711367084952,0.9884281761509485,69.80985261201859,0.37993265993265996,-0.0008420952284099476,10.31448275862069,0.0,,,100,100
726,0.21,sn_kjContinuousBeta_xnjNormal,11,6,BebmS (Blind),3,0.4359711367084952,0.9884281761509485,85.1566460331281,0.3812794612794613,0.0,5.699310344827587,0.0,,2.0,100,100
726,0.21,sn_kjContinuousBeta_xnjNormal,11,6,Random Guessing,3,0.4359711367084952,0.9884281761509485,0.0,0.5056114539356175,-0.0017499397452788615,52.23172413793103,6.184210526315789,,2.0,100,100
726,0.21,sn_kjContinuousBeta_xnjNormal,11,6,SuStaIn (GMM),3,0.4359711367084952,0.9884281761509485,278.76304135719937,0.4377104377104377,0.0003148622742421754,22.42896551724138,49.92763157894737,,,100,100
726,0.21,sn_kjContinuousBeta_xnjNormal,11,6,SuStaIn (KDE),3,0.4359711367084952,0.9884281761509485,719.4609057704607,0.36161616161616167,0.003533978425180111,11.126896551724139,19.644736842105264,,,100,100
726,0.21,sn_kjContinuousBeta_xnjNormal,12,6,BebmS,3,0.03477893616034459,0.47584625129179586,81.76872254610062,0.23730639730639733,0.9526185528656504,8.46896551724138,0.0,,,100,100
726,0.21,sn_kjContinuousBeta_xnjNormal,12,6,BebmS (Blind),3,0.03477893616034459,0.47584625129179586,100.06787817080816,0.23138047138047138,0.8987049592266083,6.038620689655173,1.118421052631579,,3.0,100,100
726,0.21,sn_kjContinuousBeta_xnjNormal,12,6,Random Guessing,3,0.03477893616034459,0.47584625129179586,0.0,0.5066215609434445,-0.0006571935995731154,52.44137931034483,5.6381578947368425,,3.0,100,100
726,0.21,sn_kjContinuousBeta_xnjNormal,12,6,SuStaIn (GMM),3,0.03477893616034459,0.47584625129179586,732.77454221646,0.34646464646464653,0.9803866964462491,14.593103448275862,40.151315789473685,,,100,100
726,0.21,sn_kjContinuousBeta_xnjNormal,12,6,SuStaIn (KDE),3,0.03477893616034459,0.47584625129179586,661.4086901028951,0.3443771043771044,0.29402076502430075,12.828965517241379,20.230263157894736,,,100,100
726,0.21,sn_kjContinuousBeta_xnjNormal,13,6,BebmS,3,0.21942651410992356,0.9536060272693936,72.63581244150798,0.3905050505050505,0.0,8.230027548209366,0.0,,,100,100
726,0.21,sn_kjContinuousBeta_xnjNormal,13,6,BebmS (Blind),3,0.21942651410992356,0.9536060272693936,88.49488703807195,0.4446464646464647,0.0,13.067493112947659,2.526666666666667,,0.0,100,100
726,0.21,sn_kjContinuousBeta_xnjNormal,13,6,Random Guessing,3,0.21942651410992356,0.9536060272693936,0.0,0.4869415078604373,0.00026660041309130793,52.56198347107438,5.78,,0.0,100,100
726,0.21,sn_kjContinuousBeta_xnjNormal,13,6,SuStaIn (GMM),3,0.21942651410992356,0.9536060272693936,616.1414951761564,0.3943434343434344,0.32101273542606795,17.94490358126722,45.22,,,100,100
726,0.21,sn_kjContinuousBeta_xnjNormal,13,6,SuStaIn (KDE),3,0.21942651410992356,0.9536060272693936,582.4944034099578,0.36505050505050507,0.008936440899659736,11.15977961432507,18.846666666666668,,,100,100
726,0.21,sn_kjContinuousBeta_xnjNormal,14,6,BebmS,3,0.17276960545658718,0.9181198119811981,69.0417459845543,0.4661279461279461,0.0,13.77103448275862,0.0,,,100,100
726,0.21,sn_kjContinuousBeta_xnjNormal,14,6,BebmS (Blind),3,0.17276960545658718,0.9181198119811981,95.52251019875209,0.3620202020202021,0.06734220610220149,9.033103448275861,0.06622516556291391,,1.0,100,100
726,0.21,sn_kjContinuousBeta_xnjNormal,14,6,Random Guessing,3,0.17276960545658718,0.9181198119811981,0.0,0.4969446917673424,-0.0031464857357726256,52.46344827586207,5.973509933774834,,1.0,100,100
726,0.21,sn_kjContinuousBeta_xnjNormal,14,6,SuStaIn (GMM),3,0.17276960545658718,0.9181198119811981,1250.0657589276632,0.37885521885521883,0.4050379309640836,15.41793103448276,41.37748344370861,,,100,100
726,0.21,sn_kjContinuousBeta_xnjNormal,14,6,SuStaIn (KDE),3,0.17276960545658718,0.9181198119811981,702.7918275396029,0.3704377104377105,0.040814665879794584,11.332413793103449,18.185430463576157,,,100,100
726,0.21,sn_kjContinuousBeta_xnjNormal,15,6,BebmS,3,0.20618765930803637,0.95004033736707,75.1468405365944,0.3752861952861953,0.0,10.727272727272727,0.06622516556291391,,,100,100
726,0.21,sn_kjContinuousBeta_xnjNormal,15,6,BebmS (Blind),3,0.20618765930803637,0.95004033736707,90.31029133796692,0.36127946127946126,0.0021581506545488086,11.819559228650137,0.08609271523178808,,2.0,100,100
726,0.21,sn_kjContinuousBeta_xnjNormal,15,6,Random Guessing,3,0.20618765930803637,0.95004033736707,0.0,0.49966017777127636,6.144514863295372e-05,53.269972451790636,5.8344370860927155,,2.0,100,100
726,0.21,sn_kjContinuousBeta_xnjNormal,15,6,SuStaIn (GMM),3,0.20618765930803637,0.95004033736707,157.64221105972925,0.3639057239057239,0.1940077157668732,16.798898071625345,42.93377483443709,,,100,100
726,0.21,sn_kjContinuousBeta_xnjNormal,15,6,SuStaIn (KDE),3,0.20618765930803637,0.95004033736707,199.38871564070385,0.30592592592592593,0.0370520541403198,11.097796143250688,22.423841059602648,,,100,100
726,0.21,sn_kjContinuousBeta_xnjNormal,16,6,BebmS,3,0.05505261576137472,0.6325312531253126,72.44379763205846,0.3572390572390572,0.3742431044563346,12.939310344827586,0.11920529801324503,,,100,100
726,0.21,sn_kjContinuousBeta_xnjNormal,16,6,BebmS (Blind),3,0.05505261576137472,0.6325312531253126,93.85095763603846,0.4534006734006734,0.0002510753249697552,14.830344827586208,2.781456953642384,,0.0,100,100
726,0.21,sn_kjContinuousBeta_xnjNormal,16,6,Random Guessing,3,0.05505261576137472,0.6325312531253126,0.0,0.48199906366734885,0.00044623328382562916,52.29103448275862,5.423841059602649,,0.0,100,100
726,0.21,sn_kjContinuousBeta_xnjNormal,16,6,SuStaIn (GMM),3,0.05505261576137472,0.6325312531253126,288.3485008716583,0.3583838383838384,0.7915723305060668,15.846896551724138,39.64238410596027,,,100,100
726,0.21,sn_kjContinuousBeta_xnjNormal,16,6,SuStaIn (KDE),3,0.05505261576137472,0.6325312531253126,262.9546454230944,0.2783838383838384,0.21650611522079152,10.58206896551724,15.291390728476822,,,100,100
726,0.21,sn_kjContinuousBeta_xnjNormal,17,6,BebmS,3,0.37231028826364415,0.9807154048738207,74.01914986371995,0.41023569023569023,0.0,10.002758620689654,0.0,,,100,100
726,0.21,sn_kjContinuousBeta_xnjNormal,17,6,BebmS (Blind),3,0.37231028826364415,0.9807154048738207,92.29751180807749,0.4122558922558923,0.0,9.722758620689655,0.847682119205298,,2.0,100,100
726,0.21,sn_kjContinuousBeta_xnjNormal,17,6,Random Guessing,3,0.37231028826364415,0.9807154048738207,0.0,0.47747127462996697,-0.0014040692786370709,51.89655172413793,6.496688741721854,,2.0,100,100
726,0.21,sn_kjContinuousBeta_xnjNormal,17,6,SuStaIn (GMM),3,0.37231028826364415,0.9807154048738207,241.70069983402888,0.3636363636363636,0.006211195104779082,13.860689655172413,34.384105960264904,,,100,100
726,0.21,sn_kjContinuousBeta_xnjNormal,17,6,SuStaIn (KDE),3,0.37231028826364415,0.9807154048738207,237.86982285579046,0.37313131313131315,-0.0015874545664770374,13.16,21.814569536423843,,,100,100
726,0.21,sn_kjContinuousBeta_xnjNormal,18,6,BebmS,3,0.09568765442489761,0.7952995299529954,68.97545849084854,0.4036363636363636,0.00445865020518162,12.644137931034482,0.0,,,100,100
726,0.21,sn_kjContinuousBeta_xnjNormal,18,6,BebmS (Blind),3,0.09568765442489761,0.7952995299529954,84.4976468205452,0.37696969696969695,-0.0002549202181635619,12.073103448275862,0.8278145695364238,,0.0,100,100
726,0.21,sn_kjContinuousBeta_xnjNormal,18,6,Random Guessing,3,0.09568765442489761,0.7952995299529954,0.0,0.4878162821351182,0.0031244806600332947,53.17793103448276,5.960264900662252,,0.0,100,100
726,0.21,sn_kjContinuousBeta_xnjNormal,18,6,SuStaIn (GMM),3,0.09568765442489761,0.7952995299529954,540.1872614820799,0.3901010101010101,0.6147668426947759,17.024827586206897,38.51655629139073,,,100,100
726,0.21,sn_kjContinuousBeta_xnjNormal,18,6,SuStaIn (KDE),3,0.09568765442489761,0.7952995299529954,533.3375114997228,0.35622895622895623,0.056079656385735456,13.364137931034483,22.509933774834437,,,100,100
726,0.21,sn_kjContinuousBeta_xnjNormal,19,6,BebmS,3,0.45729406494377034,0.9908177484415108,69.65229241450628,0.38545454545454544,0.0,7.253443526170799,0.10596026490066225,,,100,100
726,0.21,sn_kjContinuousBeta_xnjNormal,19,6,BebmS (Blind),3,0.45729406494377034,0.9908177484415108,85.1702162106832,0.3528619528619528,0.0,5.225895316804408,0.09933774834437085,,1.0,100,100
726,0.21,sn_kjContinuousBeta_xnjNormal,19,6,Random Guessing,3,0.45729406494377034,0.9908177484415108,0.0,0.5050505524094281,0.0020891622496217923,51.80440771349862,6.086092715231788,,1.0,100,100
726,0.21,sn_kjContinuousBeta_xnjNormal,19,6,SuStaIn (GMM),3,0.45729406494377034,0.9908177484415108,543.469684334596,0.3118518518518518,0.013542903246863195,13.65977961432507,36.9271523178808,,,100,100
726,0.21,sn_kjContinuousBeta_xnjNormal,19,6,SuStaIn (KDE),3,0.45729406494377034,0.9908177484415108,512.8548171877861,0.30282828282828284,-0.006614253970185976,10.147382920110193,18.629139072847682,,,100,100
726,0.21,sn_kjContinuousBeta_xnjNormal,20,6,BebmS,3,0.4669117532711822,0.9934553455345535,134.71470423936844,0.454949494949495,0.0,13.504827586206897,0.0,,,100,100
726,0.21,sn_kjContinuousBeta_xnjNormal,20,6,BebmS (Blind),3,0.4669117532711822,0.9934553455345535,123.95466047525406,0.402020202020202,0.0,9.76,0.9867549668874173,,1.0,100,100
726,0.21,sn_kjContinuousBeta_xnjNormal,20,6,Random Guessing,3,0.4669117532711822,0.9934553455345535,0.0,0.5042375465895007,-0.0027698745783875265,52.40689655172414,6.013245033112582,,1.0,100,100
726,0.21,sn_kjContinuousBeta_xnjNormal,20,6,SuStaIn (GMM),3,0.4669117532711822,0.9934553455345535,686.9727303942044,0.3391245791245791,0.0008936737052582359,15.47448275862069,43.4635761589404,,,100,100
726,0.21,sn_kjContinuousBeta_xnjNormal,20,6,SuStaIn (KDE),3,0.4669117532711822,0.9934553455345535,729.5392009854316,0.3147474747474747,0.0021696692063053412,11.248275862068965,20.503311258278146,,,100,100
726,0.21,sn_kjContinuousBeta_xnjNormal,21,6,BebmS,3,0.3019105684010834,0.9719118578524519,132.95165206193923,0.38936026936026935,0.0,11.851239669421487,0.059602649006622516,,,100,100
726,0.21,sn_kjContinuousBeta_xnjNormal,21,6,BebmS (Blind),3,0.3019105684010834,0.9719118578524519,148.68093682130177,0.3762962962962963,0.0,9.409090909090908,0.3443708609271523,,2.0,100,100
726,0.21,sn_kjContinuousBeta_xnjNormal,21,6,Random Guessing,3,0.3019105684010834,0.9719118578524519,0.0,0.5035833785161212,0.0023214788974300865,52.77272727272727,5.847682119205298,,2.0,100,100
726,0.21,sn_kjContinuousBeta_xnjNormal,21,6,SuStaIn (GMM),3,0.3019105684010834,0.9719118578524519,750.1528456886609,0.4169023569023569,0.1378125656788148,17.63085399449036,41.735099337748345,,,100,100
726,0.21,sn_kjContinuousBeta_xnjNormal,21,6,SuStaIn (KDE),3,0.3019105684010834,0.9719118578524519,644.8834253033002,0.3381818181818182,-0.001782991913020024,11.559228650137742,18.211920529801326,,,100,100
726,0.21,sn_kjContinuousBeta_xnjNormal,22,6,BebmS,3,0.12484830668258352,0.8887675434210087,94.66458634932836,0.44558922558922553,0.0,11.195862068965518,0.0,,,100,100
726,0.21,sn_kjContinuousBeta_xnjNormal,22,6,BebmS (Blind),3,0.12484830668258352,0.8887675434210087,119.8126219034195,0.4286195286195286,0.0,11.518620689655172,0.059602649006622516,,2.0,100,100
726,0.21,sn_kjContinuousBeta_xnjNormal,22,6,Random Guessing,3,0.12484830668258352,0.8887675434210087,0.0,0.48383495031646073,-0.0008684010654354256,52.459310344827585,5.66887417218543,,2.0,100,100
726,0.21,sn_kjContinuousBeta_xnjNormal,22,6,SuStaIn (GMM),3,0.12484830668258352,0.8887675434210087,505.0728166302045,0.323030303030303,0.522348409386291,13.019310344827586,36.384105960264904,,,100,100
726,0.21,sn_kjContinuousBeta_xnjNormal,22,6,SuStaIn (KDE),3,0.12484830668258352,0.8887675434210087,567.2993461529414,0.3489562289562289,0.038344477673877386,12.32551724137931,16.788079470198674,,,100,100
726,0.21,sn_kjContinuousBeta_xnjNormal,23,6,BebmS,3,0.46795296497059735,0.9898149814981498,97.71769066651662,0.3853872053872054,-0.0010882988422040807,10.110192837465565,0.046357615894039736,,,100,100
726,0.21,sn_kjContinuousBeta_xnjNormal,23,6,BebmS (Blind),3,0.46795296497059735,0.9898149814981498,123.18422363996505,0.43023569023569025,0.0,9.577134986225895,0.7615894039735099,,2.0,100,100
726,0.21,sn_kjContinuousBeta_xnjNormal,23,6,Random Guessing,3,0.46795296497059735,0.9898149814981498,0.0,0.509325223023545,-0.0017770760115118594,53.21763085399449,6.33112582781457,,2.0,100,100
726,0.21,sn_kjContinuousBeta_xnjNormal,23,6,SuStaIn (GMM),3,0.46795296497059735,0.9898149814981498,592.8235694289208,0.4496296296296296,-0.0003552728138960706,20.08677685950413,47.09933774834437,,,100,100
726,0.21,sn_kjContinuousBeta_xnjNormal,23,6,SuStaIn (KDE),3,0.46795296497059735,0.9898149814981498,611.1078752795855,0.30175084175084177,-0.0007731454397253025,9.352617079889807,18.08609271523179,,,100,100
726,0.21,sn_kjContinuousBeta_xnjNormal,24,6,BebmS,3,0.052126792046730624,0.6441190785745241,80.26919460296631,0.28531986531986536,0.47757452494377217,6.503448275862069,0.013245033112582781,,,100,100
726,0.21,sn_kjContinuousBeta_xnjNormal,24,6,BebmS (Blind),3,0.052126792046730624,0.6441190785745241,106.56690402428309,0.3525252525252525,0.6221127741668782,9.813793103448276,4.317880794701987,,1.0,100,100
726,0.21,sn_kjContinuousBeta_xnjNormal,24,6,Random Guessing,3,0.052126792046730624,0.6441190785745241,0.0,0.4830438377467238,-0.0013242760558026508,51.16137931034483,5.781456953642384,,1.0,100,100
726,0.21,sn_kjContinuousBeta_xnjNormal,24,6,SuStaIn (GMM),3,0.052126792046730624,0.6441190785745241,305.3784270723661,0.34471380471380475,0.8456507733979279,14.8,40.847682119205295,,,100,100
726,0.21,sn_kjContinuousBeta_xnjNormal,24,6,SuStaIn (KDE),3,0.052126792046730624,0.6441190785745241,341.3747197786967,0.283973063973064,0.39402880115572675,10.70896551724138,19.417218543046356,,,100,100
726,0.21,sn_kjContinuousBeta_xnjNormal,25,6,BebmS,3,0.399127439343923,0.9867080041337467,69.49881347815196,0.42612794612794613,0.0,9.351724137931035,0.11842105263157894,,,100,100
726,0.21,sn_kjContinuousBeta_xnjNormal,25,6,BebmS (Blind),3,0.399127439343923,0.9867080041337467,85.61446924209595,0.4191245791245792,0.0,10.219310344827587,0.14473684210526316,,1.0,100,100
726,0.21,sn_kjContinuousBeta_xnjNormal,25,6,Random Guessing,3,0.399127439343923,0.9867080041337467,0.0,0.4932570528842229,-0.0028333240414077712,53.057931034482756,6.269736842105263,,1.0,100,100
726,0.21,sn_kjContinuousBeta_xnjNormal,25,6,SuStaIn (GMM),3,0.399127439343923,0.9867080041337467,541.4559470733006,0.3292255892255892,0.03634111472552597,15.369655172413793,44.76315789473684,,,100,100
726,0.21,sn_kjContinuousBeta_xnjNormal,25,6,SuStaIn (KDE),3,0.399127439343923,0.9867080041337467,655.390285551548,0.3914478114478115,0.0048044497246227105,13.195862068965518,23.25,,,100,100
726,0.21,sn_kjContinuousBeta_xnjNormal,26,6,BebmS,3,0.16120726735436514,0.9357242390905757,69.02715804179509,0.4376430976430976,0.0,14.60551724137931,0.0,,,100,100
726,0.21,sn_kjContinuousBeta_xnjNormal,26,6,BebmS (Blind),3,0.16120726735436514,0.9357242390905757,84.3943634947141,0.424040404040404,0.0,7.372413793103449,0.2251655629139073,,2.0,100,100
726,0.21,sn_kjContinuousBeta_xnjNormal,26,6,Random Guessing,3,0.16120726735436514,0.9357242390905757,0.0,0.502539855167635,-0.0006807262784592168,52.51724137931034,5.966887417218543,,2.0,100,100
726,0.21,sn_kjContinuousBeta_xnjNormal,26,6,SuStaIn (GMM),3,0.16120726735436514,0.9357242390905757,619.0601638277371,0.3654545454545455,0.05168506546705074,17.077241379310344,42.05960264900662,,,100,100
726,0.21,sn_kjContinuousBeta_xnjNormal,26,6,SuStaIn (KDE),3,0.16120726735436514,0.9357242390905757,594.6141916036606,0.36424242424242426,0.0032441120996332504,11.89103448275862,20.24503311258278,,,100,100
726,0.21,sn_kjContinuousBeta_xnjNormal,27,6,BebmS,3,0.10041933654043711,0.8376691002433577,125.32856141726175,0.4078787878787879,0.0,6.102068965517241,0.0,,,100,100
726,0.21,sn_kjContinuousBeta_xnjNormal,27,6,BebmS (Blind),3,0.10041933654043711,0.8376691002433577,150.51262653271357,0.35521885521885527,0.20958318099414489,8.95448275862069,1.8609271523178808,,1.0,100,100
726,0.21,sn_kjContinuousBeta_xnjNormal,27,6,Random Guessing,3,0.10041933654043711,0.8376691002433577,0.0,0.501613376671479,-0.0025799117655677154,53.419310344827586,5.781456953642384,,1.0,100,100
726,0.21,sn_kjContinuousBeta_xnjNormal,27,6,SuStaIn (GMM),3,0.10041933654043711,0.8376691002433577,364.7704622387886,0.3076767676767677,0.6238381843801186,12.627586206896552,38.562913907284766,,,100,100
726,0.21,sn_kjContinuousBeta_xnjNormal,27,6,SuStaIn (KDE),3,0.10041933654043711,0.8376691002433577,399.6800197958946,0.35313131313131313,0.018913519914354922,11.375172413793104,20.75496688741722,,,100,100
726,0.21,sn_kjContinuousBeta_xnjNormal,28,6,BebmS,3,0.15971808669420048,0.9047904790479048,73.92270467281341,0.39393939393939387,0.0038628526552132,6.947586206896552,0.0,,,100,100
726,0.21,sn_kjContinuousBeta_xnjNormal,28,6,BebmS (Blind),3,0.15971808669420048,0.9047904790479048,91.74648690621058,0.39622895622895626,0.0,8.281379310344828,0.1390728476821192,,1.0,100,100
726,0.21,sn_kjContinuousBeta_xnjNormal,28,6,Random Guessing,3,0.15971808669420048,0.9047904790479048,0.0,0.5021607446461805,0.0005310165514427135,52.750344827586204,6.357615894039735,,1.0,100,100
726,0.21,sn_kjContinuousBeta_xnjNormal,28,6,SuStaIn (GMM),3,0.15971808669420048,0.9047904790479048,628.6220443487167,0.4257239057239057,0.48512725769866255,17.819310344827585,46.675496688741724,,,100,100
726,0.21,sn_kjContinuousBeta_xnjNormal,28,6,SuStaIn (KDE),3,0.15971808669420048,0.9047904790479048,594.9860626618067,0.3628282828282828,0.01846050856063042,11.526896551724137,18.516556291390728,,,100,100
726,0.21,sn_kjContinuousBeta_xnjNormal,29,6,BebmS,3,0.27758030345003365,0.9753148648198153,74.22098050117492,0.39791245791245794,0.0,5.499310344827586,0.07947019867549669,,,100,100
726,0.21,sn_kjContinuousBeta_xnjNormal,29,6,BebmS (Blind),3,0.27758030345003365,0.9753148648198153,91.91107581853866,0.3769023569023569,-0.00015435261004730555,4.973793103448276,0.4105960264900662,,2.0,100,100
726,0.21,sn_kjContinuousBeta_xnjNormal,29,6,Random Guessing,3,0.27758030345003365,0.9753148648198153,0.0,0.5056852727039778,-0.00039530697692445984,52.74344827586207,6.066225165562914,,2.0,100,100
726,0.21,sn_kjContinuousBeta_xnjNormal,29,6,SuStaIn (GMM),3,0.27758030345003365,0.9753148648198153,536.4704894661903,0.3755555555555556,0.07940838319956103,15.966896551724139,40.47019867549669,,,100,100
726,0.21,sn_kjContinuousBeta_xnjNormal,29,6,SuStaIn (KDE),3,0.27758030345003365,0.9753148648198153,609.4119715531667,0.29609427609427613,-0.0023024775730906,10.44,17.357615894039736,,,100,100
726,0.21,sn_kjContinuousBeta_xnjNormal,30,6,BebmS,3,0.026896374990674293,0.46521318798546524,69.53761177857717,0.24383838383838385,0.8296007202930378,5.684573002754821,0.0,,,100,100
726,0.21,sn_kjContinuousBeta_xnjNormal,30,6,BebmS (Blind),3,0.026896374990674293,0.46521318798546524,86.70503995815913,0.2287542087542088,0.8523188421617525,4.986225895316805,0.05333333333333334,,2.0,100,100
726,0.21,sn_kjContinuousBeta_xnjNormal,30,6,Random Guessing,3,0.026896374990674293,0.46521318798546524,0.0,0.4858348749838292,0.00010411095697367793,53.85674931129476,5.866666666666666,,2.0,100,100
726,0.21,sn_kjContinuousBeta_xnjNormal,30,6,SuStaIn (GMM),3,0.026896374990674293,0.46521318798546524,332.43867022593815,0.2927946127946128,0.9397925640776154,12.380165289256198,37.38,,,100,100
726,0.21,sn_kjContinuousBeta_xnjNormal,30,6,SuStaIn (KDE),3,0.026896374990674293,0.46521318798546524,351.0527524034182,0.256969696969697,0.7796983976772774,8.085399449035812,17.486666666666668,,,100,100
726,0.21,sn_kjContinuousBeta_xnjNormal,31,6,BebmS,3,0.3669592033435744,0.9822408907557423,78.06617244482041,0.3713131313131313,0.0,6.270344827586207,0.09210526315789473,,,100,100
726,0.21,sn_kjContinuousBeta_xnjNormal,31,6,BebmS (Blind),3,0.3669592033435744,0.9822408907557423,92.14536441167196,0.39313131313131316,0.0,8.13103448275862,0.8552631578947368,,2.0,100,100
726,0.21,sn_kjContinuousBeta_xnjNormal,31,6,Random Guessing,3,0.3669592033435744,0.9822408907557423,0.0,0.4898886678556012,0.0010752583287165897,52.08965517241379,6.078947368421052,,2.0,100,100
726,0.21,sn_kjContinuousBeta_xnjNormal,31,6,SuStaIn (GMM),3,0.3669592033435744,0.9822408907557423,345.9856817324956,0.2944781144781145,0.09897761597420696,13.935172413793103,39.18421052631579,,,100,100
726,0.21,sn_kjContinuousBeta_xnjNormal,31,6,SuStaIn (KDE),3,0.3669592033435744,0.9822408907557423,289.4784435550372,0.32377104377104376,0.007646314774445507,11.32,18.375,,,100,100
726,0.21,sn_kjContinuousBeta_xnjNormal,32,6,BebmS,3,0.11840087989752643,0.8565669900323366,97.29479922453562,0.36175084175084177,0.062430946218026466,14.059228650137742,0.0,,,100,100
726,0.21,sn_kjContinuousBeta_xnjNormal,32,6,BebmS (Blind),3,0.11840087989752643,0.8565669900323366,108.56440173387527,0.3877441077441077,0.20834444859095022,12.763085399449036,0.2733333333333333,,2.0,100,100
726,0.21,sn_kjContinuousBeta_xnjNormal,32,6,Random Guessing,3,0.11840087989752643,0.8565669900323366,0.0,0.48833387429507447,0.002250328855080386,53.02203856749311,6.22,,2.0,100,100
726,0.21,sn_kjContinuousBeta_xnjNormal,32,6,SuStaIn (GMM),3,0.11840087989752643,0.8565669900323366,274.51554873387016,0.32983164983164986,0.6099670192528104,15.742424242424242,40.733333333333334,,,100,100
726,0.21,sn_kjContinuousBeta_xnjNormal,32,6,SuStaIn (KDE),3,0.11840087989752643,0.8565669900323366,212.47991511821746,0.37272727272727274,0.006107755430433629,13.136363636363637,21.6,,,100,100
726,0.21,sn_kjContinuousBeta_xnjNormal,33,6,BebmS,3,0.23250176656984273,0.967031369803647,82.06312794288,0.4032323232323232,0.0,11.04551724137931,0.09210526315789473,,,100,100
726,0.21,sn_kjContinuousBeta_xnjNormal,33,6,BebmS (Blind),3,0.23250176656984273,0.967031369803647,99.9103879570961,0.4144107744107744,0.0,11.111724137931034,0.15789473684210525,,0.0,100,100
726,0.21,sn_kjContinuousBeta_xnjNormal,33,6,Random Guessing,3,0.23250176656984273,0.967031369803647,0.0,0.512429990793155,-0.0016690438101184379,52.242758620689656,6.059210526315789,,0.0,100,100
726,0.21,sn_kjContinuousBeta_xnjNormal,33,6,SuStaIn (GMM),3,0.23250176656984273,0.967031369803647,519.6527555147807,0.30787878787878786,0.246026415051518,13.56,36.60526315789474,,,100,100
726,0.21,sn_kjContinuousBeta_xnjNormal,33,6,SuStaIn (KDE),3,0.23250176656984273,0.967031369803647,647.3840536514919,0.3136026936026936,0.007151837844384141,12.037241379310345,18.611842105263158,,,100,100
726,0.21,sn_kjContinuousBeta_xnjNormal,34,6,BebmS,3,0.45961945101530144,0.9899829982998299,139.2278090397517,0.3801346801346801,0.0,7.904827586206896,0.013245033112582781,,,100,100
726,0.21,sn_kjContinuousBeta_xnjNormal,34,6,BebmS (Blind),3,0.45961945101530144,0.9899829982998299,171.31939342021943,0.4195959595959596,-0.0011408080978007405,11.175172413793103,0.1390728476821192,,1.0,100,100
726,0.21,sn_kjContinuousBeta_xnjNormal,34,6,Random Guessing,3,0.45961945101530144,0.9899829982998299,0.0,0.4984424398053544,-0.0022351482936465122,52.78068965517242,6.264900662251655,,1.0,100,100
726,0.21,sn_kjContinuousBeta_xnjNormal,34,6,SuStaIn (GMM),3,0.45961945101530144,0.9899829982998299,724.8174610416095,0.35993265993266,0.015037261102970656,15.566896551724138,40.496688741721854,,,100,100
726,0.21,sn_kjContinuousBeta_xnjNormal,34,6,SuStaIn (KDE),3,0.45961945101530144,0.9899829982998299,468.06553724606835,0.3478114478114478,0.0012469057296416665,10.462068965517242,16.841059602649008,,,100,100
726,0.21,sn_kjContinuousBeta_xnjNormal,35,6,BebmS,3,0.2078685251671843,0.9502856952361903,78.49177613655726,0.4274747474747474,-0.001307112354205602,12.048275862068966,0.0,,,100,100
726,0.21,sn_kjContinuousBeta_xnjNormal,35,6,BebmS (Blind),3,0.2078685251671843,0.9502856952361903,95.67170404990514,0.4014814814814815,0.0,9.303448275862069,0.10596026490066225,,3.0,100,100
726,0.21,sn_kjContinuousBeta_xnjNormal,35,6,Random Guessing,3,0.2078685251671843,0.9502856952361903,0.0,0.49873724249598617,0.0033617677059538257,53.01931034482759,5.814569536423841,,3.0,100,100
726,0.21,sn_kjContinuousBeta_xnjNormal,35,6,SuStaIn (GMM),3,0.2078685251671843,0.9502856952361903,385.5681107401848,0.36498316498316496,0.16592433536281032,15.786206896551723,44.09933774834437,,,100,100
726,0.21,sn_kjContinuousBeta_xnjNormal,35,6,SuStaIn (KDE),3,0.2078685251671843,0.9502856952361903,306.4143943786621,0.2984511784511784,0.0017183136124765432,11.88,20.172185430463575,,,100,100
726,0.21,sn_kjContinuousBeta_xnjNormal,36,6,BebmS,3,0.3708136283677712,0.9822702270227023,109.31237132549286,0.403030303030303,-0.0008398920408432893,9.553719008264462,0.02,,,100,100
726,0.21,sn_kjContinuousBeta_xnjNormal,36,6,BebmS (Blind),3,0.3708136283677712,0.9822702270227023,125.91615039110184,0.4101683501683502,0.0,8.022038567493112,0.58,,2.0,100,100
726,0.21,sn_kjContinuousBeta_xnjNormal,36,6,Random Guessing,3,0.3708136283677712,0.9822702270227023,0.0,0.5072524693813573,-0.001566168406341033,53.107438016528924,6.42,,2.0,100,100
726,0.21,sn_kjContinuousBeta_xnjNormal,36,6,SuStaIn (GMM),3,0.3708136283677712,0.9822702270227023,558.9474979400635,0.36262626262626263,0.019835936203748374,15.858126721763085,41.9,,,100,100
726,0.21,sn_kjContinuousBeta_xnjNormal,36,6,SuStaIn (KDE),3,0.3708136283677712,0.9822702270227023,475.5505005399386,0.320942760942761,0.014731322376437957,12.893939393939394,24.08,,,100,100
726,0.21,sn_kjContinuousBeta_xnjNormal,37,6,BebmS,3,0.09524892460090602,0.7971157115711571,72.70333454211553,0.3839057239057239,0.23017387699189082,12.253443526170798,0.14666666666666667,,,100,100
726,0.21,sn_kjContinuousBeta_xnjNormal,37,6,BebmS (Blind),3,0.09524892460090602,0.7971157115711571,95.69176031748454,0.410976430976431,0.0018897432512770677,13.09504132231405,0.5333333333333333,,3.0,100,100
726,0.21,sn_kjContinuousBeta_xnjNormal,37,6,Random Guessing,3,0.09524892460090602,0.7971157115711571,0.0,0.4934418546522527,-0.002990539632185138,53.048209366391184,5.946666666666666,,3.0,100,100
726,0.21,sn_kjContinuousBeta_xnjNormal,37,6,SuStaIn (GMM),3,0.09524892460090602,0.7971157115711571,233.65293155908586,0.4016161616161617,0.8014431211293985,15.40358126721763,39.79333333333334,,,100,100
726,0.21,sn_kjContinuousBeta_xnjNormal,37,6,SuStaIn (KDE),3,0.09524892460090602,0.7971157115711571,257.633674454689,0.33191919191919195,0.09990640171880358,9.961432506887052,17.786666666666665,,,100,100
726,0.21,sn_kjContinuousBeta_xnjNormal,38,6,BebmS,3,0.2933910173259753,0.9773310664399774,70.1315819064776,0.40255892255892256,-0.002319489010778322,9.615702479338843,0.02,,,100,100
726,0.21,sn_kjContinuousBeta_xnjNormal,38,6,BebmS (Blind),3,0.2933910173259753,0.9773310664399774,85.72553077538808,0.40296296296296297,0.0,11.950413223140496,0.0,,2.0,100,100
726,0.21,sn_kjContinuousBeta_xnjNormal,38,6,Random Guessing,3,0.2933910173259753,0.9773310664399774,0.0,0.4956885620020309,0.00012101263926765456,54.082644628099175,5.68,,2.0,100,100
726,0.21,sn_kjContinuousBeta_xnjNormal,38,6,SuStaIn (GMM),3,0.2933910173259753,0.9773310664399774,237.8367879986763,0.3895622895622896,0.027418503952373455,16.046831955922865,45.81333333333333,,,100,100
726,0.21,sn_kjContinuousBeta_xnjNormal,38,6,SuStaIn (KDE),3,0.2933910173259753,0.9773310664399774,272.9870004057884,0.33569023569023565,0.014287820562316214,10.902203856749312,17.3,,,100,100
726,0.21,sn_kjContinuousBeta_xnjNormal,39,6,BebmS,3,0.47148995020544066,0.9900576724339101,92.60411976973215,0.3771717171717171,0.0,6.3324137931034485,0.0,,,100,100
726,0.21,sn_kjContinuousBeta_xnjNormal,39,6,BebmS (Blind),3,0.47148995020544066,0.9900576724339101,103.33088132143021,0.37245791245791243,0.0,3.308965517241379,0.2980132450331126,,0.0,100,100
726,0.21,sn_kjContinuousBeta_xnjNormal,39,6,Random Guessing,3,0.47148995020544066,0.9900576724339101,0.0,0.492407494314462,0.0002017654840751958,53.15172413793103,6.225165562913907,,0.0,100,100
726,0.21,sn_kjContinuousBeta_xnjNormal,39,6,SuStaIn (GMM),3,0.47148995020544066,0.9900576724339101,700.4804079890251,0.30383838383838385,0.0002204709684837842,11.775172413793104,36.06622516556291,,,100,100
726,0.21,sn_kjContinuousBeta_xnjNormal,39,6,SuStaIn (KDE),3,0.47148995020544066,0.9900576724339101,466.1087114493052,0.3205387205387205,0.0009023212108537411,10.935172413793103,19.90728476821192,,,100,100
726,0.21,sn_kjContinuousBeta_xnjNormal,40,6,BebmS,3,0.48111908032516776,0.9924739140580725,69.73333151737849,0.36760942760942755,0.0,10.139118457300276,0.0,,,100,100
726,0.21,sn_kjContinuousBeta_xnjNormal,40,6,BebmS (Blind),3,0.48111908032516776,0.9924739140580725,84.88499921957651,0.42552188552188547,0.0,7.863636363636363,0.046357615894039736,,1.0,100,100
726,0.21,sn_kjContinuousBeta_xnjNormal,40,6,Random Guessing,3,0.48111908032516776,0.9924739140580725,0.0,0.5081779226483557,-0.0017552112065397866,51.235537190082646,5.6490066225165565,,1.0,100,100
726,0.21,sn_kjContinuousBeta_xnjNormal,40,6,SuStaIn (GMM),3,0.48111908032516776,0.9924739140580725,600.422407845656,0.3640404040404041,0.023844755447352484,15.818181818181818,43.158940397350996,,,100,100
726,0.21,sn_kjContinuousBeta_xnjNormal,40,6,SuStaIn (KDE),3,0.48111908032516776,0.9924739140580725,534.0648495952288,0.3115151515151515,0.0015335951336690001,10.52754820936639,17.56953642384106,,,100,100
726,0.21,sn_kjContinuousBeta_xnjNormal,41,6,BebmS,3,0.150545340016779,0.9122392239223922,70.22540336052576,0.37353535353535355,0.0970167403565044,9.806896551724138,0.0,,,100,100
726,0.21,sn_kjContinuousBeta_xnjNormal,41,6,BebmS (Blind),3,0.150545340016779,0.9122392239223922,84.85232424736023,0.4053198653198653,0.003015349391411069,12.972413793103449,1.0463576158940397,,2.0,100,100
726,0.21,sn_kjContinuousBeta_xnjNormal,41,6,Random Guessing,3,0.150545340016779,0.9122392239223922,0.0,0.49205506468179366,-0.000493943976891848,51.96689655172414,5.986754966887418,,2.0,100,100
726,0.21,sn_kjContinuousBeta_xnjNormal,41,6,SuStaIn (GMM),3,0.150545340016779,0.9122392239223922,625.834686434269,0.34430976430976434,0.28153329284519724,15.187586206896551,39.35761589403973,,,100,100
726,0.21,sn_kjContinuousBeta_xnjNormal,41,6,SuStaIn (KDE),3,0.150545340016779,0.9122392239223922,467.7267060995102,0.3245117845117845,0.01942385201401913,12.499310344827586,20.748344370860927,,,100,100
726,0.21,sn_kjContinuousBeta_xnjNormal,42,6,BebmS,3,0.026115737506944355,0.49945927926125944,70.08554421663284,0.22484848484848485,0.9660567530544701,4.6082758620689654,0.0,,,100,100
726,0.21,sn_kjContinuousBeta_xnjNormal,42,6,BebmS (Blind),3,0.026115737506944355,0.49945927926125944,85.65547007719675,0.332996632996633,0.788616577259662,6.118620689655172,0.23026315789473684,,1.0,100,100
726,0.21,sn_kjContinuousBeta_xnjNormal,42,6,Random Guessing,3,0.026115737506944355,0.49945927926125944,0.0,0.4939089930259999,-2.3637759227595158e-05,52.83448275862069,5.684210526315789,,1.0,100,100
726,0.21,sn_kjContinuousBeta_xnjNormal,42,6,SuStaIn (GMM),3,0.026115737506944355,0.49945927926125944,577.8201949278514,0.32255892255892255,0.988347158018878,13.500689655172414,37.17763157894737,,,100,100
726,0.21,sn_kjContinuousBeta_xnjNormal,42,6,SuStaIn (KDE),3,0.026115737506944355,0.49945927926125944,516.8421246886253,0.3392592592592593,0.39586611624050394,12.431724137931035,20.81578947368421,,,100,100
726,0.21,sn_kjContinuousBeta_xnjNormal,43,6,BebmS,3,0.2724419915272243,0.9704877154382104,70.19989223480225,0.3940740740740741,0.024272959749458242,8.81655172413793,0.0,,,100,100
726,0.21,sn_kjContinuousBeta_xnjNormal,43,6,BebmS (Blind),3,0.2724419915272243,0.9704877154382104,85.12105139096577,0.42235690235690243,0.010625464855565456,12.415172413793103,1.1655629139072847,,1.0,100,100
726,0.21,sn_kjContinuousBeta_xnjNormal,43,6,Random Guessing,3,0.2724419915272243,0.9704877154382104,0.0,0.48124087921125286,0.002264561340698179,52.44689655172414,5.7218543046357615,,1.0,100,100
726,0.21,sn_kjContinuousBeta_xnjNormal,43,6,SuStaIn (GMM),3,0.2724419915272243,0.9704877154382104,177.2823444525401,0.330976430976431,0.10955099973331318,16.93655172413793,41.24503311258278,,,100,100
726,0.21,sn_kjContinuousBeta_xnjNormal,43,6,SuStaIn (KDE),3,0.2724419915272243,0.9704877154382104,180.15814646879832,0.2618181818181818,0.002545663920744832,11.171034482758621,21.218543046357617,,,100,100
726,0.21,sn_kjContinuousBeta_xnjNormal,44,6,BebmS,3,0.46068186085287927,0.9886041937527086,70.33230207363765,0.40430976430976434,0.0,11.695172413793104,0.0,,,100,100
726,0.21,sn_kjContinuousBeta_xnjNormal,44,6,BebmS (Blind),3,0.46068186085287927,0.9886041937527086,84.95085415840148,0.3896296296296296,0.0,11.724137931034482,0.2119205298013245,,0.0,100,100
726,0.21,sn_kjContinuousBeta_xnjNormal,44,6,Random Guessing,3,0.46068186085287927,0.9886041937527086,0.0,0.5106519938942157,-0.0014968089725817721,51.86344827586207,5.867549668874172,,0.0,100,100
726,0.21,sn_kjContinuousBeta_xnjNormal,44,6,SuStaIn (GMM),3,0.46068186085287927,0.9886041937527086,627.4716089487076,0.3648484848484849,0.08661951541634826,17.97655172413793,41.88741721854305,,,100,100
726,0.21,sn_kjContinuousBeta_xnjNormal,44,6,SuStaIn (KDE),3,0.46068186085287927,0.9886041937527086,540.2639203667641,0.28424242424242424,0.0009458714125218754,11.027586206896551,16.774834437086092,,,100,100
726,0.21,sn_kjContinuousBeta_xnjNormal,45,6,BebmS,3,0.14151679946986195,0.9212961296129613,71.57374082406362,0.3942760942760943,0.00900420107589026,9.252413793103448,0.0,,,100,100
726,0.21,sn_kjContinuousBeta_xnjNormal,45,6,BebmS (Blind),3,0.14151679946986195,0.9212961296129613,91.05510536829631,0.3843097643097643,0.006707430665327097,11.411034482758621,0.019867549668874173,,1.0,100,100
726,0.21,sn_kjContinuousBeta_xnjNormal,45,6,Random Guessing,3,0.14151679946986195,0.9212961296129613,0.0,0.49001319740988664,-0.001720635204789997,51.855172413793106,6.370860927152318,,1.0,100,100
726,0.21,sn_kjContinuousBeta_xnjNormal,45,6,SuStaIn (GMM),3,0.14151679946986195,0.9212961296129613,543.2585939009984,0.3978451178451179,0.10695718098136775,18.78896551724138,44.86092715231788,,,100,100
726,0.21,sn_kjContinuousBeta_xnjNormal,45,6,SuStaIn (KDE),3,0.14151679946986195,0.9212961296129613,674.7290717681249,0.35225589225589227,-0.0010666351171130612,12.313103448275863,18.695364238410598,,,100,100
726,0.21,sn_kjContinuousBeta_xnjNormal,46,6,BebmS,3,0.0471295885236695,0.631099109910991,208.54009703795114,0.331986531986532,0.6020714578915066,9.972413793103449,0.11258278145695365,,,100,100
726,0.21,sn_kjContinuousBeta_xnjNormal,46,6,BebmS (Blind),3,0.0471295885236695,0.631099109910991,202.16606003840764,0.3045117845117845,0.40576615739993477,8.231724137931035,0.06622516556291391,,2.0,100,100
726,0.21,sn_kjContinuousBeta_xnjNormal,46,6,Random Guessing,3,0.0471295885236695,0.631099109910991,0.0,0.4920944169291614,0.000301130744334573,52.00137931034483,5.695364238410596,,2.0,100,100
726,0.21,sn_kjContinuousBeta_xnjNormal,46,6,SuStaIn (GMM),3,0.0471295885236695,0.631099109910991,1213.5232577443123,0.35326599326599323,0.8986776232371538,16.502068965517243,42.88079470198676,,,100,100
726,0.21,sn_kjContinuousBeta_xnjNormal,46,6,SuStaIn (KDE),3,0.0471295885236695,0.631099109910991,451.9090625961622,0.34289562289562286,0.3465989530622445,11.991724137931035,19.450331125827816,,,100,100
726,0.21,sn_kjContinuousBeta_xnjNormal,47,6,BebmS,3,0.050973881918522805,0.6363236323632363,70.59879895448685,0.2758249158249158,0.9196848070308027,6.516528925619835,0.0,,,100,100
726,0.21,sn_kjContinuousBeta_xnjNormal,47,6,BebmS (Blind),3,0.050973881918522805,0.6363236323632363,85.04493385155996,0.2878114478114478,0.8367003856494355,6.520661157024794,0.37748344370860926,,2.0,100,100
726,0.21,sn_kjContinuousBeta_xnjNormal,47,6,Random Guessing,3,0.050973881918522805,0.6363236323632363,0.0,0.46855929929490525,0.0031953202997871133,51.794765840220386,5.6092715231788075,,2.0,100,100
726,0.21,sn_kjContinuousBeta_xnjNormal,47,6,SuStaIn (GMM),3,0.050973881918522805,0.6363236323632363,147.37704015572865,0.3391245791245791,0.8424078419670119,13.34022038567493,36.51655629139073,,,100,100
726,0.21,sn_kjContinuousBeta_xnjNormal,47,6,SuStaIn (KDE),3,0.050973881918522805,0.6363236323632363,160.58281496365865,0.35569023569023567,0.39561304434346883,12.738292011019285,21.5364238410596,,,100,100
726,0.21,sn_kjContinuousBeta_xnjNormal,48,6,BebmS,3,0.14126744107530181,0.9224109077574424,114.77026246388753,0.38632996632996636,0.0,10.085399449035812,0.0,,,100,100
726,0.21,sn_kjContinuousBeta_xnjNormal,48,6,BebmS (Blind),3,0.14126744107530181,0.9224109077574424,154.39467317263285,0.4432996632996633,0.0,11.887052341597796,2.185430463576159,,1.0,100,100
726,0.21,sn_kjContinuousBeta_xnjNormal,48,6,Random Guessing,3,0.14126744107530181,0.9224109077574424,0.0,0.4789678184975809,-0.0021469149162722983,52.95730027548209,6.503311258278146,,1.0,100,100
726,0.21,sn_kjContinuousBeta_xnjNormal,48,6,SuStaIn (GMM),3,0.14126744107530181,0.9224109077574424,686.0537952582041,0.3656565656565656,0.09565859246593994,16.225895316804408,41.71523178807947,,,100,100
726,0.21,sn_kjContinuousBeta_xnjNormal,48,6,SuStaIn (KDE),3,0.14126744107530181,0.9224109077574424,453.2524854024251,0.3583164983164983,-0.001792717127006027,13.165289256198347,23.68211920529801,,,100,100
726,0.21,sn_kjContinuousBeta_xnjNormal,49,6,BebmS,3,0.2453427704834073,0.965999266593326,74.66273284355799,0.4539393939393939,0.002102306847451351,15.39448275862069,0.0,,,100,100
726,0.21,sn_kjContinuousBeta_xnjNormal,49,6,BebmS (Blind),3,0.2453427704834073,0.965999266593326,90.98436104853948,0.4078787878787879,0.0,12.148965517241379,0.006622516556291391,,2.0,100,100
726,0.21,sn_kjContinuousBeta_xnjNormal,49,6,Random Guessing,3,0.2453427704834073,0.965999266593326,0.0,0.4952569153601672,0.004974309882188606,52.32827586206896,6.490066225165563,,2.0,100,100
726,0.21,sn_kjContinuousBeta_xnjNormal,49,6,SuStaIn (GMM),3,0.2453427704834073,0.965999266593326,577.8990685979526,0.37313131313131315,0.10446002227884695,18.753103448275862,45.675496688741724,,,100,100
726,0.21,sn_kjContinuousBeta_xnjNormal,49,6,SuStaIn (KDE),3,0.2453427704834073,0.965999266593326,584.0007758895556,0.3091582491582492,-0.008987314278057197,11.311724137931034,19.2317880794702,,,100,100
726,0.21,sn_kjOrdinalDM_xnjNonNormal,0,2,BebmS,3,0.0779102892654733,0.7188918891889189,71.02776336272558,0.40350168350168353,0.48274137740578676,19.25068870523416,0.0,,,100,100
726,0.21,sn_kjOrdinalDM_xnjNonNormal,0,2,BebmS (Blind),3,0.0779102892654733,0.7188918891889189,85.18097464640935,0.35986531986531983,0.6204027966705433,14.396694214876034,1.5364238410596027,,2.0,100,100
726,0.21,sn_kjOrdinalDM_xnjNonNormal,0,2,Random Guessing,3,0.0779102892654733,0.7188918891889189,0.0,0.4922341001999418,-0.0006569620513290918,36.96280991735537,6.397350993377484,,2.0,100,100
726,0.21,sn_kjOrdinalDM_xnjNonNormal,0,2,SuStaIn (GMM),3,0.0779102892654733,0.7188918891889189,135.8927086631457,0.4837710437710438,0.17135928240182535,30.082644628099175,50.36423841059602,,,100,100
726,0.21,sn_kjOrdinalDM_xnjNonNormal,0,2,SuStaIn (KDE),3,0.0779102892654733,0.7188918891889189,138.18584945599238,0.4764983164983165,0.008586547797413826,16.77961432506887,30.251655629139073,,,100,100
726,0.21,sn_kjOrdinalDM_xnjNonNormal,1,2,BebmS,3,0.22020332404121107,0.9524779144581125,68.95482275485992,0.38067340067340066,0.0,11.238620689655173,0.19205298013245034,,,100,100
726,0.21,sn_kjOrdinalDM_xnjNonNormal,1,2,BebmS (Blind),3,0.22020332404121107,0.9524779144581125,87.29064811070761,0.4353535353535354,0.00029345365381160457,16.137931034482758,4.364238410596027,,2.0,100,100
726,0.21,sn_kjOrdinalDM_xnjNonNormal,1,2,Random Guessing,3,0.22020332404121107,0.9524779144581125,0.0,0.4866389739575763,0.001421455816373504,36.3751724137931,6.245033112582782,,2.0,100,100
726,0.21,sn_kjOrdinalDM_xnjNonNormal,1,2,SuStaIn (GMM),3,0.22020332404121107,0.9524779144581125,172.79556506474813,0.47548821548821546,0.007641443916043703,29.00689655172414,50.741721854304636,,,100,100
726,0.21,sn_kjOrdinalDM_xnjNonNormal,1,2,SuStaIn (KDE),3,0.22020332404121107,0.9524779144581125,160.36745379368463,0.43508417508417513,0.010781880330166083,22.593103448275862,37.11258278145695,,,100,100
726,0.21,sn_kjOrdinalDM_xnjNonNormal,2,2,BebmS,3,0.21274618315439264,0.9521658832549922,118.71899166107178,0.4071380471380471,0.012630768476038527,14.591724137931035,0.046357615894039736,,,100,100
726,0.21,sn_kjOrdinalDM_xnjNonNormal,2,2,BebmS (Blind),3,0.21274618315439264,0.9521658832549922,145.365001475811,0.3908417508417508,0.009540217234904705,16.168275862068967,1.0264900662251655,,2.0,100,100
726,0.21,sn_kjOrdinalDM_xnjNonNormal,2,2,Random Guessing,3,0.21274618315439264,0.9521658832549922,0.0,0.5007351954436341,0.0005571894296581678,36.26068965517241,6.198675496688741,,2.0,100,100
726,0.21,sn_kjOrdinalDM_xnjNonNormal,2,2,SuStaIn (GMM),3,0.21274618315439264,0.9521658832549922,610.1301708102226,0.4692929292929293,0.003893537623284141,31.231724137931035,54.5364238410596,,,100,100
726,0.21,sn_kjOrdinalDM_xnjNonNormal,2,2,SuStaIn (KDE),3,0.21274618315439264,0.9521658832549922,934.5054613391559,0.38080808080808076,-0.002351173676536289,13.787586206896552,22.05298013245033,,,100,100
726,0.21,sn_kjOrdinalDM_xnjNonNormal,3,2,BebmS,3,0.1017459816507748,0.8373277327732773,69.19133094151815,0.3628282828282828,0.03392775114339551,12.642758620689655,0.039735099337748346,,,100,100
726,0.21,sn_kjOrdinalDM_xnjNonNormal,3,2,BebmS (Blind),3,0.1017459816507748,0.8373277327732773,84.20844718615214,0.34707070707070703,0.09417409668153609,10.020689655172413,1.423841059602649,,2.0,100,100
726,0.21,sn_kjOrdinalDM_xnjNonNormal,3,2,Random Guessing,3,0.1017459816507748,0.8373277327732773,0.0,0.4989635303063798,-0.001572608020037678,37.91724137931035,6.2052980132450335,,2.0,100,100
726,0.21,sn_kjOrdinalDM_xnjNonNormal,3,2,SuStaIn (GMM),3,0.1017459816507748,0.8373277327732773,441.7895276506742,0.45494949494949494,0.12938508457235443,25.01655172413793,46.88079470198676,,,100,100
726,0.21,sn_kjOrdinalDM_xnjNonNormal,3,2,SuStaIn (KDE),3,0.1017459816507748,0.8373277327732773,632.4160133004189,0.4237037037037037,0.014391480782367159,17.64551724137931,26.748344370860927,,,100,100
726,0.21,sn_kjOrdinalDM_xnjNonNormal,4,2,BebmS,3,0.41816473048802827,0.9898256492315898,101.5582555214564,0.4194612794612795,0.0,15.640495867768594,0.17218543046357615,,,100,100
726,0.21,sn_kjOrdinalDM_xnjNonNormal,4,2,BebmS (Blind),3,0.41816473048802827,0.9898256492315898,112.01932469209035,0.4292929292929293,-0.0008194166438530345,20.513774104683197,1.490066225165563,,1.0,100,100
726,0.21,sn_kjOrdinalDM_xnjNonNormal,4,2,Random Guessing,3,0.41816473048802827,0.9898256492315898,0.0,0.49344586928674916,-0.0006811742787416376,36.23278236914601,5.569536423841059,,1.0,100,100
726,0.21,sn_kjOrdinalDM_xnjNonNormal,4,2,SuStaIn (GMM),3,0.41816473048802827,0.9898256492315898,220.0467897772789,0.4192592592592593,9.998633753768892e-05,25.78787878787879,49.026490066225165,,,100,100
726,0.21,sn_kjOrdinalDM_xnjNonNormal,4,2,SuStaIn (KDE),3,0.41816473048802827,0.9898256492315898,271.09928649663925,0.4517171717171717,-0.0004145757863127313,23.907713498622588,39.258278145695364,,,100,100
726,0.21,sn_kjOrdinalDM_xnjNonNormal,5,2,BebmS,3,0.39041774061915463,0.987006700670067,68.17647653023401,0.3962962962962963,0.0,9.758620689655173,0.609271523178808,,,100,100
726,0.21,sn_kjOrdinalDM_xnjNonNormal,5,2,BebmS (Blind),3,0.39041774061915463,0.987006700670067,84.10318305095036,0.42929292929292934,-0.0008345233692462798,13.998620689655173,3.9205298013245033,,3.0,100,100
726,0.21,sn_kjOrdinalDM_xnjNonNormal,5,2,Random Guessing,3,0.39041774061915463,0.987006700670067,0.0,0.4852300137794611,0.0011084902906946066,36.46896551724138,6.894039735099338,,3.0,100,100
726,0.21,sn_kjOrdinalDM_xnjNonNormal,5,2,SuStaIn (GMM),3,0.39041774061915463,0.987006700670067,514.8247950792313,0.42316498316498324,-0.004489362637424161,24.69655172413793,46.94701986754967,,,100,100
726,0.21,sn_kjOrdinalDM_xnjNonNormal,5,2,SuStaIn (KDE),3,0.39041774061915463,0.987006700670067,517.9886320988337,0.4012121212121212,0.005348161463254489,26.619310344827586,47.211920529801326,,,100,100
726,0.21,sn_kjOrdinalDM_xnjNonNormal,6,2,BebmS,3,0.03397661769516549,0.5237817115044838,68.79669369061789,0.2276094276094276,0.8873342645975265,6.664827586206896,0.0,,,100,100
726,0.21,sn_kjOrdinalDM_xnjNonNormal,6,2,BebmS (Blind),3,0.03397661769516549,0.5237817115044838,84.88558997710545,0.33521885521885525,0.5894590268546865,8.540689655172415,0.2119205298013245,,1.0,100,100
726,0.21,sn_kjOrdinalDM_xnjNonNormal,6,2,Random Guessing,3,0.03397661769516549,0.5237817115044838,0.0,0.48867735058413575,0.003327990493372673,36.608275862068965,6.152317880794702,,1.0,100,100
726,0.21,sn_kjOrdinalDM_xnjNonNormal,6,2,SuStaIn (GMM),3,0.03397661769516549,0.5237817115044838,466.89472623666126,0.42397306397306395,0.3833359247558526,23.98758620689655,46.370860927152314,,,100,100
726,0.21,sn_kjOrdinalDM_xnjNonNormal,6,2,SuStaIn (KDE),3,0.03397661769516549,0.5237817115044838,541.6785893877347,0.392996632996633,0.1357451334863039,18.783448275862067,34.90728476821192,,,100,100
726,0.21,sn_kjOrdinalDM_xnjNonNormal,7,2,BebmS,3,0.1879866954308711,0.9454638797213054,69.99801667531331,0.3653198653198653,-0.002896605513067268,4.782068965517241,0.07947019867549669,,,100,100
726,0.21,sn_kjOrdinalDM_xnjNonNormal,7,2,BebmS (Blind),3,0.1879866954308711,0.9454638797213054,85.80107890367508,0.40639730639730637,-0.002896605513067268,13.176551724137932,1.4768211920529801,,1.0,100,100
726,0.21,sn_kjOrdinalDM_xnjNonNormal,7,2,Random Guessing,3,0.1879866954308711,0.9454638797213054,0.0,0.4835400155968114,0.005378604697567438,36.56413793103448,6.562913907284768,,1.0,100,100
726,0.21,sn_kjOrdinalDM_xnjNonNormal,7,2,SuStaIn (GMM),3,0.1879866954308711,0.9454638797213054,258.4773998141289,0.40383838383838383,-0.002040008806385848,29.535172413793102,53.01324503311258,,,100,100
726,0.21,sn_kjOrdinalDM_xnjNonNormal,7,2,SuStaIn (KDE),3,0.1879866954308711,0.9454638797213054,269.2492212295532,0.3707070707070707,0.0033296576026985484,19.750344827586208,33.71523178807947,,,100,100
726,0.21,sn_kjOrdinalDM_xnjNonNormal,8,2,BebmS,3,0.296161919695648,0.9778964563122979,69.56042116085688,0.36121212121212126,0.0127903496587223,12.20551724137931,0.11258278145695365,,,100,100
726,0.21,sn_kjOrdinalDM_xnjNonNormal,8,2,BebmS (Blind),3,0.296161919695648,0.9778964563122979,84.85563883781433,0.4530639730639731,0.0013114838730173858,13.303448275862069,4.913907284768212,,2.0,100,100
726,0.21,sn_kjOrdinalDM_xnjNonNormal,8,2,Random Guessing,3,0.296161919695648,0.9778964563122979,0.0,0.49751927259680606,-0.00048707636728243024,36.249655172413796,5.801324503311259,,2.0,100,100
726,0.21,sn_kjOrdinalDM_xnjNonNormal,8,2,SuStaIn (GMM),3,0.296161919695648,0.9778964563122979,500.5034441113472,0.43925925925925924,0.006391823794252721,29.07862068965517,50.258278145695364,,,100,100
726,0.21,sn_kjOrdinalDM_xnjNonNormal,8,2,SuStaIn (KDE),3,0.296161919695648,0.9778964563122979,509.71268808841705,0.43218855218855223,0.0008809290632787638,19.521379310344827,33.324503311258276,,,100,100
726,0.21,sn_kjOrdinalDM_xnjNonNormal,9,2,BebmS,3,0.2909319348485188,0.9665806580658066,105.91137990554174,0.43023569023569025,-0.0007355914348379744,17.8099173553719,0.046357615894039736,,,100,100
726,0.21,sn_kjOrdinalDM_xnjNonNormal,9,2,BebmS (Blind),3,0.2909319348485188,0.9665806580658066,136.28367680311203,0.42579124579124583,0.002533364061445378,15.652892561983471,2.066225165562914,,3.0,100,100
726,0.21,sn_kjOrdinalDM_xnjNonNormal,9,2,Random Guessing,3,0.2909319348485188,0.9665806580658066,0.0,0.5027414583827462,0.0011510194164135931,35.29752066115702,5.324503311258278,,3.0,100,100
726,0.21,sn_kjOrdinalDM_xnjNonNormal,9,2,SuStaIn (GMM),3,0.2909319348485188,0.9665806580658066,506.8885619521141,0.49299663299663304,0.00039422374154780094,28.977961432506888,50.629139072847686,,,100,100
726,0.21,sn_kjOrdinalDM_xnjNonNormal,9,2,SuStaIn (KDE),3,0.2909319348485188,0.9665806580658066,517.0761487205823,0.42249158249158253,-0.0026441604046833437,19.325068870523417,30.774834437086092,,,100,100
726,0.21,sn_kjOrdinalDM_xnjNonNormal,10,2,BebmS,3,0.2595435253599114,0.969026235956929,70.63782405455908,0.37447811447811447,0.0,6.776859504132231,0.07947019867549669,,,100,100
726,0.21,sn_kjOrdinalDM_xnjNonNormal,10,2,BebmS (Blind),3,0.2595435253599114,0.969026235956929,83.98557442426682,0.3673400673400673,-0.017238412895401456,9.74793388429752,1.5033112582781456,,3.0,100,100
726,0.21,sn_kjOrdinalDM_xnjNonNormal,10,2,Random Guessing,3,0.2595435253599114,0.969026235956929,0.0,0.49109798163135254,-0.0038036323194557994,37.960055096418735,6.059602649006623,,3.0,100,100
726,0.21,sn_kjOrdinalDM_xnjNonNormal,10,2,SuStaIn (GMM),3,0.2595435253599114,0.969026235956929,905.4857425491015,0.42552188552188547,0.0476375732198954,26.75068870523416,51.75496688741722,,,100,100
726,0.21,sn_kjOrdinalDM_xnjNonNormal,10,2,SuStaIn (KDE),3,0.2595435253599114,0.969026235956929,821.8245864311854,0.3773063973063973,-0.0011342436069457754,18.59917355371901,34.66887417218543,,,100,100
726,0.21,sn_kjOrdinalDM_xnjNonNormal,11,2,BebmS,3,0.21057042218907632,0.9555342200886755,70.79677447477977,0.3903703703703704,0.0001397407737645378,10.049723756906078,0.039735099337748346,,,100,100
726,0.21,sn_kjOrdinalDM_xnjNonNormal,11,2,BebmS (Blind),3,0.21057042218907632,0.9555342200886755,87.8871750275294,0.4177104377104377,-0.0017784364116018153,14.25,0.9536423841059603,,3.0,100,100
726,0.21,sn_kjOrdinalDM_xnjNonNormal,11,2,Random Guessing,3,0.21057042218907632,0.9555342200886755,0.0,0.5172653006828186,0.00024094695076686885,37.69613259668508,6.357615894039735,,3.0,100,100
726,0.21,sn_kjOrdinalDM_xnjNonNormal,11,2,SuStaIn (GMM),3,0.21057042218907632,0.9555342200886755,634.8433052579562,0.4700336700336701,0.009799185158230864,25.290055248618785,45.66225165562914,,,100,100
726,0.21,sn_kjOrdinalDM_xnjNonNormal,11,2,SuStaIn (KDE),3,0.21057042218907632,0.9555342200886755,911.8452890356382,0.4258585858585859,0.0019879343713233924,22.560773480662984,38.11920529801324,,,100,100
726,0.21,sn_kjOrdinalDM_xnjNonNormal,12,2,BebmS,3,0.4496086291561495,0.9926232623262327,82.39891302982966,0.43966329966329964,5.8225765372589477e-05,19.673103448275864,0.15894039735099338,,,100,100
726,0.21,sn_kjOrdinalDM_xnjNonNormal,12,2,BebmS (Blind),3,0.4496086291561495,0.9926232623262327,104.90980923573176,0.4288888888888889,-0.0007951413261612066,12.707586206896552,1.9205298013245033,,1.0,100,100
726,0.21,sn_kjOrdinalDM_xnjNonNormal,12,2,Random Guessing,3,0.4496086291561495,0.9926232623262327,0.0,0.5083154203433234,0.0011173480501903798,38.10206896551724,5.801324503311259,,1.0,100,100
726,0.21,sn_kjOrdinalDM_xnjNonNormal,12,2,SuStaIn (GMM),3,0.4496086291561495,0.9926232623262327,642.1887849529584,0.46006734006734007,-0.00039626133953924814,27.09103448275862,49.86754966887417,,,100,100
726,0.21,sn_kjOrdinalDM_xnjNonNormal,12,2,SuStaIn (KDE),3,0.4496086291561495,0.9926232623262327,663.122068019708,0.45764309764309763,0.002238173741694776,19.52413793103448,33.13245033112583,,,100,100
726,0.21,sn_kjOrdinalDM_xnjNonNormal,13,2,BebmS,3,0.10196300952254697,0.8627622762276228,72.32075648705164,0.408013468013468,0.004684649044117972,15.369146005509641,0.0,,,100,100
726,0.21,sn_kjOrdinalDM_xnjNonNormal,13,2,BebmS (Blind),3,0.10196300952254697,0.8627622762276228,87.32280693054199,0.38942760942760946,0.13264060737819677,15.84022038567493,4.675496688741722,,0.0,100,100
726,0.21,sn_kjOrdinalDM_xnjNonNormal,13,2,Random Guessing,3,0.10196300952254697,0.8627622762276228,0.0,0.4907383560205292,0.0008701870149497935,35.87741046831956,5.887417218543046,,0.0,100,100
726,0.21,sn_kjOrdinalDM_xnjNonNormal,13,2,SuStaIn (GMM),3,0.10196300952254697,0.8627622762276228,498.9993187348048,0.4887542087542087,0.04672004840122967,30.46005509641873,54.86092715231788,,,100,100
726,0.21,sn_kjOrdinalDM_xnjNonNormal,13,2,SuStaIn (KDE),3,0.10196300952254697,0.8627622762276228,595.4388940850894,0.5012121212121212,0.02036264077747668,20.202479338842974,32.35761589403973,,,100,100
726,0.21,sn_kjOrdinalDM_xnjNonNormal,14,2,BebmS,3,0.4775345723647725,0.99002566923359,98.94342319170634,0.44727272727272727,0.002076870065734141,15.414600550964188,0.36,,,100,100
726,0.21,sn_kjOrdinalDM_xnjNonNormal,14,2,BebmS (Blind),3,0.4775345723647725,0.99002566923359,145.3152727365494,0.4001346801346801,0.0004427133767611038,15.568870523415978,1.3,,1.0,100,100
726,0.21,sn_kjOrdinalDM_xnjNonNormal,14,2,Random Guessing,3,0.4775345723647725,0.99002566923359,0.0,0.4776697681374406,-0.0006181327618647912,37.37190082644628,5.82,,1.0,100,100
726,0.21,sn_kjOrdinalDM_xnjNonNormal,14,2,SuStaIn (GMM),3,0.4775345723647725,0.99002566923359,560.937084098657,0.4602020202020202,-0.004588004640749322,32.49724517906336,57.13333333333333,,,100,100
726,0.21,sn_kjOrdinalDM_xnjNonNormal,14,2,SuStaIn (KDE),3,0.4775345723647725,0.99002566923359,604.8805586536726,0.3954882154882155,0.0029972782254596435,15.59504132231405,27.56,,,100,100
726,0.21,sn_kjOrdinalDM_xnjNonNormal,15,2,BebmS,3,0.3529940985285979,0.9781578157815781,69.85930418173471,0.41710437710437703,0.00014223429679752697,13.444903581267218,0.11258278145695365,,,100,100
726,0.21,sn_kjOrdinalDM_xnjNonNormal,15,2,BebmS (Blind),3,0.3529940985285979,0.9781578157815781,104.61112226247788,0.37952861952861955,-0.0004980731621592677,9.881542699724518,1.3708609271523178,,1.0,100,100
726,0.21,sn_kjOrdinalDM_xnjNonNormal,15,2,Random Guessing,3,0.3529940985285979,0.9781578157815781,0.0,0.5152570703165925,0.0013003479842353418,35.117079889807165,5.6490066225165565,,1.0,100,100
726,0.21,sn_kjOrdinalDM_xnjNonNormal,15,2,SuStaIn (GMM),3,0.3529940985285979,0.9781578157815781,932.6260915001234,0.4962289562289562,-0.0003997720533744376,30.265840220385677,54.258278145695364,,,100,100
726,0.21,sn_kjOrdinalDM_xnjNonNormal,15,2,SuStaIn (KDE),3,0.3529940985285979,0.9781578157815781,933.6815469702085,0.4282828282828283,0.005089100269200858,18.929752066115704,31.456953642384107,,,100,100
726,0.21,sn_kjOrdinalDM_xnjNonNormal,16,2,BebmS,3,0.3624397989693507,0.9807900790079008,145.8777101755142,0.4135353535353536,0.0,11.333793103448276,0.2913907284768212,,,100,100
726,0.21,sn_kjOrdinalDM_xnjNonNormal,16,2,BebmS (Blind),3,0.3624397989693507,0.9807900790079008,172.24141738812128,0.4313131313131313,-0.0005152184946639631,15.921379310344827,0.6556291390728477,,1.0,100,100
726,0.21,sn_kjOrdinalDM_xnjNonNormal,16,2,Random Guessing,3,0.3624397989693507,0.9807900790079008,0.0,0.5020005178610859,-0.001149945327143301,38.06068965517241,5.913907284768212,,1.0,100,100
726,0.21,sn_kjOrdinalDM_xnjNonNormal,16,2,SuStaIn (GMM),3,0.3624397989693507,0.9807900790079008,537.1487099051476,0.41070707070707074,-0.002424354241115499,23.96551724137931,42.841059602649004,,,100,100
726,0.21,sn_kjOrdinalDM_xnjNonNormal,16,2,SuStaIn (KDE),3,0.3624397989693507,0.9807900790079008,521.4396731853485,0.42282828282828283,-0.0031529421684884065,18.795862068965516,29.66887417218543,,,100,100
726,0.21,sn_kjOrdinalDM_xnjNonNormal,17,2,BebmS,3,0.2552785722872337,0.9672127212721272,147.49121252298355,0.40397306397306393,0.0008249407375483039,10.99586776859504,0.2980132450331126,,,100,100
726,0.21,sn_kjOrdinalDM_xnjNonNormal,17,2,BebmS (Blind),3,0.2552785722872337,0.9672127212721272,174.08830082813898,0.42309764309764314,-0.0014140129217601828,9.585399449035812,1.2980132450331126,,3.0,100,100
726,0.21,sn_kjOrdinalDM_xnjNonNormal,17,2,Random Guessing,3,0.2552785722872337,0.9672127212721272,0.0,0.4854464742702671,0.0009128941028421699,36.074380165289256,6.105960264900662,,3.0,100,100
726,0.21,sn_kjOrdinalDM_xnjNonNormal,17,2,SuStaIn (GMM),3,0.2552785722872337,0.9672127212721272,487.3365726629893,0.44148148148148153,0.01067885004006496,27.931129476584022,51.841059602649004,,,100,100
726,0.21,sn_kjOrdinalDM_xnjNonNormal,17,2,SuStaIn (KDE),3,0.2552785722872337,0.9672127212721272,470.6164867758751,0.44262626262626265,0.0041886208117454925,15.760330578512397,27.90066225165563,,,100,100
726,0.21,sn_kjOrdinalDM_xnjNonNormal,18,2,BebmS,3,0.08576359983633354,0.8065833249991666,93.85754105250041,0.3742087542087542,0.19846847947622834,17.477241379310346,0.2185430463576159,,,100,100
726,0.21,sn_kjOrdinalDM_xnjNonNormal,18,2,BebmS (Blind),3,0.08576359983633354,0.8065833249991666,110.56145001252493,0.3290909090909091,0.4857366570487901,17.84,0.4370860927152318,,2.0,100,100
726,0.21,sn_kjOrdinalDM_xnjNonNormal,18,2,Random Guessing,3,0.08576359983633354,0.8065833249991666,0.0,0.4914677779744841,-0.002901858525777089,37.32551724137931,5.874172185430464,,2.0,100,100
726,0.21,sn_kjOrdinalDM_xnjNonNormal,18,2,SuStaIn (GMM),3,0.08576359983633354,0.8065833249991666,154.718968017896,0.4721885521885522,0.12769451958383207,25.248275862068965,43.93377483443709,,,100,100
726,0.21,sn_kjOrdinalDM_xnjNonNormal,18,2,SuStaIn (KDE),3,0.08576359983633354,0.8065833249991666,169.9832960128784,0.42404040404040405,0.024979182730362447,19.762758620689656,34.920529801324506,,,100,100
726,0.21,sn_kjOrdinalDM_xnjNonNormal,19,2,BebmS,3,0.3396578325871762,0.9828169483615028,69.75285336971282,0.42922558922558923,-0.0012916055994827717,14.740689655172414,1.0,,,100,100
726,0.21,sn_kjOrdinalDM_xnjNonNormal,19,2,BebmS (Blind),3,0.3396578325871762,0.9828169483615028,84.2379425406456,0.41535353535353536,-0.0012916055994827717,8.980689655172414,0.0,,1.0,100,100
726,0.21,sn_kjOrdinalDM_xnjNonNormal,19,2,Random Guessing,3,0.3396578325871762,0.9828169483615028,0.0,0.5244308064616444,-0.0024792404671976757,38.19310344827586,5.920529801324503,,1.0,100,100
726,0.21,sn_kjOrdinalDM_xnjNonNormal,19,2,SuStaIn (GMM),3,0.3396578325871762,0.9828169483615028,516.9555425524711,0.46740740740740744,0.0060018811323515235,25.42206896551724,48.71523178807947,,,100,100
726,0.21,sn_kjOrdinalDM_xnjNonNormal,19,2,SuStaIn (KDE),3,0.3396578325871762,0.9828169483615028,505.0485281308492,0.4053198653198653,-9.98090869284332e-05,15.991724137931035,28.198675496688743,,,100,100
726,0.21,sn_kjOrdinalDM_xnjNonNormal,20,2,BebmS,3,0.3736920869795453,0.9849184918491849,69.52528743346532,0.41703703703703704,0.0035447837589000514,12.57596685082873,0.0,,,100,100
726,0.21,sn_kjOrdinalDM_xnjNonNormal,20,2,BebmS (Blind),3,0.3736920869795453,0.9849184918491849,84.82216455936432,0.44383838383838387,-0.0013732153620879812,16.44889502762431,5.264900662251655,,2.0,100,100
726,0.21,sn_kjOrdinalDM_xnjNonNormal,20,2,Random Guessing,3,0.3736920869795453,0.9849184918491849,0.0,0.4984544238873821,-0.0013579124605668704,35.89364640883978,6.112582781456954,,2.0,100,100
726,0.21,sn_kjOrdinalDM_xnjNonNormal,20,2,SuStaIn (GMM),3,0.3736920869795453,0.9849184918491849,467.3808008869489,0.44653198653198656,-5.238521704759978e-05,25.906077348066297,47.58278145695364,,,100,100
726,0.21,sn_kjOrdinalDM_xnjNonNormal,20,2,SuStaIn (KDE),3,0.3736920869795453,0.9849184918491849,465.1239587306976,0.3948148148148148,-0.0008545870468745153,15.320441988950277,29.403973509933774,,,100,100
726,0.21,sn_kjOrdinalDM_xnjNonNormal,21,2,BebmS,3,0.04818617440658555,0.6350648398173151,140.6636041522026,0.29663299663299664,0.868815045750416,11.609655172413794,1.76,,,100,100
726,0.21,sn_kjOrdinalDM_xnjNonNormal,21,2,BebmS (Blind),3,0.04818617440658555,0.6350648398173151,142.94197175502777,0.2835690235690236,0.8078887450891064,12.406896551724138,1.3666666666666667,,0.0,100,100
726,0.21,sn_kjOrdinalDM_xnjNonNormal,21,2,Random Guessing,3,0.04818617440658555,0.6350648398173151,0.0,0.4884301659949027,9.771222098983131e-05,35.95862068965517,5.54,,0.0,100,100
726,0.21,sn_kjOrdinalDM_xnjNonNormal,21,2,SuStaIn (GMM),3,0.04818617440658555,0.6350648398173151,854.8692032535871,0.4624915824915825,0.6390995147386669,24.56551724137931,44.666666666666664,,,100,100
726,0.21,sn_kjOrdinalDM_xnjNonNormal,21,2,SuStaIn (KDE),3,0.04818617440658555,0.6350648398173151,643.7608507871628,0.47131313131313135,0.07587807294360975,20.263448275862068,33.06666666666667,,,100,100
726,0.21,sn_kjOrdinalDM_xnjNonNormal,22,2,BebmS,3,0.10005632253657522,0.8475607560756075,75.29472243785858,0.3566329966329967,0.23125698179003726,13.516528925619834,0.24503311258278146,,,100,100
726,0.21,sn_kjOrdinalDM_xnjNonNormal,22,2,BebmS (Blind),3,0.10005632253657522,0.8475607560756075,88.59710487922032,0.35744107744107745,0.23466663497400664,12.320936639118457,0.2781456953642384,,3.0,100,100
726,0.21,sn_kjOrdinalDM_xnjNonNormal,22,2,Random Guessing,3,0.10005632253657522,0.8475607560756075,0.0,0.49641350566502224,0.003252477187934527,37.6831955922865,5.688741721854305,,3.0,100,100
726,0.21,sn_kjOrdinalDM_xnjNonNormal,22,2,SuStaIn (GMM),3,0.10005632253657522,0.8475607560756075,150.55859233140944,0.41885521885521887,0.3187732224541255,27.15840220385675,47.13907284768212,,,100,100
726,0.21,sn_kjOrdinalDM_xnjNonNormal,22,2,SuStaIn (KDE),3,0.10005632253657522,0.8475607560756075,182.5252249956131,0.4015488215488216,0.015974073626829496,18.560606060606062,34.258278145695364,,,100,100
726,0.21,sn_kjOrdinalDM_xnjNonNormal,23,2,BebmS,3,0.36655402187010216,0.984966496649665,92.91261042753855,0.4032323232323232,0.0,12.557851239669422,0.4105960264900662,,,100,100
726,0.21,sn_kjOrdinalDM_xnjNonNormal,23,2,BebmS (Blind),3,0.36655402187010216,0.984966496649665,117.67999966144562,0.4192592592592592,0.005932630823952984,15.938016528925619,4.927152317880795,,0.0,100,100
726,0.21,sn_kjOrdinalDM_xnjNonNormal,23,2,Random Guessing,3,0.36655402187010216,0.984966496649665,0.0,0.49754234167588884,0.0007606146404221218,37.10192837465565,5.562913907284768,,0.0,100,100
726,0.21,sn_kjOrdinalDM_xnjNonNormal,23,2,SuStaIn (GMM),3,0.36655402187010216,0.984966496649665,745.574848028024,0.46478114478114474,0.01612468414373592,25.09366391184573,46.18543046357616,,,100,100
726,0.21,sn_kjOrdinalDM_xnjNonNormal,23,2,SuStaIn (KDE),3,0.36655402187010216,0.984966496649665,667.2432555158933,0.4049158249158249,-0.002071283565244221,17.61707988980716,29.105960264900663,,,100,100
726,0.21,sn_kjOrdinalDM_xnjNonNormal,24,2,BebmS,3,0.32841005768073617,0.9792992632596593,70.2896655678749,0.39360269360269357,-0.0030400744320459518,13.430344827586207,0.16556291390728478,,,100,100
726,0.21,sn_kjOrdinalDM_xnjNonNormal,24,2,BebmS (Blind),3,0.32841005768073617,0.9792992632596593,85.52908744017283,0.3445791245791246,0.015300424991750477,11.987586206896552,1.2119205298013245,,1.0,100,100
726,0.21,sn_kjOrdinalDM_xnjNonNormal,24,2,Random Guessing,3,0.32841005768073617,0.9792992632596593,0.0,0.5070968786917497,-0.0006724615104258768,35.76413793103448,5.549668874172186,,1.0,100,100
726,0.21,sn_kjOrdinalDM_xnjNonNormal,25,2,BebmS,3,0.18280954965845173,0.9306170617061706,69.0294880191485,0.4132659932659933,-0.00019835730341845307,13.368275862068966,0.0,,,100,100
726,0.21,sn_kjOrdinalDM_xnjNonNormal,25,2,BebmS (Blind),3,0.18280954965845173,0.9306170617061706,84.85803489287694,0.4338720538720538,-0.0002997435829361548,8.331034482758621,0.16556291390728478,,1.0,100,100
726,0.21,sn_kjOrdinalDM_xnjNonNormal,25,2,Random Guessing,3,0.18280954965845173,0.9306170617061706,0.0,0.4936863270018963,-0.0029188376086813086,36.417931034482756,5.741721854304636,,1.0,100,100
726,0.21,sn_kjOrdinalDM_xnjNonNormal,25,2,SuStaIn (GMM),3,0.18280954965845173,0.9306170617061706,547.2477850794792,0.47939393939393943,0.0010182170644590688,26.095172413793104,47.03973509933775,,,100,100
726,0.21,sn_kjOrdinalDM_xnjNonNormal,25,2,SuStaIn (KDE),3,0.18280954965845173,0.9306170617061706,671.770978820324,0.45804713804713804,0.034237617679500364,20.17103448275862,34.70198675496689,,,100,100
726,0.21,sn_kjOrdinalDM_xnjNonNormal,26,2,BebmS,3,0.35841358941858664,0.9847424742474248,69.48958922227224,0.44572390572390574,0.0,19.333793103448276,0.026490066225165563,,,100,100
726,0.21,sn_kjOrdinalDM_xnjNonNormal,26,2,BebmS (Blind),3,0.35841358941858664,0.9847424742474248,84.21838966608047,0.38713804713804717,-0.006139750977690724,10.274482758620689,2.6490066225165565,,3.0,100,100
726,0.21,sn_kjOrdinalDM_xnjNonNormal,26,2,Random Guessing,3,0.35841358941858664,0.9847424742474248,0.0,0.49512115472486934,-2.0017240412949438e-05,37.77655172413793,6.046357615894039,,3.0,100,100
726,0.21,sn_kjOrdinalDM_xnjNonNormal,26,2,SuStaIn (GMM),3,0.35841358941858664,0.9847424742474248,567.5588944951693,0.4729292929292929,0.01801051491212305,26.499310344827585,49.34437086092715,,,100,100
726,0.21,sn_kjOrdinalDM_xnjNonNormal,26,2,SuStaIn (KDE),3,0.35841358941858664,0.9847424742474248,682.3402031580607,0.4402693602693602,0.0006210276937052206,16.59862068965517,29.033112582781456,,,100,100
726,0.21,sn_kjOrdinalDM_xnjNonNormal,27,2,BebmS,3,0.014744888296444018,0.38565589892322566,69.24235327641169,0.37400673400673395,0.5071545058265932,14.28,0.16556291390728478,,,100,100
726,0.21,sn_kjOrdinalDM_xnjNonNormal,27,2,BebmS (Blind),3,0.014744888296444018,0.38565589892322566,84.46149725914002,0.23892255892255895,0.8207263705852397,7.308965517241379,1.781456953642384,,2.0,100,100
726,0.21,sn_kjOrdinalDM_xnjNonNormal,27,2,Random Guessing,3,0.014744888296444018,0.38565589892322566,0.0,0.48718997081108856,1.1799483030994553e-05,36.317241379310346,6.576158940397351,,2.0,100,100
726,0.21,sn_kjOrdinalDM_xnjNonNormal,27,2,SuStaIn (GMM),3,0.014744888296444018,0.38565589892322566,688.0939104159673,0.44996632996632996,0.2860927387294152,24.08551724137931,44.205298013245034,,,100,100
726,0.21,sn_kjOrdinalDM_xnjNonNormal,27,2,SuStaIn (KDE),3,0.014744888296444018,0.38565589892322566,571.6460407614708,0.4455218855218856,0.32833756540640174,16.438620689655174,28.6158940397351,,,100,100
726,0.21,sn_kjOrdinalDM_xnjNonNormal,28,2,BebmS,3,0.1921505379386976,0.9438690535720239,69.01467398405075,0.3771043771043771,-0.027466169202282537,18.048275862068966,0.026490066225165563,,,100,100
726,0.21,sn_kjOrdinalDM_xnjNonNormal,28,2,BebmS (Blind),3,0.1921505379386976,0.9438690535720239,84.04714922507604,0.4418855218855218,0.11265627921068633,22.053793103448275,3.3178807947019866,,0.0,100,100
726,0.21,sn_kjOrdinalDM_xnjNonNormal,28,2,Random Guessing,3,0.1921505379386976,0.9438690535720239,0.0,0.5053315644211583,-0.00023643811708680564,38.180689655172415,5.966887417218543,,0.0,100,100
726,0.21,sn_kjOrdinalDM_xnjNonNormal,28,2,SuStaIn (GMM),3,0.1921505379386976,0.9438690535720239,546.7492643396059,0.5077441077441077,0.034438208383211204,27.453793103448277,50.03973509933775,,,100,100
726,0.21,sn_kjOrdinalDM_xnjNonNormal,28,2,SuStaIn (KDE),3,0.1921505379386976,0.9438690535720239,558.0366380016009,0.40511784511784504,-0.00027859197798716474,21.126896551724137,34.602649006622514,,,100,100
726,0.21,sn_kjOrdinalDM_xnjNonNormal,29,2,BebmS,3,0.07027247920349057,0.7865039837317065,74.45929627021154,0.30323232323232324,0.3856234462352724,8.50344827586207,0.17880794701986755,,,100,100
726,0.21,sn_kjOrdinalDM_xnjNonNormal,29,2,BebmS (Blind),3,0.07027247920349057,0.7865039837317065,91.56801535288493,0.33447811447811454,0.3252465377308826,9.572413793103449,2.9072847682119205,,3.0,100,100
726,0.21,sn_kjOrdinalDM_xnjNonNormal,29,2,Random Guessing,3,0.07027247920349057,0.7865039837317065,0.0,0.49352482563130184,0.009414447103172902,36.96689655172414,6.245033112582782,,3.0,100,100
726,0.21,sn_kjOrdinalDM_xnjNonNormal,29,2,SuStaIn (GMM),3,0.07027247920349057,0.7865039837317065,647.6163640419642,0.46835016835016835,0.0992198810409928,25.572413793103447,49.17880794701987,,,100,100
726,0.21,sn_kjOrdinalDM_xnjNonNormal,29,2,SuStaIn (KDE),3,0.07027247920349057,0.7865039837317065,591.6696831742922,0.4582491582491583,-0.0029627083782572177,18.784827586206898,32.2317880794702,,,100,100
726,0.21,sn_kjOrdinalDM_xnjNonNormal,30,2,BebmS,3,0.23155702226042127,0.953923392339234,68.88848141034444,0.42350168350168355,5.862269230633972e-05,13.34297520661157,0.4304635761589404,,,100,100
726,0.21,sn_kjOrdinalDM_xnjNonNormal,30,2,BebmS (Blind),3,0.23155702226042127,0.953923392339234,83.71714144945145,0.42430976430976436,5.862269230633972e-05,16.00413223140496,3.562913907284768,,3.0,100,100
726,0.21,sn_kjOrdinalDM_xnjNonNormal,30,2,Random Guessing,3,0.23155702226042127,0.953923392339234,0.0,0.4852768500966416,0.00281043665802171,37.34022038567493,5.900662251655629,,3.0,100,100
726,0.21,sn_kjOrdinalDM_xnjNonNormal,30,2,SuStaIn (GMM),3,0.23155702226042127,0.953923392339234,494.10495928128563,0.47717171717171714,0.02485455090679537,31.199724517906336,53.556291390728475,,,100,100
726,0.21,sn_kjOrdinalDM_xnjNonNormal,30,2,SuStaIn (KDE),3,0.23155702226042127,0.953923392339234,566.4998096505801,0.39791245791245794,0.0030384796910255664,18.90909090909091,35.503311258278146,,,100,100
726,0.21,sn_kjOrdinalDM_xnjNonNormal,31,2,BebmS,3,0.24775671026067206,0.964020402040204,82.91878999074301,0.39892255892255896,0.002272336800476996,14.104827586206897,0.26490066225165565,,,100,100
726,0.21,sn_kjOrdinalDM_xnjNonNormal,31,2,BebmS (Blind),3,0.24775671026067206,0.964020402040204,101.51048504114151,0.3873400673400673,0.0014633211506691276,10.838620689655173,3.5099337748344372,,2.0,100,100
726,0.21,sn_kjOrdinalDM_xnjNonNormal,31,2,Random Guessing,3,0.24775671026067206,0.964020402040204,0.0,0.48962888889204886,-0.002501056891772988,36.24551724137931,5.6158940397351,,2.0,100,100
726,0.21,sn_kjOrdinalDM_xnjNonNormal,32,2,BebmS,3,0.44416922955813926,0.9901350135013501,70.57132652600606,0.38417508417508417,0.005424160955839351,12.31448275862069,0.18543046357615894,,,100,100
726,0.21,sn_kjOrdinalDM_xnjNonNormal,32,2,BebmS (Blind),3,0.44416922955813926,0.9901350135013501,87.87984711329142,0.3967003367003367,0.004457107656149972,12.71448275862069,0.9536423841059603,,3.0,100,100
726,0.21,sn_kjOrdinalDM_xnjNonNormal,32,2,Random Guessing,3,0.44416922955813926,0.9901350135013501,0.0,0.5238307623437591,-0.00131459919202109,35.87862068965517,5.741721854304636,,3.0,100,100
726,0.21,sn_kjOrdinalDM_xnjNonNormal,32,2,SuStaIn (GMM),3,0.44416922955813926,0.9901350135013501,172.3320229291916,0.5018855218855219,-0.0030423470054744437,32.67448275862069,52.86754966887417,,,100,100
726,0.21,sn_kjOrdinalDM_xnjNonNormal,32,2,SuStaIn (KDE),3,0.44416922955813926,0.9901350135013501,195.80590243736904,0.36754208754208756,-0.0017965291972154218,19.433103448275862,33.549668874172184,,,100,100
726,0.21,sn_kjOrdinalDM_xnjNonNormal,33,2,BebmS,3,0.20070520492290728,0.9485628562856285,82.17085915406545,0.3940740740740741,-0.001889238015002556,9.179310344827586,0.006622516556291391,,,100,100
726,0.21,sn_kjOrdinalDM_xnjNonNormal,33,2,BebmS (Blind),3,0.20070520492290728,0.9485628562856285,101.29610860745112,0.44686868686868686,0.00222642666380781,13.197241379310345,0.9139072847682119,,0.0,100,100
726,0.21,sn_kjOrdinalDM_xnjNonNormal,33,2,Random Guessing,3,0.20070520492290728,0.9485628562856285,0.0,0.516268196271778,-0.002117459092535312,37.035862068965514,6.132450331125828,,0.0,100,100
726,0.21,sn_kjOrdinalDM_xnjNonNormal,34,2,BebmS,3,0.35648689482738777,0.9850705070507051,81.9559734861056,0.3981144781144781,0.00015564953679600166,15.033103448275861,0.0,,,100,100
726,0.21,sn_kjOrdinalDM_xnjNonNormal,34,2,BebmS (Blind),3,0.35648689482738777,0.9850705070507051,100.70503123998643,0.4063299663299664,0.0,11.86896551724138,1.3178807947019868,,1.0,100,100
726,0.21,sn_kjOrdinalDM_xnjNonNormal,34,2,Random Guessing,3,0.35648689482738777,0.9850705070507051,0.0,0.527409932136191,0.001186292285152323,37.93241379310345,5.821192052980132,,1.0,100,100
726,0.21,sn_kjOrdinalDM_xnjNonNormal,34,2,SuStaIn (GMM),3,0.35648689482738777,0.9850705070507051,704.9461635788282,0.4598653198653199,0.004230295379607971,25.613793103448277,48.079470198675494,,,100,100
726,0.21,sn_kjOrdinalDM_xnjNonNormal,34,2,SuStaIn (KDE),3,0.35648689482738777,0.9850705070507051,558.9485475182533,0.4151515151515152,-0.0019012900903974954,20.07448275862069,33.98675496688742,,,100,100
726,0.21,sn_kjOrdinalDM_xnjNonNormal,35,2,BebmS,3,0.33464637976546885,0.978016468313498,137.7633458773295,0.4477441077441078,0.0,16.104827586206895,0.7814569536423841,,,100,100
726,0.21,sn_kjOrdinalDM_xnjNonNormal,35,2,BebmS (Blind),3,0.33464637976546885,0.978016468313498,177.3910809357961,0.37286195286195284,-0.0033606025869642934,14.344827586206897,1.099337748344371,,1.0,100,100
726,0.21,sn_kjOrdinalDM_xnjNonNormal,35,2,Random Guessing,3,0.33464637976546885,0.978016468313498,0.0,0.4784514769029166,0.0006734166868557595,37.315862068965515,6.152317880794702,,1.0,100,100
726,0.21,sn_kjOrdinalDM_xnjNonNormal,35,2,SuStaIn (GMM),3,0.33464637976546885,0.978016468313498,811.4359007199605,0.3872053872053873,0.01299001559916113,26.481379310344828,48.83443708609271,,,100,100
726,0.21,sn_kjOrdinalDM_xnjNonNormal,35,2,SuStaIn (KDE),3,0.33464637976546885,0.978016468313498,466.96268731355667,0.3956228956228956,-0.0022540322129921517,16.706206896551723,30.5364238410596,,,100,100
726,0.21,sn_kjOrdinalDM_xnjNonNormal,36,2,BebmS,3,0.38955015641214674,0.9878067806780678,112.63325166304907,0.4032323232323232,0.00014046874387642447,10.408275862068965,0.09210526315789473,,,100,100
726,0.21,sn_kjOrdinalDM_xnjNonNormal,36,2,BebmS (Blind),3,0.38955015641214674,0.9878067806780678,125.06680808067321,0.41723905723905724,-0.0008111418339342858,14.633103448275863,1.2171052631578947,,1.0,100,100
726,0.21,sn_kjOrdinalDM_xnjNonNormal,36,2,Random Guessing,3,0.38955015641214674,0.9878067806780678,0.0,0.5059668135290049,-0.0016604255947165632,35.97379310344827,5.6644736842105265,,1.0,100,100
726,0.21,sn_kjOrdinalDM_xnjNonNormal,37,2,BebmS,3,0.21389035274742008,0.9562569590292362,115.1646662592888,0.39494949494949494,0.0,12.166896551724138,0.4105960264900662,,,100,100
726,0.21,sn_kjOrdinalDM_xnjNonNormal,37,2,BebmS (Blind),3,0.21389035274742008,0.9562569590292362,152.86129328012467,0.42444444444444446,0.0249823810474007,15.677241379310345,2.4172185430463577,,2.0,100,100
726,0.21,sn_kjOrdinalDM_xnjNonNormal,37,2,Random Guessing,3,0.21389035274742008,0.9562569590292362,0.0,0.49570629050164755,-0.00213077298977007,35.59862068965517,5.543046357615894,,2.0,100,100
726,0.21,sn_kjOrdinalDM_xnjNonNormal,37,2,SuStaIn (GMM),3,0.21389035274742008,0.9562569590292362,600.9359377662341,0.48397306397306394,0.0013459594977958537,30.230344827586208,50.59602649006622,,,100,100
726,0.21,sn_kjOrdinalDM_xnjNonNormal,37,2,SuStaIn (KDE),3,0.21389035274742008,0.9562569590292362,431.01919703880947,0.38545454545454544,0.0013203613891937815,15.775172413793104,26.721854304635762,,,100,100
726,0.21,sn_kjOrdinalDM_xnjNonNormal,38,2,BebmS,3,0.18297109613528947,0.9399593292662599,70.13352129062017,0.3508417508417509,0.24137286355456494,13.13655172413793,0.0,,,100,100
726,0.21,sn_kjOrdinalDM_xnjNonNormal,38,2,BebmS (Blind),3,0.18297109613528947,0.9399593292662599,85.3200425028801,0.3947474747474748,0.00197776901678465,15.102068965517242,1.3245033112582782,,1.0,100,100
726,0.21,sn_kjOrdinalDM_xnjNonNormal,38,2,Random Guessing,3,0.18297109613528947,0.9399593292662599,0.0,0.4869558169858601,-0.0007013965209637724,36.59448275862069,6.410596026490066,,1.0,100,100
726,0.21,sn_kjOrdinalDM_xnjNonNormal,38,2,SuStaIn (GMM),3,0.18297109613528947,0.9399593292662599,183.27996586958568,0.5123232323232323,0.024026593145818675,30.715862068965517,53.64900662251656,,,100,100
726,0.21,sn_kjOrdinalDM_xnjNonNormal,38,2,SuStaIn (KDE),3,0.18297109613528947,0.9399593292662599,227.61096030871073,0.4318518518518519,0.008061260262020349,17.573793103448274,31.662251655629138,,,100,100
726,0.21,sn_kjOrdinalDM_xnjNonNormal,40,2,BebmS,3,0.19880567378387864,0.9520645397873121,69.69470790624618,0.4703703703703704,-0.0024017513969304275,24.286896551724137,0.2582781456953642,,,100,100
726,0.21,sn_kjOrdinalDM_xnjNonNormal,40,2,BebmS (Blind),3,0.19880567378387864,0.9520645397873121,86.16139943599701,0.4012794612794613,-0.02564373213656045,16.93103448275862,3.7086092715231787,,1.0,100,100
726,0.21,sn_kjOrdinalDM_xnjNonNormal,40,2,Random Guessing,3,0.19880567378387864,0.9520645397873121,0.0,0.4897270490023294,0.0016773232707337424,35.10068965517242,6.2052980132450335,,1.0,100,100
726,0.21,sn_kjOrdinalDM_xnjNonNormal,40,2,SuStaIn (GMM),3,0.19880567378387864,0.9520645397873121,561.4148686607679,0.4986531986531986,0.010040458684498267,35.45379310344828,57.437086092715234,,,100,100
726,0.21,sn_kjOrdinalDM_xnjNonNormal,40,2,SuStaIn (KDE),3,0.19880567378387864,0.9520645397873121,588.7494704683621,0.3688888888888889,-0.0157958549292781,19.216551724137933,33.65562913907285,,,100,100
726,0.21,sn_kjOrdinalDM_xnjNonNormal,41,2,BebmS,3,0.2746130106983694,0.9726532653265326,69.69084544181824,0.435016835016835,-0.0011724888874034736,16.322314049586776,1.0529801324503312,,,100,100
726,0.21,sn_kjOrdinalDM_xnjNonNormal,41,2,BebmS (Blind),3,0.2746130106983694,0.9726532653265326,84.75400754213334,0.4666666666666666,0.0008706075821146959,20.363636363636363,3.5033112582781456,,0.0,100,100
726,0.21,sn_kjOrdinalDM_xnjNonNormal,41,2,Random Guessing,3,0.2746130106983694,0.9726532653265326,0.0,0.4877857943691959,-0.0015513931919312696,37.15289256198347,6.582781456953643,,0.0,100,100
726,0.21,sn_kjOrdinalDM_xnjNonNormal,41,2,SuStaIn (GMM),3,0.2746130106983694,0.9726532653265326,502.39704430500666,0.4244444444444444,0.0120967615717296,24.181818181818183,46.63576158940398,,,100,100
726,0.21,sn_kjOrdinalDM_xnjNonNormal,41,2,SuStaIn (KDE),3,0.2746130106983694,0.9726532653265326,541.4784242987632,0.4571717171717172,0.0016764453048603674,12.778236914600551,23.60927152317881,,,100,100
726,0.21,sn_kjOrdinalDM_xnjNonNormal,42,2,BebmS,3,0.45533575767942086,0.9886788678867887,69.03197838465373,0.38000000000000006,-0.0018815710739488174,9.198620689655172,0.08,,,100,100
726,0.21,sn_kjOrdinalDM_xnjNonNormal,42,2,BebmS (Blind),3,0.45533575767942086,0.9886788678867887,83.89706509908041,0.4527272727272727,-0.0006542324302645523,17.893793103448274,5.733333333333333,,0.0,100,100
726,0.21,sn_kjOrdinalDM_xnjNonNormal,42,2,Random Guessing,3,0.45533575767942086,0.9886788678867887,0.0,0.4961891643990763,-0.0018644149894839611,35.77103448275862,5.8133333333333335,,0.0,100,100
726,0.21,sn_kjOrdinalDM_xnjNonNormal,42,2,SuStaIn (GMM),3,0.45533575767942086,0.9886788678867887,553.343197508653,0.5121212121212121,0.00761768534674259,23.12,41.12,,,100,100
726,0.21,sn_kjOrdinalDM_xnjNonNormal,42,2,SuStaIn (KDE),3,0.45533575767942086,0.9886788678867887,488.46841082175575,0.4352188552188552,-0.0019136373263841785,22.04,31.473333333333333,,,100,100
726,0.21,sn_kjOrdinalDM_xnjNonNormal,43,2,BebmS,3,0.016586163150632948,0.42461179451278463,69.58915011882782,0.23090909090909092,0.8987740566339409,8.18206896551724,0.39072847682119205,,,100,100
726,0.21,sn_kjOrdinalDM_xnjNonNormal,43,2,BebmS (Blind),3,0.016586163150632948,0.42461179451278463,84.97439065376918,0.2457239057239057,0.883585529797117,6.860689655172414,3.4900662251655628,,3.0,100,100
726,0.21,sn_kjOrdinalDM_xnjNonNormal,43,2,Random Guessing,3,0.016586163150632948,0.42461179451278463,0.0,0.47340718407294435,0.000978392909285577,36.644137931034486,5.6490066225165565,,3.0,100,100
726,0.21,sn_kjOrdinalDM_xnjNonNormal,43,2,SuStaIn (GMM),3,0.016586163150632948,0.42461179451278463,604.2983857711156,0.43966329966329964,0.7922549765082595,24.689655172413794,46.59602649006622,,,100,100
726,0.21,sn_kjOrdinalDM_xnjNonNormal,43,2,SuStaIn (KDE),3,0.016586163150632948,0.42461179451278463,557.7033185164133,0.39683501683501676,0.5058720248151385,15.434482758620689,27.70860927152318,,,100,100
726,0.21,sn_kjOrdinalDM_xnjNonNormal,44,2,BebmS,3,0.2877799323621136,0.9653672033870053,71.35771782795588,0.45508417508417515,9.691976096007991e-05,16.385674931129476,0.36,,,100,100
726,0.21,sn_kjOrdinalDM_xnjNonNormal,44,2,BebmS (Blind),3,0.2877799323621136,0.9653672033870053,88.78118408123652,0.39313131313131305,-0.009330449312364866,13.422865013774105,0.2,,1.0,100,100
726,0.21,sn_kjOrdinalDM_xnjNonNormal,44,2,Random Guessing,3,0.2877799323621136,0.9653672033870053,0.0,0.5116013190303473,-0.0017947469740328538,37.011019283746556,5.54,,1.0,100,100
726,0.21,sn_kjOrdinalDM_xnjNonNormal,44,2,SuStaIn (GMM),3,0.2877799323621136,0.9653672033870053,596.8067726333936,0.4519191919191919,-0.0007905671462291711,27.206611570247933,46.96666666666667,,,100,100
726,0.21,sn_kjOrdinalDM_xnjNonNormal,44,2,SuStaIn (KDE),3,0.2877799323621136,0.9653672033870053,501.71975146134696,0.45629629629629626,-0.0039707712817899565,19.234159779614323,29.906666666666666,,,100,100
726,0.21,sn_kjOrdinalDM_xnjNonNormal,45,2,BebmS,3,0.17834985766771597,0.9422102210221022,82.74932501713435,0.3854545454545455,0.0,9.908965517241379,0.026490066225165563,,,100,100
726,0.21,sn_kjOrdinalDM_xnjNonNormal,45,2,BebmS (Blind),3,0.17834985766771597,0.9422102210221022,98.38521446784337,0.39824915824915824,-0.00038951653982859997,8.161379310344827,0.5099337748344371,,1.0,100,100
726,0.21,sn_kjOrdinalDM_xnjNonNormal,45,2,Random Guessing,3,0.17834985766771597,0.9422102210221022,0.0,0.4834905310609996,0.009415692530032632,36.3351724137931,6.1655629139072845,,1.0,100,100
726,0.21,sn_kjOrdinalDM_xnjNonNormal,45,2,SuStaIn (GMM),3,0.17834985766771597,0.9422102210221022,299.15614044268926,0.49636363636363634,0.005860774193674612,26.416551724137932,44.99337748344371,,,100,100
726,0.21,sn_kjOrdinalDM_xnjNonNormal,45,2,SuStaIn (KDE),3,0.17834985766771597,0.9422102210221022,256.2491807500521,0.4393939393939394,0.0029384606771157293,20.17655172413793,34.682119205298015,,,100,100
726,0.21,sn_kjOrdinalDM_xnjNonNormal,46,2,BebmS,3,0.40692304656973316,0.9871373804047071,76.18990792830785,0.36936026936026933,0.0,5.75206611570248,0.13245033112582782,,,100,100
726,0.21,sn_kjOrdinalDM_xnjNonNormal,46,2,BebmS (Blind),3,0.40692304656973316,0.9871373804047071,100.86865833997726,0.42161616161616156,0.004446094891418827,12.845730027548209,0.7284768211920529,,2.0,100,100
726,0.21,sn_kjOrdinalDM_xnjNonNormal,46,2,Random Guessing,3,0.40692304656973316,0.9871373804047071,0.0,0.4919103310665469,-0.0014150114483756683,36.94903581267218,6.258278145695364,,2.0,100,100
726,0.21,sn_kjOrdinalDM_xnjNonNormal,46,2,SuStaIn (GMM),3,0.40692304656973316,0.9871373804047071,324.658594806989,0.44915824915824915,0.0023425875182705295,25.628099173553718,49.788079470198674,,,100,100
726,0.21,sn_kjOrdinalDM_xnjNonNormal,46,2,SuStaIn (KDE),3,0.40692304656973316,0.9871373804047071,334.4665366172791,0.4114478114478115,-0.00736111230298193,14.493112947658402,23.774834437086092,,,100,100
726,0.21,sn_kjOrdinalDM_xnjNonNormal,47,2,BebmS,3,0.25639712008816967,0.971077107710771,85.40861144860585,0.41265993265993267,0.00093938637335264,20.783448275862067,1.2317880794701987,,,100,100
726,0.21,sn_kjOrdinalDM_xnjNonNormal,47,2,BebmS (Blind),3,0.25639712008816967,0.971077107710771,100.489071393013,0.46181818181818174,0.0007317206345491563,21.744827586206895,1.9337748344370862,,1.0,100,100
726,0.21,sn_kjOrdinalDM_xnjNonNormal,47,2,Random Guessing,3,0.25639712008816967,0.971077107710771,0.0,0.4981473796707207,-0.00032687792010252146,35.12965517241379,5.602649006622516,,1.0,100,100
726,0.21,sn_kjOrdinalDM_xnjNonNormal,47,2,SuStaIn (GMM),3,0.25639712008816967,0.971077107710771,215.99649432897567,0.4843097643097643,0.03500887078456594,31.711724137931036,52.4635761589404,,,100,100
726,0.21,sn_kjOrdinalDM_xnjNonNormal,47,2,SuStaIn (KDE),3,0.25639712008816967,0.971077107710771,278.7828461845716,0.4381144781144781,-0.0037804528497976902,24.33103448275862,38.35761589403973,,,100,100
726,0.21,sn_kjOrdinalDM_xnjNonNormal,48,2,BebmS,3,0.04273387992972996,0.6278107810781078,69.70535254875819,0.2550841750841751,0.865610818530086,9.097796143250688,0.2251655629139073,,,100,100
726,0.21,sn_kjOrdinalDM_xnjNonNormal,48,2,BebmS (Blind),3,0.04273387992972996,0.6278107810781078,85.0032191157341,0.2465993265993266,0.6022265973924836,6.862258953168044,1.1721854304635762,,2.0,100,100
726,0.21,sn_kjOrdinalDM_xnjNonNormal,48,2,Random Guessing,3,0.04273387992972996,0.6278107810781078,0.0,0.49282957145453626,-0.00024569015772717937,37.27272727272727,5.9072847682119205,,2.0,100,100
726,0.21,sn_kjOrdinalDM_xnjNonNormal,48,2,SuStaIn (GMM),3,0.04273387992972996,0.6278107810781078,182.36805300712587,0.45124579124579123,0.4949547093239435,25.1900826446281,49.019867549668874,,,100,100
726,0.21,sn_kjOrdinalDM_xnjNonNormal,48,2,SuStaIn (KDE),3,0.04273387992972996,0.6278107810781078,192.59888327916462,0.4117845117845118,0.13144013446514102,15.75068870523416,25.874172185430464,,,100,100
726,0.21,sn_kjOrdinalDM_xnjNonNormal,49,2,BebmS,3,0.3937479841971112,0.9864039737307064,75.14316687981288,0.4582491582491583,0.0,13.745179063360881,1.2317880794701987,,,100,100
726,0.21,sn_kjOrdinalDM_xnjNonNormal,49,2,BebmS (Blind),3,0.3937479841971112,0.9864039737307064,101.77143171230952,0.41272727272727266,-0.0005968174100075706,15.265840220385675,2.6754966887417218,,1.0,100,100
726,0.21,sn_kjOrdinalDM_xnjNonNormal,49,2,Random Guessing,3,0.3937479841971112,0.9864039737307064,0.0,0.5235445346606092,0.004400532218191439,35.86914600550964,5.9072847682119205,,1.0,100,100
726,0.21,sn_kjOrdinalDM_xnjNormal,0,1,BebmS,3,0.05977356748482472,0.6713217988465513,101.1421799659729,0.3630976430976431,0.26388018393301166,17.362258953168045,0.0,,,100,100
726,0.21,sn_kjOrdinalDM_xnjNormal,0,1,BebmS (Blind),3,0.05977356748482472,0.6713217988465513,122.38883570830028,0.39542087542087545,0.6920702292842013,18.764462809917354,1.0,,1.0,100,100
726,0.21,sn_kjOrdinalDM_xnjNormal,0,1,Random Guessing,3,0.05977356748482472,0.6713217988465513,0.0,0.47833921584079425,-0.0016533563323018617,37.352617079889804,5.629139072847682,,1.0,100,100
726,0.21,sn_kjOrdinalDM_xnjNormal,0,1,SuStaIn (GMM),3,0.05977356748482472,0.6713217988465513,145.12096282641093,0.38632996632996636,0.893968251643035,21.848484848484848,43.37748344370861,,,100,100
726,0.21,sn_kjOrdinalDM_xnjNormal,0,1,SuStaIn (KDE),3,0.05977356748482472,0.6713217988465513,242.38137182792028,0.36969696969696964,0.2358565556771825,18.038567493112946,19.814569536423843,,,100,100
726,0.21,sn_kjOrdinalDM_xnjNormal,1,1,BebmS,3,0.41170785294808404,0.9876147614761476,68.53156458934149,0.44020202020202026,0.0,19.28965517241379,2.6357615894039736,,,100,100
726,0.21,sn_kjOrdinalDM_xnjNormal,1,1,BebmS (Blind),3,0.41170785294808404,0.9876147614761476,83.61645237604777,0.4313131313131313,0.0,20.34344827586207,0.06622516556291391,,3.0,100,100
726,0.21,sn_kjOrdinalDM_xnjNormal,1,1,Random Guessing,3,0.41170785294808404,0.9876147614761476,0.0,0.47092610263220963,-0.0020135721121174966,36.20551724137931,5.768211920529802,,3.0,100,100
726,0.21,sn_kjOrdinalDM_xnjNormal,1,1,SuStaIn (GMM),3,0.41170785294808404,0.9876147614761476,81.29945553541184,0.41279461279461277,0.02096141757414667,23.333793103448276,41.48344370860927,,,100,100
726,0.21,sn_kjOrdinalDM_xnjNormal,1,1,SuStaIn (KDE),3,0.41170785294808404,0.9876147614761476,114.66434944868088,0.3269360269360269,0.0036438793086245942,16.48551724137931,17.39072847682119,,,100,100
726,0.21,sn_kjOrdinalDM_xnjNormal,2,1,BebmS,3,0.09732431479781224,0.835911591159116,69.29082800944646,0.3653872053872054,0.5769708865291119,16.907586206896553,0.019867549668874173,,,100,100
726,0.21,sn_kjOrdinalDM_xnjNormal,2,1,BebmS (Blind),3,0.09732431479781224,0.835911591159116,84.25163727998734,0.40565656565656566,0.6126640654572973,22.561379310344826,0.31788079470198677,,1.0,100,100
726,0.21,sn_kjOrdinalDM_xnjNormal,2,1,Random Guessing,3,0.09732431479781224,0.835911591159116,0.0,0.4899716222006015,-0.0017182689310018284,34.87310344827586,5.71523178807947,,1.0,100,100
726,0.21,sn_kjOrdinalDM_xnjNormal,2,1,SuStaIn (GMM),3,0.09732431479781224,0.835911591159116,251.4871666431427,0.39393939393939387,0.46306482405544447,21.84413793103448,34.211920529801326,,,100,100
726,0.21,sn_kjOrdinalDM_xnjNormal,2,1,SuStaIn (KDE),3,0.09732431479781224,0.835911591159116,312.2940902074178,0.37144781144781147,0.07667869900304618,22.69793103448276,24.033112582781456,,,100,100
726,0.21,sn_kjOrdinalDM_xnjNormal,3,1,BebmS,3,0.43828389245188903,0.9906417308397506,69.08684006929397,0.4185185185185185,0.0,14.548209366391184,0.0,,,100,100
726,0.21,sn_kjOrdinalDM_xnjNormal,3,1,BebmS (Blind),3,0.43828389245188903,0.9906417308397506,84.51517743666967,0.41569023569023567,0.0,13.980716253443527,0.0,,1.0,100,100
726,0.21,sn_kjOrdinalDM_xnjNormal,3,1,Random Guessing,3,0.43828389245188903,0.9906417308397506,0.0,0.49233244584333896,-0.0020096018106921863,35.96831955922865,6.158940397350993,,1.0,100,100
726,0.21,sn_kjOrdinalDM_xnjNormal,3,1,SuStaIn (GMM),3,0.43828389245188903,0.9906417308397506,464.1994845549265,0.39178451178451174,0.0016968356725725363,26.537190082644628,46.437086092715234,,,100,100
726,0.21,sn_kjOrdinalDM_xnjNormal,3,1,SuStaIn (KDE),3,0.43828389245188903,0.9906417308397506,539.9215680797895,0.38700336700336696,-0.0005857567725964777,22.673553719008265,20.728476821192054,,,100,100
726,0.21,sn_kjOrdinalDM_xnjNormal,4,1,BebmS,3,0.43390806471074544,0.9898576524319098,69.38703587849935,0.387946127946128,0.00023721634677718173,13.973829201101928,0.006622516556291391,,,100,100
726,0.21,sn_kjOrdinalDM_xnjNormal,4,1,BebmS (Blind),3,0.43390806471074544,0.9898576524319098,85.31943003733953,0.4416835016835017,-0.0009632328336371296,15.863636363636363,0.271523178807947,,2.0,100,100
726,0.21,sn_kjOrdinalDM_xnjNormal,4,1,Random Guessing,3,0.43390806471074544,0.9898576524319098,0.0,0.5141121138659216,-0.0009958458689665953,36.78787878787879,6.185430463576159,,2.0,100,100
726,0.21,sn_kjOrdinalDM_xnjNormal,4,1,SuStaIn (GMM),3,0.43390806471074544,0.9898576524319098,423.1147059082985,0.4194612794612795,-0.00038985361451340117,23.88292011019284,40.74834437086093,,,100,100
726,0.21,sn_kjOrdinalDM_xnjNormal,4,1,SuStaIn (KDE),3,0.43390806471074544,0.9898576524319098,524.1466675400734,0.32962962962962966,0.002811668221602125,16.575757575757574,17.198675496688743,,,100,100
726,0.21,sn_kjOrdinalDM_xnjNormal,5,1,BebmS,3,0.2565207673844899,0.963988398839884,68.9182561357816,0.42612794612794613,-0.0036837743694679657,16.545454545454547,0.0,,,100,100
726,0.21,sn_kjOrdinalDM_xnjNormal,5,1,BebmS (Blind),3,0.2565207673844899,0.963988398839884,83.9125695625941,0.468013468013468,0.0,20.852617079889807,3.3666666666666667,,1.0,100,100
726,0.21,sn_kjOrdinalDM_xnjNormal,5,1,Random Guessing,3,0.2565207673844899,0.963988398839884,0.0,0.48982867165137284,-0.0013886434595122607,36.93112947658402,5.6,,1.0,100,100
726,0.21,sn_kjOrdinalDM_xnjNormal,5,1,SuStaIn (GMM),3,0.2565207673844899,0.963988398839884,479.0198267579079,0.3337373737373737,0.13112408965624409,16.15840220385675,34.693333333333335,,,100,100
726,0.21,sn_kjOrdinalDM_xnjNormal,5,1,SuStaIn (KDE),3,0.2565207673844899,0.963988398839884,516.8999792257945,0.34814814814814815,-0.003984868832546119,18.674931129476583,20.38,,,100,100
726,0.21,sn_kjOrdinalDM_xnjNormal,6,1,BebmS,3,0.08500193969947673,0.7873574024069073,69.106023534139,0.27521885521885525,0.4804182190515071,10.435862068965518,0.08,,,100,100
726,0.21,sn_kjOrdinalDM_xnjNormal,6,1,BebmS (Blind),3,0.08500193969947673,0.7873574024069073,83.19512432813644,0.3575084175084175,0.3821484740348495,15.44551724137931,2.84,,1.0,100,100
726,0.21,sn_kjOrdinalDM_xnjNormal,6,1,Random Guessing,3,0.08500193969947673,0.7873574024069073,0.0,0.4959086034525899,0.001002839591321727,35.0551724137931,5.42,,1.0,100,100
726,0.21,sn_kjOrdinalDM_xnjNormal,6,1,SuStaIn (GMM),3,0.08500193969947673,0.7873574024069073,489.92191255489985,0.3882828282828283,0.5809705956597832,22.158620689655173,39.21333333333333,,,100,100
726,0.21,sn_kjOrdinalDM_xnjNormal,6,1,SuStaIn (KDE),3,0.08500193969947673,0.7873574024069073,541.5751130461692,0.3657239057239057,0.03736855551359081,21.695172413793102,21.013333333333332,,,100,100
726,0.21,sn_kjOrdinalDM_xnjNormal,7,1,BebmS,3,0.45542617938431085,0.9892362569590293,69.36189321279525,0.41750841750841755,0.0,13.904827586206897,0.0,,,100,100
726,0.21,sn_kjOrdinalDM_xnjNormal,7,1,BebmS (Blind),3,0.45542617938431085,0.9892362569590293,88.7222907145818,0.4036363636363636,0.0,14.677241379310345,1.6158940397350994,,3.0,100,100
726,0.21,sn_kjOrdinalDM_xnjNormal,7,1,Random Guessing,3,0.45542617938431085,0.9892362569590293,0.0,0.5127455443147777,-0.002165390584584871,35.98896551724138,5.913907284768212,,3.0,100,100
726,0.21,sn_kjOrdinalDM_xnjNormal,7,1,SuStaIn (GMM),3,0.45542617938431085,0.9892362569590293,540.0110796689987,0.40175084175084175,0.013553743426689212,25.42896551724138,44.40397350993378,,,100,100
726,0.21,sn_kjOrdinalDM_xnjNormal,7,1,SuStaIn (KDE),3,0.45542617938431085,0.9892362569590293,506.9239667336146,0.3292929292929293,0.007591161319986933,17.235862068965517,17.278145695364238,,,100,100
726,0.21,sn_kjOrdinalDM_xnjNormal,8,1,BebmS,3,0.38416483867416745,0.9834090075674234,69.13054627974829,0.3846464646464646,0.0,10.746206896551724,0.0,,,100,100
726,0.21,sn_kjOrdinalDM_xnjNormal,8,1,BebmS (Blind),3,0.38416483867416745,0.9834090075674234,83.73823008139928,0.4527946127946128,0.0,12.664827586206897,0.019867549668874173,,1.0,100,100
726,0.21,sn_kjOrdinalDM_xnjNormal,8,1,Random Guessing,3,0.38416483867416745,0.9834090075674234,0.0,0.5294326255555292,-0.0020441553706027175,38.55310344827586,5.562913907284768,,1.0,100,100
726,0.21,sn_kjOrdinalDM_xnjNormal,8,1,SuStaIn (GMM),3,0.38416483867416745,0.9834090075674234,511.11358678738276,0.3501683501683502,0.0977664920137388,20.17241379310345,37.99337748344371,,,100,100
726,0.21,sn_kjOrdinalDM_xnjNormal,8,1,SuStaIn (KDE),3,0.38416483867416745,0.9834090075674234,536.1535917282105,0.30686868686868685,-0.002825818537073172,16.502068965517243,19.2317880794702,,,100,100
726,0.21,sn_kjOrdinalDM_xnjNormal,9,1,BebmS,3,0.07930527897653965,0.7476600993432677,79.99838679234186,0.37138047138047137,0.2015807441170171,13.777931034482759,0.17218543046357615,,,100,100
726,0.21,sn_kjOrdinalDM_xnjNormal,9,1,BebmS (Blind),3,0.07930527897653965,0.7476600993432677,95.18297024567921,0.3588552188552188,0.3027591493863506,13.837241379310345,0.7682119205298014,,2.0,100,100
726,0.21,sn_kjOrdinalDM_xnjNormal,9,1,Random Guessing,3,0.07930527897653965,0.7476600993432677,0.0,0.4918186142188818,-0.00027902541505265383,37.62758620689655,6.139072847682119,,2.0,100,100
726,0.21,sn_kjOrdinalDM_xnjNormal,9,1,SuStaIn (GMM),3,0.07930527897653965,0.7476600993432677,278.6265025814374,0.358047138047138,0.8826571875340372,18.998620689655173,36.05298013245033,,,100,100
726,0.21,sn_kjOrdinalDM_xnjNormal,9,1,SuStaIn (KDE),3,0.07930527897653965,0.7476600993432677,291.9674065272013,0.35528619528619526,0.0668835202468299,21.615172413793104,21.556291390728475,,,100,100
726,0.21,sn_kjOrdinalDM_xnjNormal,10,1,BebmS,3,0.44961869180848607,0.9902630263026303,70.20572440624237,0.392996632996633,0.0,7.542068965517242,0.0,,,100,100
726,0.21,sn_kjOrdinalDM_xnjNormal,10,1,BebmS (Blind),3,0.44961869180848607,0.9902630263026303,85.36716379324595,0.37292929292929294,0.005355372512898366,10.732413793103449,2.1324503311258276,,2.0,100,100
726,0.21,sn_kjOrdinalDM_xnjNormal,10,1,Random Guessing,3,0.44961869180848607,0.9902630263026303,0.0,0.49655418060298023,-0.002373336615639464,36.08275862068965,5.801324503311259,,2.0,100,100
726,0.21,sn_kjOrdinalDM_xnjNormal,10,1,SuStaIn (GMM),3,0.44961869180848607,0.9902630263026303,110.56772642930349,0.3151515151515151,0.002789586937987302,18.38206896551724,37.913907284768214,,,100,100
726,0.21,sn_kjOrdinalDM_xnjNormal,10,1,SuStaIn (KDE),3,0.44961869180848607,0.9902630263026303,167.01332391103108,0.35299663299663303,0.0019720167671961578,18.881379310344826,20.337748344370862,,,100,100
726,0.21,sn_kjOrdinalDM_xnjNormal,11,1,BebmS,3,0.4866423379242598,0.9913831383138314,69.67533545096715,0.41232323232323226,0.0,12.953168044077135,0.0,,,100,100
726,0.21,sn_kjOrdinalDM_xnjNormal,11,1,BebmS (Blind),3,0.4866423379242598,0.9913831383138314,83.94773848851521,0.41245791245791247,0.0,15.590909090909092,0.4768211920529801,,3.0,100,100
726,0.21,sn_kjOrdinalDM_xnjNormal,11,1,Random Guessing,3,0.4866423379242598,0.9913831383138314,0.0,0.4880821063410872,-0.002369109877837194,37.02892561983471,5.874172185430464,,3.0,100,100
726,0.21,sn_kjOrdinalDM_xnjNormal,11,1,SuStaIn (GMM),3,0.4866423379242598,0.9913831383138314,660.8674416104952,0.37104377104377106,0.004151834874515628,19.111570247933884,38.28476821192053,,,100,100
726,0.21,sn_kjOrdinalDM_xnjNormal,11,1,SuStaIn (KDE),3,0.4866423379242598,0.9913831383138314,920.3110195716222,0.311043771043771,-0.0018595637303717221,15.18870523415978,18.629139072847682,,,100,100
726,0.21,sn_kjOrdinalDM_xnjNormal,12,1,BebmS,3,0.20746644755973098,0.962950961762843,82.26827662785848,0.44303030303030305,-0.0005705393803887859,21.310344827586206,0.0,,,100,100
726,0.21,sn_kjOrdinalDM_xnjNormal,12,1,BebmS (Blind),3,0.20746644755973098,0.962950961762843,101.39429796934128,0.4582491582491583,0.0,23.111724137931034,2.8066666666666666,,1.0,100,100
726,0.21,sn_kjOrdinalDM_xnjNormal,12,1,Random Guessing,3,0.20746644755973098,0.962950961762843,0.0,0.4886279159594881,-0.002152106087731079,37.53793103448276,6.366666666666666,,1.0,100,100
726,0.21,sn_kjOrdinalDM_xnjNormal,12,1,SuStaIn (GMM),3,0.20746644755973098,0.962950961762843,605.6906656265259,0.4407407407407407,0.035103460522654846,25.17655172413793,40.71333333333333,,,100,100
726,0.21,sn_kjOrdinalDM_xnjNormal,12,1,SuStaIn (KDE),3,0.20746644755973098,0.962950961762843,636.16607452631,0.3189225589225589,0.0028531156097166698,19.27310344827586,20.38,,,100,100
726,0.21,sn_kjOrdinalDM_xnjNormal,13,1,BebmS,3,0.084626424109855,0.8054845484548455,71.96830893357595,0.3294276094276094,0.4889076231301487,11.830344827586208,0.0,,,100,100
726,0.21,sn_kjOrdinalDM_xnjNormal,13,1,BebmS (Blind),3,0.084626424109855,0.8054845484548455,85.7598646402359,0.26545454545454544,0.38192674636711493,10.612413793103448,0.19205298013245034,,2.0,100,100
726,0.21,sn_kjOrdinalDM_xnjNormal,13,1,Random Guessing,3,0.084626424109855,0.8054845484548455,0.0,0.5074446219152485,0.0017105335162343736,37.139310344827585,6.2052980132450335,,2.0,100,100
726,0.21,sn_kjOrdinalDM_xnjNormal,13,1,SuStaIn (GMM),3,0.084626424109855,0.8054845484548455,616.6531479875247,0.31084175084175086,0.7483350061983729,17.092413793103447,34.48344370860927,,,100,100
726,0.21,sn_kjOrdinalDM_xnjNormal,13,1,SuStaIn (KDE),3,0.084626424109855,0.8054845484548455,627.9423793315888,0.3106397306397306,0.08808078380677009,17.708965517241378,21.821192052980134,,,100,100
726,0.21,sn_kjOrdinalDM_xnjNormal,14,1,BebmS,3,0.0394788946363183,0.5768376837683769,73.50568162202835,0.30787878787878786,0.4073685005378279,10.662068965517241,0.152317880794702,,,100,100
726,0.21,sn_kjOrdinalDM_xnjNormal,14,1,BebmS (Blind),3,0.0394788946363183,0.5768376837683769,89.79634439945221,0.26518518518518513,0.9692988569605231,10.739310344827587,1.5364238410596027,,3.0,100,100
726,0.21,sn_kjOrdinalDM_xnjNormal,14,1,Random Guessing,3,0.0394788946363183,0.5768376837683769,0.0,0.4732014320589501,0.003251467150954138,35.58896551724138,6.125827814569536,,3.0,100,100
726,0.21,sn_kjOrdinalDM_xnjNormal,14,1,SuStaIn (GMM),3,0.0394788946363183,0.5768376837683769,634.053972585996,0.35555555555555557,0.9552497103746797,18.300689655172413,33.9271523178808,,,100,100
726,0.21,sn_kjOrdinalDM_xnjNormal,14,1,SuStaIn (KDE),3,0.0394788946363183,0.5768376837683769,620.7720812797546,0.3864646464646464,0.09265576066417962,21.252413793103447,23.47682119205298,,,100,100
726,0.21,sn_kjOrdinalDM_xnjNormal,15,1,BebmS,3,0.028628011922465654,0.4334900156682335,69.75385415156683,0.27730639730639733,0.8781029136216918,10.31129476584022,0.2119205298013245,,,100,100
726,0.21,sn_kjOrdinalDM_xnjNormal,15,1,BebmS (Blind),3,0.028628011922465654,0.4334900156682335,105.63699259757996,0.33225589225589225,0.45153148510196844,16.86914600550964,1.0596026490066226,,3.0,100,100
726,0.21,sn_kjOrdinalDM_xnjNormal,15,1,Random Guessing,3,0.028628011922465654,0.4334900156682335,0.0,0.4844355068179707,0.005551573174756949,37.0,6.450331125827814,,3.0,100,100
726,0.21,sn_kjOrdinalDM_xnjNormal,15,1,SuStaIn (GMM),3,0.028628011922465654,0.4334900156682335,1008.8492142796516,0.33831649831649835,0.8925501462300369,12.59228650137741,25.337748344370862,,,100,100
726,0.21,sn_kjOrdinalDM_xnjNormal,15,1,SuStaIn (KDE),3,0.028628011922465654,0.4334900156682335,881.206953104337,0.28404040404040404,0.7037689893153191,17.546831955922865,18.94039735099338,,,100,100
726,0.21,sn_kjOrdinalDM_xnjNormal,16,1,BebmS,3,0.12670866894542554,0.8623942394239424,72.12087992032369,0.3917171717171717,0.0,8.638620689655172,0.0,,,100,100
726,0.21,sn_kjOrdinalDM_xnjNormal,16,1,BebmS (Blind),3,0.12670866894542554,0.8623942394239424,93.08918054103852,0.40262626262626267,0.0007053034278076751,15.555862068965517,1.0927152317880795,,1.0,100,100
726,0.21,sn_kjOrdinalDM_xnjNormal,16,1,Random Guessing,3,0.12670866894542554,0.8623942394239424,0.0,0.5047845914487344,-0.001158497494306298,36.32827586206896,5.629139072847682,,1.0,100,100
726,0.21,sn_kjOrdinalDM_xnjNormal,16,1,SuStaIn (GMM),3,0.12670866894542554,0.8623942394239424,232.23439942995708,0.3466666666666667,0.35159143897067685,17.169655172413794,34.682119205298015,,,100,100
726,0.21,sn_kjOrdinalDM_xnjNormal,16,1,SuStaIn (KDE),3,0.12670866894542554,0.8623942394239424,261.8843362649282,0.3695622895622896,0.05662052606978093,21.048275862068966,22.62251655629139,,,100,100
726,0.21,sn_kjOrdinalDM_xnjNormal,17,1,BebmS,3,0.04522332446296001,0.5747174717471747,81.86944810152053,0.24303030303030304,0.9230769864490128,9.773793103448275,0.0,,,100,100
726,0.21,sn_kjOrdinalDM_xnjNormal,17,1,BebmS (Blind),3,0.04522332446296001,0.5747174717471747,101.15514283180237,0.40518518518518515,0.36836095947339836,21.147586206896552,12.013245033112582,,0.0,100,100
726,0.21,sn_kjOrdinalDM_xnjNormal,17,1,Random Guessing,3,0.04522332446296001,0.5747174717471747,0.0,0.47974656260313236,-0.0022064008761812936,35.60551724137931,5.695364238410596,,0.0,100,100
726,0.21,sn_kjOrdinalDM_xnjNormal,17,1,SuStaIn (GMM),3,0.04522332446296001,0.5747174717471747,204.60889942248662,0.43643097643097645,0.9382611156655465,25.204137931034484,45.03973509933775,,,100,100
726,0.21,sn_kjOrdinalDM_xnjNormal,17,1,SuStaIn (KDE),3,0.04522332446296001,0.5747174717471747,251.5463457226753,0.31346801346801345,0.2530725454655896,16.337931034482757,18.05960264900662,,,100,100
726,0.21,sn_kjOrdinalDM_xnjNormal,18,1,BebmS,3,0.2683191388788497,0.9601826849351602,97.96289122104645,0.40538720538720535,0.03699102033097845,20.751724137931035,0.006622516556291391,,,100,100
726,0.21,sn_kjOrdinalDM_xnjNormal,18,1,BebmS (Blind),3,0.2683191388788497,0.9601826849351602,118.6314737478892,0.44875420875420874,0.10161074076447422,24.16,1.4105960264900663,,2.0,100,100
726,0.21,sn_kjOrdinalDM_xnjNormal,18,1,Random Guessing,3,0.2683191388788497,0.9601826849351602,0.0,0.4786565709318739,-0.002492197268019184,36.133793103448276,6.245033112582782,,2.0,100,100
726,0.21,sn_kjOrdinalDM_xnjNormal,18,1,SuStaIn (GMM),3,0.2683191388788497,0.9601826849351602,181.16575630108517,0.4736026936026936,0.0941399335877547,29.02344827586207,45.609271523178805,,,100,100
726,0.21,sn_kjOrdinalDM_xnjNormal,18,1,SuStaIn (KDE),3,0.2683191388788497,0.9601826849351602,245.30797736644746,0.376026936026936,-0.0018968035738412914,21.04689655172414,22.370860927152318,,,100,100
726,0.21,sn_kjOrdinalDM_xnjNormal,19,1,BebmS,3,0.1554727127297427,0.9211227789445611,68.79997767607371,0.3967676767676768,0.0070600153136373646,6.596418732782369,0.0,,,100,100
726,0.21,sn_kjOrdinalDM_xnjNormal,19,1,BebmS (Blind),3,0.1554727127297427,0.9211227789445611,85.03894691864649,0.4148148148148148,0.05453315534340626,15.976584022038567,0.8940397350993378,,1.0,100,100
726,0.21,sn_kjOrdinalDM_xnjNormal,19,1,Random Guessing,3,0.1554727127297427,0.9211227789445611,0.0,0.4872799889562391,-0.0011123062196701826,36.888429752066116,5.172185430463577,,1.0,100,100
726,0.21,sn_kjOrdinalDM_xnjNormal,19,1,SuStaIn (GMM),3,0.1554727127297427,0.9211227789445611,524.8436399022738,0.3550841750841751,0.2318207028155098,20.009641873278238,38.06622516556291,,,100,100
726,0.21,sn_kjOrdinalDM_xnjNormal,19,1,SuStaIn (KDE),3,0.1554727127297427,0.9211227789445611,532.9974397977193,0.3993265993265993,-0.00011019029124121916,22.47245179063361,22.456953642384107,,,100,100
726,0.21,sn_kjOrdinalDM_xnjNormal,20,1,BebmS,3,0.4250424435860284,0.988993566023269,69.98886667887369,0.41191919191919196,0.0,12.12396694214876,0.0,,,100,100
726,0.21,sn_kjOrdinalDM_xnjNormal,20,1,BebmS (Blind),3,0.4250424435860284,0.988993566023269,84.9755107164383,0.4488215488215488,0.0,22.93388429752066,3.98,,3.0,100,100
726,0.21,sn_kjOrdinalDM_xnjNormal,20,1,Random Guessing,3,0.4250424435860284,0.988993566023269,0.0,0.5001518578115037,-0.0007915795133467332,35.2534435261708,6.026666666666666,,3.0,100,100
726,0.21,sn_kjOrdinalDM_xnjNormal,20,1,SuStaIn (GMM),3,0.4250424435860284,0.988993566023269,568.5523836493492,0.4023569023569024,0.002151806859524566,27.681818181818183,48.82,,,100,100
726,0.21,sn_kjOrdinalDM_xnjNormal,20,1,SuStaIn (KDE),3,0.4250424435860284,0.988993566023269,510.81314040025075,0.3075420875420875,0.011521015031070557,19.173553719008265,20.106666666666666,,,100,100
726,0.21,sn_kjOrdinalDM_xnjNormal,21,1,BebmS,3,0.43381203469880225,0.9872200553388673,133.90417311986286,0.4113131313131313,0.0,11.947658402203857,0.033112582781456956,,,100,100
726,0.21,sn_kjOrdinalDM_xnjNormal,21,1,BebmS (Blind),3,0.43381203469880225,0.9872200553388673,145.56217792828878,0.41239057239057236,0.0,13.493112947658402,0.32450331125827814,,2.0,100,100
726,0.21,sn_kjOrdinalDM_xnjNormal,21,1,Random Guessing,3,0.43381203469880225,0.9872200553388673,0.0,0.4832556422093444,-0.00046272623799147,37.19972451790633,5.781456953642384,,2.0,100,100
726,0.21,sn_kjOrdinalDM_xnjNormal,21,1,SuStaIn (GMM),3,0.43381203469880225,0.9872200553388673,697.7517061193784,0.2997306397306397,0.15260500719220207,15.146005509641872,30.76158940397351,,,100,100
726,0.21,sn_kjOrdinalDM_xnjNormal,21,1,SuStaIn (KDE),3,0.43381203469880225,0.9872200553388673,711.1396823247273,0.35562289562289556,-0.0012648387278034884,19.426997245179063,22.43046357615894,,,100,100
726,0.21,sn_kjOrdinalDM_xnjNormal,22,1,BebmS,3,0.4441765155507302,0.9882868286828683,70.1169767022133,0.4444444444444444,0.0,14.477961432506888,0.0,,,100,100
726,0.21,sn_kjOrdinalDM_xnjNormal,22,1,BebmS (Blind),3,0.4441765155507302,0.9882868286828683,85.50510431528092,0.43676767676767686,0.0,15.173553719008265,0.47333333333333333,,3.0,100,100
726,0.21,sn_kjOrdinalDM_xnjNormal,22,1,Random Guessing,3,0.4441765155507302,0.9882868286828683,0.0,0.5022012532516874,0.001868404321405119,35.90909090909091,6.1,,3.0,100,100
726,0.21,sn_kjOrdinalDM_xnjNormal,22,1,SuStaIn (GMM),3,0.4441765155507302,0.9882868286828683,115.85172519683837,0.39582491582491586,0.03073022751076321,23.592286501377412,38.806666666666665,,,100,100
726,0.21,sn_kjOrdinalDM_xnjNormal,22,1,SuStaIn (KDE),3,0.4441765155507302,0.9882868286828683,154.88347333272299,0.33515151515151514,0.004796502304550643,20.774104683195592,23.653333333333332,,,100,100
726,0.21,sn_kjOrdinalDM_xnjNormal,23,1,BebmS,3,0.15896051595200464,0.8975657565756575,91.66891775131225,0.4455892255892256,0.02569219781440012,21.721379310344826,0.0728476821192053,,,100,100
726,0.21,sn_kjOrdinalDM_xnjNormal,23,1,BebmS (Blind),3,0.15896051595200464,0.8975657565756575,113.87673751910528,0.42323232323232324,0.21333696172863906,23.98896551724138,1.086092715231788,,0.0,100,100
726,0.21,sn_kjOrdinalDM_xnjNormal,23,1,Random Guessing,3,0.15896051595200464,0.8975657565756575,0.0,0.5093391090978278,0.001423166992359709,35.87448275862069,6.006622516556291,,0.0,100,100
726,0.21,sn_kjOrdinalDM_xnjNormal,23,1,SuStaIn (GMM),3,0.15896051595200464,0.8975657565756575,683.5041593233744,0.35057239057239054,0.34370376478240633,20.859310344827588,35.9271523178808,,,100,100
726,0.21,sn_kjOrdinalDM_xnjNormal,23,1,SuStaIn (KDE),3,0.15896051595200464,0.8975657565756575,556.6265780369441,0.3835690235690236,0.029781900623833832,22.39034482758621,24.516556291390728,,,100,100
726,0.21,sn_kjOrdinalDM_xnjNormal,24,1,BebmS,3,0.155577265074137,0.9237230389705637,138.8294329047203,0.3637037037037037,0.3091771421656064,13.564137931034482,0.0,,,100,100
726,0.21,sn_kjOrdinalDM_xnjNormal,24,1,BebmS (Blind),3,0.155577265074137,0.9237230389705637,169.57524369160333,0.361952861952862,0.2519846675364509,13.513103448275862,0.033112582781456956,,0.0,100,100
726,0.21,sn_kjOrdinalDM_xnjNormal,24,1,Random Guessing,3,0.155577265074137,0.9237230389705637,0.0,0.5004198612664926,0.002965397158100585,37.15448275862069,5.774834437086093,,0.0,100,100
726,0.21,sn_kjOrdinalDM_xnjNormal,24,1,SuStaIn (GMM),3,0.155577265074137,0.9237230389705637,479.14803325335185,0.29158249158249155,0.3806327498631257,17.23862068965517,36.76158940397351,,,100,100
726,0.21,sn_kjOrdinalDM_xnjNormal,24,1,SuStaIn (KDE),3,0.155577265074137,0.9237230389705637,434.1946493784587,0.3150841750841751,0.02936745544846816,16.033103448275863,16.86092715231788,,,100,100
726,0.21,sn_kjOrdinalDM_xnjNormal,25,1,BebmS,3,0.04420720088011583,0.5393005967263393,68.58268347581227,0.2764983164983165,0.6565535341649428,10.415172413793103,0.019867549668874173,,,100,100
726,0.21,sn_kjOrdinalDM_xnjNormal,25,1,BebmS (Blind),3,0.04420720088011583,0.5393005967263393,83.96938842137655,0.25898989898989905,0.8779124433762655,11.809655172413793,0.07947019867549669,,1.0,100,100
726,0.21,sn_kjOrdinalDM_xnjNormal,25,1,Random Guessing,3,0.04420720088011583,0.5393005967263393,0.0,0.48929324876092734,-0.0020914679809833107,37.10758620689655,5.377483443708609,,1.0,100,100
726,0.21,sn_kjOrdinalDM_xnjNormal,25,1,SuStaIn (GMM),3,0.04420720088011583,0.5393005967263393,546.0138936479887,0.31427609427609426,0.9352300893333896,17.028965517241378,34.556291390728475,,,100,100
726,0.21,sn_kjOrdinalDM_xnjNormal,25,1,SuStaIn (KDE),3,0.04420720088011583,0.5393005967263393,635.0412916064263,0.357979797979798,0.332225920328402,15.798620689655172,18.94039735099338,,,100,100
726,0.21,sn_kjOrdinalDM_xnjNormal,26,1,BebmS,3,0.37681680534405376,0.9844864486448645,69.11968241532644,0.4094276094276094,0.0,14.015172413793103,0.026490066225165563,,,100,100
726,0.21,sn_kjOrdinalDM_xnjNormal,26,1,BebmS (Blind),3,0.37681680534405376,0.9844864486448645,84.14115853706996,0.45548821548821544,0.0,15.686896551724137,1.033112582781457,,0.0,100,100
726,0.21,sn_kjOrdinalDM_xnjNormal,26,1,Random Guessing,3,0.37681680534405376,0.9844864486448645,0.0,0.4911811470239851,0.004447821058849167,35.87724137931035,6.2052980132450335,,0.0,100,100
726,0.21,sn_kjOrdinalDM_xnjNormal,26,1,SuStaIn (GMM),3,0.37681680534405376,0.9844864486448645,591.6135079503059,0.36134680134680136,0.05475029608499371,20.131034482758622,36.80794701986755,,,100,100
726,0.21,sn_kjOrdinalDM_xnjNormal,26,1,SuStaIn (KDE),3,0.37681680534405376,0.9844864486448645,640.5641098419825,0.3857912457912458,0.0014582474059273603,19.61655172413793,20.986754966887418,,,100,100
726,0.21,sn_kjOrdinalDM_xnjNormal,27,1,BebmS,3,0.31463185654409526,0.9765549888322166,69.12825745344162,0.37427609427609426,0.03309815270841119,15.844137931034483,0.0,,,100,100
726,0.21,sn_kjOrdinalDM_xnjNormal,27,1,BebmS (Blind),3,0.31463185654409526,0.9765549888322166,85.0796657125155,0.4173737373737374,0.0,18.350344827586206,2.6490066225165565,,0.0,100,100
726,0.21,sn_kjOrdinalDM_xnjNormal,27,1,Random Guessing,3,0.31463185654409526,0.9765549888322166,0.0,0.4923895286240785,-0.00033597890761482706,37.39586206896552,5.635761589403973,,0.0,100,100
726,0.21,sn_kjOrdinalDM_xnjNormal,27,1,SuStaIn (GMM),3,0.31463185654409526,0.9765549888322166,630.2654287497203,0.37744107744107747,0.017030897941909328,21.762758620689656,42.41721854304636,,,100,100
726,0.21,sn_kjOrdinalDM_xnjNormal,27,1,SuStaIn (KDE),3,0.31463185654409526,0.9765549888322166,600.6933271447817,0.31609427609427615,0.0021786736334914692,18.37103448275862,21.735099337748345,,,100,100
726,0.21,sn_kjOrdinalDM_xnjNormal,28,1,BebmS,3,0.07731673631015215,0.7604960496049605,73.61447849671046,0.42484848484848486,0.0,20.304407713498623,0.0,,,100,100
726,0.21,sn_kjOrdinalDM_xnjNormal,28,1,BebmS (Blind),3,0.07731673631015215,0.7604960496049605,95.91542079846064,0.34579124579124576,0.2553763499936635,13.969696969696969,0.7733333333333333,,1.0,100,100
726,0.21,sn_kjOrdinalDM_xnjNormal,28,1,Random Guessing,3,0.07731673631015215,0.7604960496049605,0.0,0.49353990024155053,-0.0021016098119478,36.46969696969697,5.82,,1.0,100,100
726,0.21,sn_kjOrdinalDM_xnjNormal,28,1,SuStaIn (GMM),3,0.07731673631015215,0.7604960496049605,655.3165692528089,0.41373737373737374,0.35436623912103815,25.298898071625345,41.74,,,100,100
726,0.21,sn_kjOrdinalDM_xnjNormal,28,1,SuStaIn (KDE),3,0.07731673631015215,0.7604960496049605,588.9496990203858,0.36868686868686873,0.08004303586810627,18.96969696969697,18.393333333333334,,,100,100
726,0.21,sn_kjOrdinalDM_xnjNormal,29,1,BebmS,3,0.3761542723036161,0.9844331099776644,75.13078030347825,0.36747474747474745,0.0003785190627601829,9.73655172413793,0.0,,,100,100
726,0.21,sn_kjOrdinalDM_xnjNormal,29,1,BebmS (Blind),3,0.3761542723036161,0.9844331099776644,90.69298122723897,0.45286195286195285,0.0,14.231724137931035,1.0662251655629138,,1.0,100,100
726,0.21,sn_kjOrdinalDM_xnjNormal,29,1,Random Guessing,3,0.3761542723036161,0.9844331099776644,0.0,0.4967867468716743,-0.001032503402960123,35.656551724137934,6.198675496688741,,1.0,100,100
726,0.21,sn_kjOrdinalDM_xnjNormal,29,1,SuStaIn (GMM),3,0.3761542723036161,0.9844331099776644,421.0216370066007,0.4032323232323232,0.0631346178712862,24.219310344827587,40.205298013245034,,,100,100
726,0.21,sn_kjOrdinalDM_xnjNormal,29,1,SuStaIn (KDE),3,0.3761542723036161,0.9844331099776644,704.9962149063746,0.35508417508417506,-0.0005259371482178204,19.98896551724138,20.33112582781457,,,100,100
726,0.21,sn_kjOrdinalDM_xnjNormal,30,1,BebmS,3,0.10404263784154004,0.8364129746307964,69.39704291025798,0.36296296296296293,0.33163459786224403,15.796143250688706,0.2866666666666667,,,100,100
726,0.21,sn_kjOrdinalDM_xnjNormal,30,1,BebmS (Blind),3,0.10404263784154004,0.8364129746307964,84.56535584131876,0.37265993265993264,0.3159506598775743,15.420110192837466,0.37333333333333335,,0.0,100,100
726,0.21,sn_kjOrdinalDM_xnjNormal,30,1,Random Guessing,3,0.10404263784154004,0.8364129746307964,0.0,0.47567534603397293,0.0012161143946456709,36.72451790633609,6.086666666666667,,0.0,100,100
726,0.21,sn_kjOrdinalDM_xnjNormal,30,1,SuStaIn (GMM),3,0.10404263784154004,0.8364129746307964,559.6859275142352,0.39185185185185184,0.5882527575888136,25.261707988980717,44.586666666666666,,,100,100
726,0.21,sn_kjOrdinalDM_xnjNormal,30,1,SuStaIn (KDE),3,0.10404263784154004,0.8364129746307964,540.6384215195974,0.3187878787878788,0.05730184911956232,17.641873278236915,19.953333333333333,,,100,100
726,0.21,sn_kjOrdinalDM_xnjNormal,31,1,BebmS,3,0.42899431983648745,0.9917858452511917,74.40923424959183,0.4346801346801347,0.0,12.488275862068965,0.0,,,100,100
726,0.21,sn_kjOrdinalDM_xnjNormal,31,1,BebmS (Blind),3,0.42899431983648745,0.9917858452511917,94.92257917722067,0.4474747474747475,0.0,17.13655172413793,2.289473684210526,,0.0,100,100
726,0.21,sn_kjOrdinalDM_xnjNormal,31,1,Random Guessing,3,0.42899431983648745,0.9917858452511917,0.0,0.4963059590496739,0.000504838167080149,36.153103448275864,6.6381578947368425,,0.0,100,100
726,0.21,sn_kjOrdinalDM_xnjNormal,31,1,SuStaIn (GMM),3,0.42899431983648745,0.9917858452511917,232.94325917164485,0.3235016835016835,0.010696572212151118,17.019310344827588,34.48684210526316,,,100,100
726,0.21,sn_kjOrdinalDM_xnjNormal,31,1,SuStaIn (KDE),3,0.42899431983648745,0.9917858452511917,297.54173280000686,0.38255892255892254,-0.0006884155277501643,21.58896551724138,25.782894736842106,,,100,100
726,0.21,sn_kjOrdinalDM_xnjNormal,32,1,BebmS,3,0.06571799279470086,0.7304850485048505,131.91655169328052,0.42350168350168343,0.13211662296645563,16.49586776859504,0.019867549668874173,,,100,100
726,0.21,sn_kjOrdinalDM_xnjNormal,32,1,BebmS (Blind),3,0.06571799279470086,0.7304850485048505,153.83258646329244,0.3981818181818182,0.0,15.800275482093664,1.2251655629139073,,2.0,100,100
726,0.21,sn_kjOrdinalDM_xnjNormal,32,1,Random Guessing,3,0.06571799279470086,0.7304850485048505,0.0,0.4797932016843809,0.00021995864410053248,36.400826446280995,6.456953642384106,,2.0,100,100
726,0.21,sn_kjOrdinalDM_xnjNormal,32,1,SuStaIn (GMM),3,0.06571799279470086,0.7304850485048505,332.6698302984238,0.35784511784511785,0.9090895321161725,22.517906336088153,40.52317880794702,,,100,100
726,0.21,sn_kjOrdinalDM_xnjNormal,32,1,SuStaIn (KDE),3,0.06571799279470086,0.7304850485048505,392.102369761467,0.3248484848484849,0.12212834970872893,17.286501377410467,19.456953642384107,,,100,100
726,0.21,sn_kjOrdinalDM_xnjNormal,33,1,BebmS,3,0.23909525820139466,0.9625375870920425,81.72326370080312,0.4515151515151515,0.0,17.82896551724138,0.1390728476821192,,,100,100
726,0.21,sn_kjOrdinalDM_xnjNormal,33,1,BebmS (Blind),3,0.23909525820139466,0.9625375870920425,99.70569943586985,0.3816161616161617,0.059397271536301255,16.22896551724138,0.3443708609271523,,1.0,100,100
726,0.21,sn_kjOrdinalDM_xnjNormal,33,1,Random Guessing,3,0.23909525820139466,0.9625375870920425,0.0,0.5050670660523527,-0.001185456546193402,36.04689655172414,6.397350993377484,,1.0,100,100
726,0.21,sn_kjOrdinalDM_xnjNormal,33,1,SuStaIn (GMM),3,0.23909525820139466,0.9625375870920425,536.7628554304441,0.39986531986531987,0.26565764928063684,24.58206896551724,41.450331125827816,,,100,100
726,0.21,sn_kjOrdinalDM_xnjNormal,33,1,SuStaIn (KDE),3,0.23909525820139466,0.9625375870920425,632.6578236977259,0.3052525252525253,-0.0022374258481226536,18.05103448275862,19.066225165562916,,,100,100
726,0.21,sn_kjOrdinalDM_xnjNormal,34,1,BebmS,3,0.18418878352340454,0.9439037237057039,81.55073368549347,0.39959595959595956,0.004162318979880279,16.17103448275862,0.0,,,100,100
726,0.21,sn_kjOrdinalDM_xnjNormal,34,1,BebmS (Blind),3,0.18418878352340454,0.9439037237057039,100.00783309936523,0.4313804713804714,0.007232877606940008,21.117241379310343,0.5855263157894737,,0.0,100,100
726,0.21,sn_kjOrdinalDM_xnjNormal,34,1,Random Guessing,3,0.18418878352340454,0.9439037237057039,0.0,0.482570832813958,-0.0017847479858124845,36.889655172413796,5.677631578947368,,0.0,100,100
726,0.21,sn_kjOrdinalDM_xnjNormal,34,1,SuStaIn (GMM),3,0.18418878352340454,0.9439037237057039,639.5976630051931,0.42363636363636364,0.1448808943177471,22.660689655172416,40.3421052631579,,,100,100
726,0.21,sn_kjOrdinalDM_xnjNormal,34,1,SuStaIn (KDE),3,0.18418878352340454,0.9439037237057039,577.7058997988701,0.3213468013468013,0.019609967106514924,16.98896551724138,17.769736842105264,,,100,100
726,0.21,sn_kjOrdinalDM_xnjNormal,35,1,BebmS,3,0.1101221882925721,0.8611887855452212,138.26709722677867,0.4339393939393939,0.00261627094830658,19.477241379310346,0.026490066225165563,,,100,100
726,0.21,sn_kjOrdinalDM_xnjNormal,35,1,BebmS (Blind),3,0.1101221882925721,0.8611887855452212,169.42520989576977,0.36673400673400675,0.28286674141892754,15.05103448275862,0.2781456953642384,,3.0,100,100
726,0.21,sn_kjOrdinalDM_xnjNormal,35,1,Random Guessing,3,0.1101221882925721,0.8611887855452212,0.0,0.4811785161556134,-0.000398446808602175,35.86344827586207,6.185430463576159,,3.0,100,100
726,0.21,sn_kjOrdinalDM_xnjNormal,35,1,SuStaIn (GMM),3,0.1101221882925721,0.8611887855452212,753.2961524367332,0.31636363636363635,0.47295871996312244,15.997241379310346,32.609271523178805,,,100,100
726,0.21,sn_kjOrdinalDM_xnjNormal,35,1,SuStaIn (KDE),3,0.1101221882925721,0.8611887855452212,465.14825257460274,0.34814814814814815,0.0016967417238947307,20.15448275862069,18.165562913907284,,,100,100
726,0.21,sn_kjOrdinalDM_xnjNormal,36,1,BebmS,3,0.3874019618013839,0.9823235656899023,104.72181706825891,0.3750841750841751,0.0008932171901565614,13.846896551724138,0.0728476821192053,,,100,100
726,0.21,sn_kjOrdinalDM_xnjNormal,36,1,BebmS (Blind),3,0.3874019618013839,0.9823235656899023,129.62505181630453,0.4523905723905724,0.0,21.50896551724138,0.8609271523178808,,3.0,100,100
726,0.21,sn_kjOrdinalDM_xnjNormal,36,1,Random Guessing,3,0.3874019618013839,0.9823235656899023,0.0,0.4970540478690215,-0.0019819860817725616,36.464827586206894,5.973509933774834,,3.0,100,100
726,0.21,sn_kjOrdinalDM_xnjNormal,36,1,SuStaIn (GMM),3,0.3874019618013839,0.9823235656899023,438.03301054239273,0.43151515151515146,0.06983218730860505,24.85103448275862,43.77483443708609,,,100,100
726,0.21,sn_kjOrdinalDM_xnjNormal,36,1,SuStaIn (KDE),3,0.3874019618013839,0.9823235656899023,471.4134448925654,0.3431649831649832,0.004310112184230472,18.04689655172414,19.662251655629138,,,100,100
726,0.21,sn_kjOrdinalDM_xnjNormal,37,1,BebmS,3,0.4694250001713557,0.9916151615161516,72.94421956539153,0.4255892255892256,0.0,17.17241379310345,0.06622516556291391,,,100,100
726,0.21,sn_kjOrdinalDM_xnjNormal,37,1,BebmS (Blind),3,0.4694250001713557,0.9916151615161516,86.08185996214549,0.4121212121212121,0.0,12.397241379310344,0.8609271523178808,,2.0,100,100
726,0.21,sn_kjOrdinalDM_xnjNormal,37,1,Random Guessing,3,0.4694250001713557,0.9916151615161516,0.0,0.5157531296445576,0.00183608411498444,36.26620689655172,5.874172185430464,,2.0,100,100
726,0.21,sn_kjOrdinalDM_xnjNormal,37,1,SuStaIn (GMM),3,0.4694250001713557,0.9916151615161516,163.58501160939534,0.40855218855218856,0.0025496824714269124,22.685517241379312,39.086092715231786,,,100,100
726,0.21,sn_kjOrdinalDM_xnjNormal,37,1,SuStaIn (KDE),3,0.4694250001713557,0.9916151615161516,129.71108621358871,0.3046464646464646,0.006646982804989532,16.764137931034483,19.00662251655629,,,100,100
726,0.21,sn_kjOrdinalDM_xnjNormal,38,1,BebmS,3,0.18403985249450236,0.9436343634363437,69.8929179430008,0.3850505050505051,0.03805824288223382,11.274104683195592,0.0,,,100,100
726,0.21,sn_kjOrdinalDM_xnjNormal,38,1,BebmS (Blind),3,0.18403985249450236,0.9436343634363437,84.65467615127564,0.40525252525252525,0.0,8.646005509641872,1.0264900662251655,,1.0,100,100
726,0.21,sn_kjOrdinalDM_xnjNormal,38,1,Random Guessing,3,0.18403985249450236,0.9436343634363437,0.0,0.4838994718706955,0.00020647652782352928,36.396694214876035,5.9072847682119205,,1.0,100,100
726,0.21,sn_kjOrdinalDM_xnjNormal,38,1,SuStaIn (GMM),3,0.18403985249450236,0.9436343634363437,191.8416578610738,0.376026936026936,0.12886927713579363,22.451790633608816,42.25165562913907,,,100,100
726,0.21,sn_kjOrdinalDM_xnjNormal,38,1,SuStaIn (KDE),3,0.18403985249450236,0.9436343634363437,213.75860801140468,0.34424242424242424,0.0028964976073579418,18.860881542699726,21.1523178807947,,,100,100
726,0.21,sn_kjOrdinalDM_xnjNormal,39,1,BebmS,3,0.30833634710943075,0.9717091709170917,71.54492617845536,0.39326599326599326,-9.247107553657064e-05,11.898071625344352,0.0,,,100,100
726,0.21,sn_kjOrdinalDM_xnjNormal,39,1,BebmS (Blind),3,0.30833634710943075,0.9717091709170917,89.19474955797196,0.43582491582491584,0.0013274115671015661,16.581267217630852,3.9139072847682117,,1.0,100,100
726,0.21,sn_kjOrdinalDM_xnjNormal,39,1,Random Guessing,3,0.30833634710943075,0.9717091709170917,0.0,0.5055830442814684,0.004517451778436634,37.56473829201102,5.735099337748345,,1.0,100,100
726,0.21,sn_kjOrdinalDM_xnjNormal,39,1,SuStaIn (GMM),3,0.30833634710943075,0.9717091709170917,591.6705204129219,0.32976430976430976,0.24098736671735985,17.611570247933884,35.90066225165563,,,100,100
726,0.21,sn_kjOrdinalDM_xnjNormal,39,1,SuStaIn (KDE),3,0.30833634710943075,0.9717091709170917,520.74370358785,0.32707070707070707,0.006435398367599951,18.53168044077135,20.211920529801326,,,100,100
726,0.21,sn_kjOrdinalDM_xnjNormal,40,1,BebmS,3,0.05615918496857125,0.7177824449111578,71.78429656028747,0.44181818181818183,0.030046746318947312,16.911845730027547,0.03333333333333333,,,100,100
726,0.21,sn_kjOrdinalDM_xnjNormal,40,1,BebmS (Blind),3,0.05615918496857125,0.7177824449111578,87.90643358627955,0.38417508417508417,0.5000862370909709,15.56473829201102,1.6733333333333333,,2.0,100,100
726,0.21,sn_kjOrdinalDM_xnjNormal,40,1,Random Guessing,3,0.05615918496857125,0.7177824449111578,0.0,0.49078530886093974,0.002624937582389511,34.55509641873278,5.42,,2.0,100,100
726,0.21,sn_kjOrdinalDM_xnjNormal,40,1,SuStaIn (GMM),3,0.05615918496857125,0.7177824449111578,633.3179008960724,0.4078114478114478,0.8360229766106407,25.93801652892562,42.35333333333333,,,100,100
726,0.21,sn_kjOrdinalDM_xnjNormal,40,1,SuStaIn (KDE),3,0.05615918496857125,0.7177824449111578,533.5862014015515,0.36848484848484847,0.02421911185915426,20.614325068870524,22.24,,,100,100
726,0.21,sn_kjOrdinalDM_xnjNormal,41,1,BebmS,3,0.16788919557891263,0.9178557855785578,69.27865679264069,0.4226262626262626,-0.0001909230904438038,14.008275862068965,0.0728476821192053,,,100,100
726,0.21,sn_kjOrdinalDM_xnjNormal,41,1,BebmS (Blind),3,0.16788919557891263,0.9178557855785578,85.5826862692833,0.41454545454545455,0.0,12.70896551724138,0.24503311258278146,,1.0,100,100
726,0.21,sn_kjOrdinalDM_xnjNormal,41,1,Random Guessing,3,0.16788919557891263,0.9178557855785578,0.0,0.49044005025951415,-0.0007705234157083071,37.819310344827585,6.556291390728477,,1.0,100,100
726,0.21,sn_kjOrdinalDM_xnjNormal,41,1,SuStaIn (GMM),3,0.16788919557891263,0.9178557855785578,565.3191524585088,0.36208754208754207,0.18640397807592612,18.964137931034482,39.3046357615894,,,100,100
726,0.21,sn_kjOrdinalDM_xnjNormal,41,1,SuStaIn (KDE),3,0.16788919557891263,0.9178557855785578,584.487630323569,0.3265319865319865,0.00772466160068519,17.182068965517242,19.986754966887418,,,100,100
726,0.21,sn_kjOrdinalDM_xnjNormal,42,1,BebmS,3,0.13355399244183735,0.8985871920525386,98.83193082412085,0.3645791245791246,0.07166386403133258,16.79448275862069,0.2847682119205298,,,100,100
726,0.21,sn_kjOrdinalDM_xnjNormal,42,1,BebmS (Blind),3,0.13355399244183735,0.8985871920525386,114.24127465486526,0.4304377104377104,0.0004883914943149196,11.776551724137931,0.1986754966887417,,1.0,100,100
726,0.21,sn_kjOrdinalDM_xnjNormal,42,1,Random Guessing,3,0.13355399244183735,0.8985871920525386,0.0,0.4854431984265428,-0.0028147155552452736,36.246896551724134,6.2781456953642385,,1.0,100,100
726,0.21,sn_kjOrdinalDM_xnjNormal,42,1,SuStaIn (GMM),3,0.13355399244183735,0.8985871920525386,641.4670944611231,0.41084175084175084,0.3782976165285859,18.906206896551723,32.77483443708609,,,100,100
726,0.21,sn_kjOrdinalDM_xnjNormal,42,1,SuStaIn (KDE),3,0.13355399244183735,0.8985871920525386,436.54623919328054,0.35319865319865323,0.017199145179876647,19.288275862068964,20.920529801324502,,,100,100
726,0.21,sn_kjOrdinalDM_xnjNormal,43,1,BebmS,3,0.15785411585041456,0.9261979531286462,105.1769366423289,0.4327946127946128,0.1833872564870391,22.64,0.0,,,100,100
726,0.21,sn_kjOrdinalDM_xnjNormal,43,1,BebmS (Blind),3,0.15785411585041456,0.9261979531286462,134.91813530524573,0.43548821548821554,0.1617920880609479,21.85103448275862,0.9205298013245033,,1.0,100,100
726,0.21,sn_kjOrdinalDM_xnjNormal,43,1,Random Guessing,3,0.15785411585041456,0.9261979531286462,0.0,0.5004569626998426,0.0019946381641571228,36.73379310344828,6.430463576158941,,1.0,100,100
726,0.21,sn_kjOrdinalDM_xnjNormal,43,1,SuStaIn (GMM),3,0.15785411585041456,0.9261979531286462,330.87979599634804,0.4024242424242424,0.35781525948081166,24.22758620689655,42.88741721854305,,,100,100
726,0.21,sn_kjOrdinalDM_xnjNormal,43,1,SuStaIn (KDE),3,0.15785411585041456,0.9261979531286462,242.55912213722866,0.3437037037037037,0.006639329987384061,15.129655172413793,16.90066225165563,,,100,100
726,0.21,sn_kjOrdinalDM_xnjNormal,44,1,BebmS,3,0.23620053225218762,0.9645377871120445,69.71731923818588,0.432053872053872,0.0,19.46005509641873,1.086092715231788,,,100,100
726,0.21,sn_kjOrdinalDM_xnjNormal,44,1,BebmS (Blind),3,0.23620053225218762,0.9645377871120445,84.69860286315283,0.41198653198653196,0.0,14.745179063360881,0.013245033112582781,,2.0,100,100
726,0.21,sn_kjOrdinalDM_xnjNormal,44,1,Random Guessing,3,0.23620053225218762,0.9645377871120445,0.0,0.4873532185383389,-0.0025401107389240486,34.488980716253444,5.6092715231788075,,2.0,100,100
726,0.21,sn_kjOrdinalDM_xnjNormal,44,1,SuStaIn (GMM),3,0.23620053225218762,0.9645377871120445,569.3845730861028,0.4185185185185185,0.12107563369863221,22.520661157024794,34.549668874172184,,,100,100
726,0.21,sn_kjOrdinalDM_xnjNormal,44,1,SuStaIn (KDE),3,0.23620053225218762,0.9645377871120445,500.7952065229416,0.30828282828282827,0.008749836712628089,16.194214876033058,15.741721854304636,,,100,100
726,0.21,sn_kjOrdinalDM_xnjNormal,45,1,BebmS,3,0.3413842239162387,0.9799179917991799,138.2459747592608,0.41744107744107745,0.0,13.241046831955924,0.013245033112582781,,,100,100
726,0.21,sn_kjOrdinalDM_xnjNormal,45,1,BebmS (Blind),3,0.3413842239162387,0.9799179917991799,149.92950131893159,0.46148148148148144,0.0,19.349862258953166,2.2317880794701987,,2.0,100,100
726,0.21,sn_kjOrdinalDM_xnjNormal,45,1,Random Guessing,3,0.3413842239162387,0.9799179917991799,0.0,0.48325675327665546,0.00029027176432805727,37.672176308539946,6.271523178807947,,2.0,100,100
726,0.21,sn_kjOrdinalDM_xnjNormal,45,1,SuStaIn (GMM),3,0.3413842239162387,0.9799179917991799,265.7504284222921,0.37616161616161614,0.08276322372333744,20.371900826446282,37.913907284768214,,,100,100
726,0.21,sn_kjOrdinalDM_xnjNormal,45,1,SuStaIn (KDE),3,0.3413842239162387,0.9799179917991799,264.60366030534107,0.33016835016835017,0.002675099926620538,17.556473829201103,20.4635761589404,,,100,100
726,0.21,sn_kjOrdinalDM_xnjNormal,46,1,BebmS,3,0.3936693483440312,0.9888548854885488,74.42328154246012,0.4348148148148148,0.0,19.871900826446282,0.09271523178807947,,,100,100
726,0.21,sn_kjOrdinalDM_xnjNormal,46,1,BebmS (Blind),3,0.3936693483440312,0.9888548854885488,94.29134447574616,0.44639730639730635,0.0,19.049586776859503,2.185430463576159,,2.0,100,100
726,0.21,sn_kjOrdinalDM_xnjNormal,46,1,Random Guessing,3,0.3936693483440312,0.9888548854885488,0.0,0.5070297816378458,-0.0017340831198898693,36.54683195592286,5.549668874172186,,2.0,100,100
726,0.21,sn_kjOrdinalDM_xnjNormal,46,1,SuStaIn (GMM),3,0.3936693483440312,0.9888548854885488,386.67127142747245,0.4334006734006734,0.030174492576252838,28.57162534435262,46.735099337748345,,,100,100
726,0.21,sn_kjOrdinalDM_xnjNormal,46,1,SuStaIn (KDE),3,0.3936693483440312,0.9888548854885488,326.4529824376106,0.34875420875420876,-0.001808103337540982,19.914600550964188,22.278145695364238,,,100,100
726,0.21,sn_kjOrdinalDM_xnjNormal,47,1,BebmS,3,0.033935748766098985,0.5691995866253292,70.42340108156205,0.3329292929292929,0.26162753631153746,9.741046831955924,0.0,,,100,100
726,0.21,sn_kjOrdinalDM_xnjNormal,47,1,BebmS (Blind),3,0.033935748766098985,0.5691995866253292,86.61590768496195,0.21414141414141416,0.8965732237009058,6.712121212121212,0.08609271523178808,,2.0,100,100
726,0.21,sn_kjOrdinalDM_xnjNormal,47,1,Random Guessing,3,0.033935748766098985,0.5691995866253292,0.0,0.4962001223716707,-0.0018772435043891073,35.51790633608815,6.0927152317880795,,2.0,100,100
726,0.21,sn_kjOrdinalDM_xnjNormal,47,1,SuStaIn (GMM),3,0.033935748766098985,0.5691995866253292,264.22075139284135,0.3190572390572391,0.9200381324475242,16.146005509641874,32.158940397350996,,,100,100
726,0.21,sn_kjOrdinalDM_xnjNormal,47,1,SuStaIn (KDE),3,0.033935748766098985,0.5691995866253292,331.3330537279447,0.35865319865319867,0.31130840798454806,17.318181818181817,19.788079470198674,,,100,100
726,0.21,sn_kjOrdinalDM_xnjNormal,48,1,BebmS,3,0.49609225645020766,0.9916498316498317,113.84200592835744,0.3875420875420876,0.0,11.589531680440771,0.22,,,100,100
726,0.21,sn_kjOrdinalDM_xnjNormal,48,1,BebmS (Blind),3,0.49609225645020766,0.9916498316498317,146.48188731273015,0.3929292929292929,0.0,9.294765840220386,0.47333333333333333,,3.0,100,100
726,0.21,sn_kjOrdinalDM_xnjNormal,48,1,Random Guessing,3,0.49609225645020766,0.9916498316498317,0.0,0.4988164387690439,0.0034766198130998984,38.34297520661157,5.046666666666667,,3.0,100,100
726,0.21,sn_kjOrdinalDM_xnjNormal,48,1,SuStaIn (GMM),3,0.49609225645020766,0.9916498316498317,730.6455691973368,0.4348148148148148,0.012428988925785537,21.9366391184573,39.43333333333333,,,100,100
726,0.21,sn_kjOrdinalDM_xnjNormal,48,1,SuStaIn (KDE),3,0.49609225645020766,0.9916498316498317,415.937725464503,0.3256565656565656,-0.00011453112730392415,18.353994490358126,21.18,,,100,100
726,0.21,sn_kjOrdinalDM_xnjNormal,49,1,BebmS,3,0.10395688597668039,0.8414748141480815,73.65810350577037,0.43932659932659934,0.0,17.048275862068966,0.033112582781456956,,,100,100
726,0.21,sn_kjOrdinalDM_xnjNormal,49,1,BebmS (Blind),3,0.10395688597668039,0.8414748141480815,95.06646828651428,0.432053872053872,0.0026388760688588436,15.317241379310344,0.1390728476821192,,3.0,100,100
726,0.21,sn_kjOrdinalDM_xnjNormal,49,1,Random Guessing,3,0.10395688597668039,0.8414748141480815,0.0,0.5082537024137975,-0.002138837827051959,35.98068965517241,5.397350993377484,,3.0,100,100
726,0.21,sn_kjOrdinalDM_xnjNormal,49,1,SuStaIn (GMM),3,0.10395688597668039,0.8414748141480815,640.1850095907847,0.3171043771043771,0.19077453745160067,20.342068965517242,40.90066225165563,,,100,100
726,0.21,sn_kjOrdinalDM_xnjNormal,49,1,SuStaIn (KDE),3,0.10395688597668039,0.8414748141480815,525.51053262949,0.38222222222222224,0.012584572040221544,19.307586206896552,19.596026490066226,,,100,100
726,0.21,sn_kjOrdinalUniform_xnjNonNormal,0,4,BebmS,3,0.19833714426924073,0.9424315764909824,69.3925143758456,0.382020202020202,0.0,5.695592286501378,0.10666666666666667,,,100,100
726,0.21,sn_kjOrdinalUniform_xnjNonNormal,0,4,BebmS (Blind),3,0.19833714426924073,0.9424315764909824,83.73625036080678,0.3895622895622896,0.000604993824496999,7.859504132231405,0.26,,1.0,100,100
726,0.21,sn_kjOrdinalUniform_xnjNonNormal,0,4,Random Guessing,3,0.19833714426924073,0.9424315764909824,0.0,0.4998754214168664,-0.0013298073556647647,36.03305785123967,5.886666666666667,,1.0,100,100
726,0.21,sn_kjOrdinalUniform_xnjNonNormal,0,4,SuStaIn (GMM),3,0.19833714426924073,0.9424315764909824,196.9517266313235,0.42814814814814817,0.000505470290872861,27.16253443526171,47.21333333333333,,,100,100
726,0.21,sn_kjOrdinalUniform_xnjNonNormal,0,4,SuStaIn (KDE),3,0.19833714426924073,0.9424315764909824,272.9155258576075,0.43144781144781147,-0.0007578149668455952,23.914600550964188,38.26,,,100,100
726,0.21,sn_kjOrdinalUniform_xnjNonNormal,1,4,BebmS,3,0.04702391808402757,0.6313898056472314,126.57915108601252,0.2338047138047138,0.7616401003476104,4.673103448275862,1.0066225165562914,,,100,100
726,0.21,sn_kjOrdinalUniform_xnjNonNormal,1,4,BebmS (Blind),3,0.04702391808402757,0.6313898056472314,159.28436453739803,0.2884848484848485,0.24383279656909887,6.448275862068965,2.7549668874172184,,1.0,100,100
726,0.21,sn_kjOrdinalUniform_xnjNonNormal,1,4,Random Guessing,3,0.04702391808402757,0.6313898056472314,0.0,0.48662535286477054,-0.0003286415551145799,36.57655172413793,5.688741721854305,,1.0,100,100
726,0.21,sn_kjOrdinalUniform_xnjNonNormal,1,4,SuStaIn (GMM),3,0.04702391808402757,0.6313898056472314,339.82121702035266,0.46996632996633,0.36259316536772945,29.204137931034484,50.25165562913907,,,100,100
726,0.21,sn_kjOrdinalUniform_xnjNonNormal,1,4,SuStaIn (KDE),3,0.04702391808402757,0.6313898056472314,426.91686396201453,0.4420875420875421,0.01589743909288068,16.86758620689655,25.801324503311257,,,100,100
726,0.21,sn_kjOrdinalUniform_xnjNonNormal,2,4,BebmS,3,0.4309495533822375,0.9885108510851085,118.81760929822921,0.35468013468013465,0.001449051314021222,5.454545454545454,0.31125827814569534,,,100,100
726,0.21,sn_kjOrdinalUniform_xnjNonNormal,2,4,BebmS (Blind),3,0.4309495533822375,0.9885108510851085,146.55231825113296,0.3742087542087542,0.002876817806662051,6.008264462809917,0.47019867549668876,,2.0,100,100
726,0.21,sn_kjOrdinalUniform_xnjNonNormal,2,4,Random Guessing,3,0.4309495533822375,0.9885108510851085,0.0,0.5095457273459852,0.00028688562375069434,35.69834710743802,5.947019867549669,,2.0,100,100
726,0.21,sn_kjOrdinalUniform_xnjNonNormal,2,4,SuStaIn (GMM),3,0.4309495533822375,0.9885108510851085,646.575502749284,0.39999999999999997,-0.00548432958793731,27.206611570247933,48.735099337748345,,,100,100
726,0.21,sn_kjOrdinalUniform_xnjNonNormal,2,4,SuStaIn (KDE),3,0.4309495533822375,0.9885108510851085,981.4654406905174,0.450976430976431,-0.0029633254940591653,22.634986225895318,33.80794701986755,,,100,100
726,0.21,sn_kjOrdinalUniform_xnjNonNormal,3,4,BebmS,3,0.47846282290429,0.9910684401773511,69.32282229264577,0.37481481481481477,0.0004760392004731024,4.077134986225896,0.21333333333333335,,,100,100
726,0.21,sn_kjOrdinalUniform_xnjNonNormal,3,4,BebmS (Blind),3,0.47846282290429,0.9910684401773511,84.49514696995418,0.29158249158249155,0.006062317283836699,4.169421487603306,1.28,,1.0,100,100
726,0.21,sn_kjOrdinalUniform_xnjNonNormal,3,4,Random Guessing,3,0.47846282290429,0.9910684401773511,0.0,0.49374815601987593,-2.913190463575726e-05,36.5633608815427,5.7,,1.0,100,100
726,0.21,sn_kjOrdinalUniform_xnjNonNormal,3,4,SuStaIn (GMM),3,0.47846282290429,0.9910684401773511,411.9528595129649,0.42902356902356903,0.0010723523287819998,24.64876033057851,43.39333333333333,,,100,100
726,0.21,sn_kjOrdinalUniform_xnjNonNormal,3,4,SuStaIn (KDE),3,0.47846282290429,0.9910684401773511,495.63265629609424,0.4913131313131313,-0.0040596236302657225,18.80716253443526,27.053333333333335,,,100,100
726,0.21,sn_kjOrdinalUniform_xnjNonNormal,4,4,BebmS,3,0.09178448682613813,0.814050738407174,234.90633498430253,0.31387205387205386,0.2467579095198572,7.197241379310345,0.4370860927152318,,,100,100
726,0.21,sn_kjOrdinalUniform_xnjNonNormal,4,4,BebmS (Blind),3,0.09178448682613813,0.814050738407174,287.09032419522606,0.35589225589225587,-0.0071468229521639195,5.88,0.3841059602649007,,2.0,100,100
726,0.21,sn_kjOrdinalUniform_xnjNonNormal,4,4,Random Guessing,3,0.09178448682613813,0.814050738407174,0.0,0.48761584140008557,-0.0006168001513432343,34.50206896551724,5.8344370860927155,,2.0,100,100
726,0.21,sn_kjOrdinalUniform_xnjNonNormal,4,4,SuStaIn (GMM),3,0.09178448682613813,0.814050738407174,1034.745105067889,0.4824242424242424,0.036097386892626836,29.073103448275862,48.12582781456954,,,100,100
726,0.21,sn_kjOrdinalUniform_xnjNonNormal,4,4,SuStaIn (KDE),3,0.09178448682613813,0.814050738407174,745.5298360308011,0.4594612794612794,0.02731580805578295,20.244137931034484,28.95364238410596,,,100,100
726,0.21,sn_kjOrdinalUniform_xnjNonNormal,5,4,BebmS,3,0.4735262792647734,0.9916685001833516,148.88408111333848,0.37367003367003365,0.006203573032437084,7.875862068965517,0.2847682119205298,,,100,100
726,0.21,sn_kjOrdinalUniform_xnjNonNormal,5,4,BebmS (Blind),3,0.4735262792647734,0.9916685001833516,181.35847262144088,0.3993939393939394,0.00030788483375726014,6.587586206896551,1.3774834437086092,,1.0,100,100
726,0.21,sn_kjOrdinalUniform_xnjNonNormal,5,4,Random Guessing,3,0.4735262792647734,0.9916685001833516,0.0,0.511200580617171,0.0003734297197030641,36.46896551724138,5.741721854304636,,1.0,100,100
726,0.21,sn_kjOrdinalUniform_xnjNonNormal,5,4,SuStaIn (GMM),3,0.4735262792647734,0.9916685001833516,208.207475399971,0.48067340067340064,0.003203641269604567,28.121379310344828,46.11920529801324,,,100,100
726,0.21,sn_kjOrdinalUniform_xnjNonNormal,5,4,SuStaIn (KDE),3,0.4735262792647734,0.9916685001833516,210.75607537031175,0.4316498316498317,-0.0018424681405843067,20.944827586206898,31.47019867549669,,,100,100
726,0.21,sn_kjOrdinalUniform_xnjNonNormal,6,4,BebmS,3,0.2552863185178691,0.95999599959996,69.40845759312312,0.43663299663299665,0.0,11.32,0.052980132450331126,,,100,100
726,0.21,sn_kjOrdinalUniform_xnjNonNormal,6,4,BebmS (Blind),3,0.2552863185178691,0.95999599959996,84.16454987128576,0.3630976430976431,-0.003956197130353658,7.899310344827586,0.847682119205298,,1.0,100,100
726,0.21,sn_kjOrdinalUniform_xnjNonNormal,6,4,Random Guessing,3,0.2552863185178691,0.95999599959996,0.0,0.5149934309267851,0.0020397071021872695,36.01379310344828,5.450331125827814,,1.0,100,100
726,0.21,sn_kjOrdinalUniform_xnjNonNormal,6,4,SuStaIn (GMM),3,0.2552863185178691,0.95999599959996,213.61771222352982,0.4726599326599327,-0.0018064587877219432,30.900689655172414,52.629139072847686,,,100,100
726,0.21,sn_kjOrdinalUniform_xnjNonNormal,6,4,SuStaIn (KDE),3,0.2552863185178691,0.95999599959996,222.4811483502388,0.43508417508417513,-0.002129601651907631,22.31310344827586,33.93377483443709,,,100,100
726,0.21,sn_kjOrdinalUniform_xnjNonNormal,7,4,BebmS,3,0.06030190087898674,0.5846624662466247,69.37096434831619,0.3621548821548822,0.44554594839178396,6.070344827586207,0.17880794701986755,,,100,100
726,0.21,sn_kjOrdinalUniform_xnjNonNormal,7,4,BebmS (Blind),3,0.06030190087898674,0.5846624662466247,84.91476162274678,0.2611447811447812,0.422958323031488,6.404137931034483,2.5298013245033113,,1.0,100,100
726,0.21,sn_kjOrdinalUniform_xnjNonNormal,7,4,Random Guessing,3,0.06030190087898674,0.5846624662466247,0.0,0.4871022379125948,0.0006656819021860858,36.935172413793104,5.801324503311259,,1.0,100,100
726,0.21,sn_kjOrdinalUniform_xnjNonNormal,7,4,SuStaIn (GMM),3,0.06030190087898674,0.5846624662466247,481.4459897677104,0.4688888888888889,0.5390714478713233,28.186206896551724,51.62251655629139,,,100,100
726,0.21,sn_kjOrdinalUniform_xnjNonNormal,7,4,SuStaIn (KDE),3,0.06030190087898674,0.5846624662466247,551.7931534528732,0.43663299663299665,0.025803768899468428,20.798620689655174,35.41059602649007,,,100,100
726,0.21,sn_kjOrdinalUniform_xnjNonNormal,8,4,BebmS,3,0.09453944813488933,0.8288602193552689,69.56108542680741,0.29723905723905725,0.10658405339195563,6.348484848484849,0.06622516556291391,,,100,100
726,0.21,sn_kjOrdinalUniform_xnjNonNormal,8,4,BebmS (Blind),3,0.09453944813488933,0.8288602193552689,107.54040880600611,0.3311784511784512,0.10815315157828106,7.522038567493113,1.695364238410596,,2.0,100,100
726,0.21,sn_kjOrdinalUniform_xnjNonNormal,8,4,Random Guessing,3,0.09453944813488933,0.8288602193552689,0.0,0.4923054742413276,0.0006518605266661918,37.48209366391185,5.9801324503311255,,2.0,100,100
726,0.21,sn_kjOrdinalUniform_xnjNonNormal,8,4,SuStaIn (GMM),3,0.09453944813488933,0.8288602193552689,424.7414243857066,0.4357575757575758,0.07812101104692855,28.395316804407713,52.80132450331126,,,100,100
726,0.21,sn_kjOrdinalUniform_xnjNonNormal,8,4,SuStaIn (KDE),3,0.09453944813488933,0.8288602193552689,480.7999774336815,0.42983164983164984,0.004093885319577254,21.767217630853995,35.7682119205298,,,100,100
726,0.21,sn_kjOrdinalUniform_xnjNonNormal,9,4,BebmS,3,0.28519872841607313,0.9722212221222122,76.9913816332817,0.38626262626262625,4.028120307869235e-06,7.848484848484849,0.08666666666666667,,,100,100
726,0.21,sn_kjOrdinalUniform_xnjNonNormal,9,4,BebmS (Blind),3,0.28519872841607313,0.9722212221222122,101.64876523017884,0.3827609427609427,-0.00014323379454801147,5.473829201101928,0.06666666666666667,,0.0,100,100
726,0.21,sn_kjOrdinalUniform_xnjNonNormal,9,4,Random Guessing,3,0.28519872841607313,0.9722212221222122,0.0,0.4827310851701702,6.983572777380378e-05,36.35950413223141,6.253333333333333,,0.0,100,100
726,0.21,sn_kjOrdinalUniform_xnjNonNormal,9,4,SuStaIn (GMM),3,0.28519872841607313,0.9722212221222122,573.1702942093214,0.4984511784511785,0.006099316530093742,30.426997245179063,52.64666666666667,,,100,100
726,0.21,sn_kjOrdinalUniform_xnjNonNormal,9,4,SuStaIn (KDE),3,0.28519872841607313,0.9722212221222122,592.8304119388263,0.43595959595959594,-0.0024700041324551467,21.90633608815427,35.333333333333336,,,100,100
726,0.21,sn_kjOrdinalUniform_xnjNonNormal,10,4,BebmS,3,0.08724211495276256,0.8144801146781345,70.76428831418356,0.3657239057239057,0.06322789961572903,11.059310344827587,0.12,,,100,100
726,0.21,sn_kjOrdinalUniform_xnjNonNormal,10,4,BebmS (Blind),3,0.08724211495276256,0.8144801146781345,83.9950279156367,0.34255892255892256,0.13143356558859845,8.722758620689655,1.3066666666666666,,3.0,100,100
726,0.21,sn_kjOrdinalUniform_xnjNonNormal,10,4,Random Guessing,3,0.08724211495276256,0.8144801146781345,0.0,0.4875172931802863,0.00812864493923201,36.139310344827585,6.713333333333333,,3.0,100,100
726,0.21,sn_kjOrdinalUniform_xnjNonNormal,10,4,SuStaIn (GMM),3,0.08724211495276256,0.8144801146781345,999.8837623755137,0.4756902356902357,0.004134140728511336,31.97241379310345,53.0,,,100,100
726,0.21,sn_kjOrdinalUniform_xnjNonNormal,10,4,SuStaIn (KDE),3,0.08724211495276256,0.8144801146781345,908.0844226400058,0.4804713804713805,0.0031860947253768445,22.264827586206895,31.16,,,100,100
726,0.21,sn_kjOrdinalUniform_xnjNonNormal,11,4,BebmS,3,0.3018020231889102,0.9782644931159783,69.70947256485621,0.4074747474747475,0.0,9.562758620689655,0.06622516556291391,,,100,100
726,0.21,sn_kjOrdinalUniform_xnjNonNormal,11,4,BebmS (Blind),3,0.3018020231889102,0.9782644931159783,84.54563983281453,0.4027609427609427,-0.00031137153837581594,8.364137931034483,0.847682119205298,,2.0,100,100
726,0.21,sn_kjOrdinalUniform_xnjNonNormal,11,4,Random Guessing,3,0.3018020231889102,0.9782644931159783,0.0,0.4832165000487149,0.0020413998216467625,37.902068965517245,5.966887417218543,,2.0,100,100
726,0.21,sn_kjOrdinalUniform_xnjNonNormal,11,4,SuStaIn (GMM),3,0.3018020231889102,0.9782644931159783,877.5224223256112,0.4459259259259259,0.0006082674226840577,29.297931034482758,51.41059602649007,,,100,100
726,0.21,sn_kjOrdinalUniform_xnjNonNormal,11,4,SuStaIn (KDE),3,0.3018020231889102,0.9782644931159783,790.9802170952161,0.4237710437710438,0.009762711027209858,22.33241379310345,33.450331125827816,,,100,100
726,0.21,sn_kjOrdinalUniform_xnjNonNormal,12,4,BebmS,3,0.2965192396854751,0.9704130413041304,81.6218907793363,0.3670707070707071,-3.956446219040368e-06,6.028965517241379,1.1986754966887416,,,100,100
726,0.21,sn_kjOrdinalUniform_xnjNonNormal,12,4,BebmS (Blind),3,0.2965192396854751,0.9704130413041304,99.4339147567749,0.39845117845117844,-0.0002557707558511072,5.0648275862068965,0.23178807947019867,,3.0,100,100
726,0.21,sn_kjOrdinalUniform_xnjNonNormal,12,4,Random Guessing,3,0.2965192396854751,0.9704130413041304,0.0,0.5034270167833604,0.005094774721506048,35.21793103448276,5.688741721854305,,3.0,100,100
726,0.21,sn_kjOrdinalUniform_xnjNonNormal,12,4,SuStaIn (GMM),3,0.2965192396854751,0.9704130413041304,662.9396543542545,0.41097643097643094,-0.0013825363137531825,26.322758620689655,44.549668874172184,,,100,100
726,0.21,sn_kjOrdinalUniform_xnjNonNormal,12,4,SuStaIn (KDE),3,0.2965192396854751,0.9704130413041304,680.5781268636385,0.39750841750841753,0.0006016663559563994,23.17655172413793,38.615894039735096,,,100,100
726,0.21,sn_kjOrdinalUniform_xnjNonNormal,13,4,BebmS,3,0.05112109182908152,0.6153642030869754,72.62743736505509,0.3418855218855219,0.23152494475178828,7.053719008264463,0.006622516556291391,,,100,100
726,0.21,sn_kjOrdinalUniform_xnjNonNormal,13,4,BebmS (Blind),3,0.05112109182908152,0.6153642030869754,87.4129786769549,0.28195286195286196,0.21528773238897583,7.533057851239669,0.5695364238410596,,2.0,100,100
726,0.21,sn_kjOrdinalUniform_xnjNonNormal,13,4,Random Guessing,3,0.05112109182908152,0.6153642030869754,0.0,0.4915176307888462,-0.002614054673061058,38.74931129476584,5.920529801324503,,2.0,100,100
726,0.21,sn_kjOrdinalUniform_xnjNonNormal,13,4,SuStaIn (GMM),3,0.05112109182908152,0.6153642030869754,476.4624928275744,0.42430976430976425,0.16768065991600845,25.230027548209367,47.675496688741724,,,100,100
726,0.21,sn_kjOrdinalUniform_xnjNonNormal,13,4,SuStaIn (KDE),3,0.05112109182908152,0.6153642030869754,563.388150203228,0.4534680134680134,0.0022411615526979154,19.487603305785125,32.688741721854306,,,100,100
726,0.21,sn_kjOrdinalUniform_xnjNonNormal,14,4,BebmS,3,0.28572367990060704,0.9686075274194086,74.26021735270818,0.35663299663299664,-0.0011840839740167675,4.2245179063360885,0.11333333333333333,,,100,100
726,0.21,sn_kjOrdinalUniform_xnjNonNormal,14,4,BebmS (Blind),3,0.28572367990060704,0.9686075274194086,92.44306302865347,0.37360269360269355,0.003195818428037758,4.220385674931129,0.82,,1.0,100,100
726,0.21,sn_kjOrdinalUniform_xnjNonNormal,14,4,Random Guessing,3,0.28572367990060704,0.9686075274194086,0.0,0.4942938870286451,-0.0007237477333993817,35.662534435261705,6.266666666666667,,1.0,100,100
726,0.21,sn_kjOrdinalUniform_xnjNonNormal,14,4,SuStaIn (GMM),3,0.28572367990060704,0.9686075274194086,437.3403282682101,0.4824242424242424,-0.0015702816729907026,27.431129476584022,48.913333333333334,,,100,100
726,0.21,sn_kjOrdinalUniform_xnjNonNormal,14,4,SuStaIn (KDE),3,0.28572367990060704,0.9686075274194086,660.0009344021479,0.42740740740740746,-0.002068740289175361,21.758953168044076,34.63333333333333,,,100,100
726,0.21,sn_kjOrdinalUniform_xnjNonNormal,15,4,BebmS,3,0.36536097528357664,0.9846437977131046,69.37819701433182,0.38545454545454544,0.0,6.811034482758621,0.06622516556291391,,,100,100
726,0.21,sn_kjOrdinalUniform_xnjNonNormal,15,4,BebmS (Blind),3,0.36536097528357664,0.9846437977131046,96.22244475285213,0.42451178451178456,0.0,8.606896551724137,1.3708609271523178,,2.0,100,100
726,0.21,sn_kjOrdinalUniform_xnjNonNormal,15,4,Random Guessing,3,0.36536097528357664,0.9846437977131046,0.0,0.4853934475236519,0.004656898218045507,36.031724137931036,6.0927152317880795,,2.0,100,100
726,0.21,sn_kjOrdinalUniform_xnjNonNormal,15,4,SuStaIn (GMM),3,0.36536097528357664,0.9846437977131046,835.9323171377182,0.5032996632996634,0.0008717801485220443,30.36689655172414,48.688741721854306,,,100,100
726,0.21,sn_kjOrdinalUniform_xnjNonNormal,15,4,SuStaIn (KDE),3,0.36536097528357664,0.9846437977131046,841.7437888781229,0.3846464646464646,-3.939103146609819e-05,26.169655172413794,40.74834437086093,,,100,100
726,0.21,sn_kjOrdinalUniform_xnjNonNormal,16,4,BebmS,3,0.45101502409326527,0.9886682001533487,92.86705776055653,0.39286195286195286,5.93431092303229e-07,5.521379310344828,0.019867549668874173,,,100,100
726,0.21,sn_kjOrdinalUniform_xnjNonNormal,16,4,BebmS (Blind),3,0.45101502409326527,0.9886682001533487,111.22528216838836,0.397037037037037,0.0,6.6482758620689655,0.423841059602649,,0.0,100,100
726,0.21,sn_kjOrdinalUniform_xnjNonNormal,16,4,Random Guessing,3,0.45101502409326527,0.9886682001533487,0.0,0.4971523418714356,0.0038344822380840184,37.94620689655172,6.178807947019868,,0.0,100,100
726,0.21,sn_kjOrdinalUniform_xnjNonNormal,16,4,SuStaIn (GMM),3,0.45101502409326527,0.9886682001533487,241.80960440238317,0.46370370370370373,0.003175638522352151,27.93793103448276,50.788079470198674,,,100,100
726,0.21,sn_kjOrdinalUniform_xnjNonNormal,16,4,SuStaIn (KDE),3,0.45101502409326527,0.9886682001533487,291.9843325694402,0.45131313131313133,0.0008080154043306375,25.54206896551724,44.29139072847682,,,100,100
726,0.21,sn_kjOrdinalUniform_xnjNonNormal,17,4,BebmS,3,0.4470180920519208,0.9884015068173484,148.56478447516758,0.36754208754208756,0.0006834875490675312,4.689655172413793,0.271523178807947,,,100,100
726,0.21,sn_kjOrdinalUniform_xnjNonNormal,17,4,BebmS (Blind),3,0.4470180920519208,0.9884015068173484,175.39473441839218,0.3625589225589225,0.0,5.096551724137931,0.16556291390728478,,3.0,100,100
726,0.21,sn_kjOrdinalUniform_xnjNonNormal,17,4,Random Guessing,3,0.4470180920519208,0.9884015068173484,0.0,0.5139802255902194,-0.0011834638170812818,39.16965517241379,6.105960264900662,,3.0,100,100
726,0.21,sn_kjOrdinalUniform_xnjNonNormal,17,4,SuStaIn (GMM),3,0.4470180920519208,0.9884015068173484,521.6677417675654,0.4653872053872054,0.0069238400627944265,26.402758620689657,46.21854304635762,,,100,100
726,0.21,sn_kjOrdinalUniform_xnjNonNormal,17,4,SuStaIn (KDE),3,0.4470180920519208,0.9884015068173484,513.2498605966568,0.42478114478114476,0.0003757288035493656,20.09793103448276,33.66225165562914,,,100,100
726,0.21,sn_kjOrdinalUniform_xnjNonNormal,18,4,BebmS,3,0.2860635684503788,0.9737413741374138,69.21879627704621,0.39912457912457916,-0.0006521201755305998,7.87465564738292,0.17218543046357615,,,100,100
726,0.21,sn_kjOrdinalUniform_xnjNonNormal,18,4,BebmS (Blind),3,0.2860635684503788,0.9737413741374138,88.40056124130885,0.38552188552188554,-0.00569955835252139,10.739669421487603,1.2317880794701987,,1.0,100,100
726,0.21,sn_kjOrdinalUniform_xnjNonNormal,18,4,Random Guessing,3,0.2860635684503788,0.9737413741374138,0.0,0.49554671144121487,-0.0013886714701669177,37.35674931129476,5.629139072847682,,1.0,100,100
726,0.21,sn_kjOrdinalUniform_xnjNonNormal,18,4,SuStaIn (GMM),3,0.2860635684503788,0.9737413741374138,234.20691269636154,0.4407407407407407,-0.002199480681280813,26.183195592286502,44.28476821192053,,,100,100
726,0.21,sn_kjOrdinalUniform_xnjNonNormal,18,4,SuStaIn (KDE),3,0.2860635684503788,0.9737413741374138,269.271027803421,0.3929292929292929,-0.004288906990211016,20.191460055096417,34.549668874172184,,,100,100
726,0.21,sn_kjOrdinalUniform_xnjNonNormal,19,4,BebmS,3,0.307317449934265,0.9831476480981431,69.42212866942087,0.3809427609427609,-0.0009733821062550978,6.188965517241379,0.17880794701986755,,,100,100
726,0.21,sn_kjOrdinalUniform_xnjNonNormal,19,4,BebmS (Blind),3,0.307317449934265,0.9831476480981431,84.82535724242528,0.4155555555555555,0.004148918110445316,7.576551724137931,1.3377483443708609,,0.0,100,100
726,0.21,sn_kjOrdinalUniform_xnjNonNormal,19,4,Random Guessing,3,0.307317449934265,0.9831476480981431,0.0,0.5182464530174612,0.0007288232755606988,36.76137931034483,5.3907284768211925,,0.0,100,100
726,0.21,sn_kjOrdinalUniform_xnjNonNormal,19,4,SuStaIn (GMM),3,0.307317449934265,0.9831476480981431,570.9403362671534,0.41070707070707063,0.019217308399330817,25.45793103448276,46.09271523178808,,,100,100
726,0.21,sn_kjOrdinalUniform_xnjNonNormal,19,4,SuStaIn (KDE),3,0.307317449934265,0.9831476480981431,516.241384367148,0.4267340067340067,0.004673032718339118,18.208275862068966,28.357615894039736,,,100,100
726,0.21,sn_kjOrdinalUniform_xnjNonNormal,20,4,BebmS,3,0.3381425364021287,0.9817048371503817,69.41455887556076,0.4203367003367003,-0.00018478558659815292,8.86896551724138,0.10596026490066225,,,100,100
726,0.21,sn_kjOrdinalUniform_xnjNonNormal,20,4,BebmS (Blind),3,0.3381425364021287,0.9817048371503817,85.03150531450908,0.4076767676767677,0.0010407567090560212,9.15448275862069,1.119205298013245,,1.0,100,100
726,0.21,sn_kjOrdinalUniform_xnjNonNormal,20,4,Random Guessing,3,0.3381425364021287,0.9817048371503817,0.0,0.5027602308229472,0.004987029972060409,35.82344827586207,5.887417218543046,,1.0,100,100
726,0.21,sn_kjOrdinalUniform_xnjNonNormal,20,4,SuStaIn (GMM),3,0.3381425364021287,0.9817048371503817,441.9243689219157,0.4774410774410775,0.005455838363596552,30.822068965517243,50.94039735099338,,,100,100
726,0.21,sn_kjOrdinalUniform_xnjNonNormal,20,4,SuStaIn (KDE),3,0.3381425364021287,0.9817048371503817,503.23349588314693,0.456026936026936,-0.0008414734149736966,24.372413793103448,39.05298013245033,,,100,100
726,0.21,sn_kjOrdinalUniform_xnjNonNormal,21,4,BebmS,3,0.4911395943509717,0.9888628862886288,140.30945465167363,0.3823569023569024,0.02652905104294499,9.28,0.06622516556291391,,,100,100
726,0.21,sn_kjOrdinalUniform_xnjNonNormal,21,4,BebmS (Blind),3,0.4911395943509717,0.9888628862886288,132.1018754641215,0.34289562289562286,0.01455255269298874,7.0744827586206895,0.17880794701986755,,3.0,100,100
726,0.21,sn_kjOrdinalUniform_xnjNonNormal,21,4,Random Guessing,3,0.4911395943509717,0.9888628862886288,0.0,0.5014123779779868,-0.0018293652483290302,37.329655172413794,6.218543046357616,,3.0,100,100
726,0.21,sn_kjOrdinalUniform_xnjNonNormal,21,4,SuStaIn (GMM),3,0.4911395943509717,0.9888628862886288,666.9196008443832,0.4808080808080808,-0.0008808756365833203,28.293793103448277,49.86092715231788,,,100,100
726,0.21,sn_kjOrdinalUniform_xnjNonNormal,21,4,SuStaIn (KDE),3,0.4911395943509717,0.9888628862886288,761.4683839241663,0.46114478114478114,-0.0024537351900152478,22.96551724137931,37.258278145695364,,,100,100
726,0.21,sn_kjOrdinalUniform_xnjNonNormal,22,4,BebmS,3,0.42949035180527223,0.9876867686768677,95.17846741676331,0.3764309764309764,0.0,4.714482758620689,0.013157894736842105,,,100,100
726,0.21,sn_kjOrdinalUniform_xnjNonNormal,22,4,BebmS (Blind),3,0.42949035180527223,0.9876867686768677,114.76781870921452,0.4014814814814815,-3.794046725948747e-05,6.972413793103448,1.144736842105263,,2.0,100,100
726,0.21,sn_kjOrdinalUniform_xnjNonNormal,22,4,Random Guessing,3,0.42949035180527223,0.9876867686768677,0.0,0.5087550942774383,-0.000911524189019914,36.3351724137931,6.315789473684211,,2.0,100,100
726,0.21,sn_kjOrdinalUniform_xnjNonNormal,22,4,SuStaIn (GMM),3,0.42949035180527223,0.9876867686768677,760.4173225005468,0.4516498316498317,0.0010358476273535772,33.84413793103448,57.94078947368421,,,100,100
726,0.21,sn_kjOrdinalUniform_xnjNonNormal,22,4,SuStaIn (KDE),3,0.42949035180527223,0.9876867686768677,666.4683015147845,0.43158249158249157,-0.003237035744673971,18.33241379310345,27.855263157894736,,,100,100
726,0.21,sn_kjOrdinalUniform_xnjNonNormal,23,4,BebmS,3,0.45386997714814925,0.9892789278927893,95.49739206234614,0.3877441077441078,0.010192500029618233,6.1143250688705235,0.11258278145695365,,,100,100
726,0.21,sn_kjOrdinalUniform_xnjNonNormal,23,4,BebmS (Blind),3,0.45386997714814925,0.9892789278927893,117.3085619767507,0.38181818181818183,0.004275511208609584,5.604683195592287,0.8741721854304636,,2.0,100,100
726,0.21,sn_kjOrdinalUniform_xnjNonNormal,23,4,Random Guessing,3,0.45386997714814925,0.9892789278927893,0.0,0.48241244552902335,-0.0010871971069836657,36.93801652892562,5.867549668874172,,2.0,100,100
726,0.21,sn_kjOrdinalUniform_xnjNonNormal,23,4,SuStaIn (GMM),3,0.45386997714814925,0.9892789278927893,761.7057993531228,0.5190572390572391,0.003749312356050184,32.362258953168045,53.079470198675494,,,100,100
726,0.21,sn_kjOrdinalUniform_xnjNonNormal,23,4,SuStaIn (KDE),3,0.45386997714814925,0.9892789278927893,633.5442483385403,0.4534006734006734,0.0015858614483642854,20.757575757575758,30.456953642384107,,,100,100
726,0.21,sn_kjOrdinalUniform_xnjNonNormal,24,4,BebmS,3,0.22203635595419663,0.9587585425209187,87.34824341535568,0.344983164983165,0.008583538805866169,5.384297520661157,0.47333333333333333,,,100,100
726,0.21,sn_kjOrdinalUniform_xnjNonNormal,24,4,BebmS (Blind),3,0.22203635595419663,0.9587585425209187,116.71663606961569,0.35508417508417506,0.007977443111806357,6.085399449035813,0.23333333333333334,,2.0,100,100
726,0.21,sn_kjOrdinalUniform_xnjNonNormal,24,4,Random Guessing,3,0.22203635595419663,0.9587585425209187,0.0,0.49704101491102337,-0.0012298395455293,36.769972451790636,5.62,,2.0,100,100
726,0.21,sn_kjOrdinalUniform_xnjNonNormal,24,4,SuStaIn (GMM),3,0.22203635595419663,0.9587585425209187,243.15131673018138,0.4475420875420875,0.006465900358143984,30.245179063360883,53.48,,,100,100
726,0.21,sn_kjOrdinalUniform_xnjNonNormal,24,4,SuStaIn (KDE),3,0.22203635595419663,0.9587585425209187,266.70302175680797,0.4286868686868687,-0.0004131209163997476,20.46969696969697,35.74666666666667,,,100,100
726,0.21,sn_kjOrdinalUniform_xnjNonNormal,25,4,BebmS,3,0.1573681614964071,0.9325079174584125,69.19839686950048,0.38720538720538716,0.03668715879199949,8.428374655647383,0.05333333333333334,,,100,100
726,0.21,sn_kjOrdinalUniform_xnjNonNormal,25,4,BebmS (Blind),3,0.1573681614964071,0.9325079174584125,84.18229770263036,0.3620202020202021,-0.01476075258014083,6.590909090909091,0.18666666666666668,,0.0,100,100
726,0.21,sn_kjOrdinalUniform_xnjNonNormal,25,4,Random Guessing,3,0.1573681614964071,0.9325079174584125,0.0,0.5008593021474034,-0.0010315320782290542,38.269972451790636,5.94,,0.0,100,100
726,0.21,sn_kjOrdinalUniform_xnjNonNormal,25,4,SuStaIn (GMM),3,0.1573681614964071,0.9325079174584125,525.9514538208643,0.43575757575757573,0.018353863244655638,26.55922865013774,47.26,,,100,100
726,0.21,sn_kjOrdinalUniform_xnjNonNormal,25,4,SuStaIn (KDE),3,0.1573681614964071,0.9325079174584125,666.9087885022163,0.382020202020202,0.00029981435977461226,16.22176308539945,23.733333333333334,,,100,100
726,0.21,sn_kjOrdinalUniform_xnjNonNormal,26,4,BebmS,3,0.161912831158775,0.9234483448344835,70.34871059656143,0.3773737373737374,0.007393539054211989,9.698347107438016,0.62,,,100,100
726,0.21,sn_kjOrdinalUniform_xnjNonNormal,26,4,BebmS (Blind),3,0.161912831158775,0.9234483448344835,87.19356349706649,0.4018855218855219,0.006644880911255731,8.774104683195592,0.8733333333333333,,3.0,100,100
726,0.21,sn_kjOrdinalUniform_xnjNonNormal,26,4,Random Guessing,3,0.161912831158775,0.9234483448344835,0.0,0.49623815575647084,-0.002636373500055123,37.72314049586777,6.1866666666666665,,3.0,100,100
726,0.21,sn_kjOrdinalUniform_xnjNonNormal,26,4,SuStaIn (GMM),3,0.161912831158775,0.9234483448344835,457.74186203082405,0.5056565656565657,-0.0005641919674788246,32.00413223140496,54.653333333333336,,,100,100
726,0.21,sn_kjOrdinalUniform_xnjNonNormal,26,4,SuStaIn (KDE),3,0.161912831158775,0.9234483448344835,599.3391693870227,0.4391245791245791,0.008480756081975172,24.03305785123967,40.60666666666667,,,100,100
726,0.21,sn_kjOrdinalUniform_xnjNonNormal,27,4,BebmS,3,0.09318623061448328,0.793096642997633,72.77277892827988,0.2701010101010101,0.5005988213772867,5.431724137931035,0.13157894736842105,,,100,100
726,0.21,sn_kjOrdinalUniform_xnjNonNormal,27,4,BebmS (Blind),3,0.09318623061448328,0.793096642997633,90.44202078580857,0.34686868686868694,0.07484221577242679,7.983448275862069,0.3815789473684211,,1.0,100,100
726,0.21,sn_kjOrdinalUniform_xnjNonNormal,27,4,Random Guessing,3,0.09318623061448328,0.793096642997633,0.0,0.4963679422477387,0.0003842367807434686,36.58620689655172,5.7894736842105265,,1.0,100,100
726,0.21,sn_kjOrdinalUniform_xnjNonNormal,27,4,SuStaIn (GMM),3,0.09318623061448328,0.793096642997633,224.61779835224152,0.49717171717171715,0.10121029558590584,28.049655172413793,48.21052631578947,,,100,100
726,0.21,sn_kjOrdinalUniform_xnjNonNormal,27,4,SuStaIn (KDE),3,0.09318623061448328,0.793096642997633,327.6263768196106,0.4605387205387205,-0.009567786134583584,18.899310344827587,29.74342105263158,,,100,100
726,0.21,sn_kjOrdinalUniform_xnjNonNormal,28,4,BebmS,3,0.09170268109504283,0.8238357169050239,75.81307895183564,0.3136026936026936,0.46050872740830273,9.174931129476583,0.08,,,100,100
726,0.21,sn_kjOrdinalUniform_xnjNonNormal,28,4,BebmS (Blind),3,0.09170268109504283,0.8238357169050239,89.50998357137044,0.37488215488215487,0.29984937699590564,11.670798898071626,0.3,,1.0,100,100
726,0.21,sn_kjOrdinalUniform_xnjNonNormal,28,4,Random Guessing,3,0.09170268109504283,0.8238357169050239,0.0,0.48733811546327144,-0.0016817913536318284,36.34159779614325,6.613333333333333,,1.0,100,100
726,0.21,sn_kjOrdinalUniform_xnjNonNormal,28,4,SuStaIn (GMM),3,0.09170268109504283,0.8238357169050239,562.1330003937086,0.4922558922558922,0.005218390615213065,29.276859504132233,46.526666666666664,,,100,100
726,0.21,sn_kjOrdinalUniform_xnjNonNormal,28,4,SuStaIn (KDE),3,0.09170268109504283,0.8238357169050239,588.5976041555405,0.42734006734006735,-0.00250856706781969,21.665289256198346,33.153333333333336,,,100,100
726,0.21,sn_kjOrdinalUniform_xnjNonNormal,29,4,BebmS,3,0.058911287173363885,0.6497996466313298,69.04789918263754,0.2694276094276094,0.6668408725371803,7.731034482758621,0.4503311258278146,,,100,100
726,0.21,sn_kjOrdinalUniform_xnjNonNormal,29,4,BebmS (Blind),3,0.058911287173363885,0.6497996466313298,84.27204234202704,0.3554882154882155,0.2874296624612386,7.348965517241379,1.4834437086092715,,1.0,100,100
726,0.21,sn_kjOrdinalUniform_xnjNonNormal,29,4,Random Guessing,3,0.058911287173363885,0.6497996466313298,0.0,0.49193456552953707,0.00015182129493266725,37.44275862068965,6.059602649006623,,1.0,100,100
726,0.21,sn_kjOrdinalUniform_xnjNonNormal,29,4,SuStaIn (GMM),3,0.058911287173363885,0.6497996466313298,579.1229068835577,0.4880808080808081,0.02768687615665973,24.980689655172412,43.52317880794702,,,100,100
726,0.21,sn_kjOrdinalUniform_xnjNonNormal,29,4,SuStaIn (KDE),3,0.058911287173363885,0.6497996466313298,538.2986168225606,0.39979797979797976,-0.00390883854700453,19.32,31.311258278145694,,,100,100
726,0.21,sn_kjOrdinalUniform_xnjNonNormal,30,4,BebmS,3,0.35518796410730014,0.9832009867653432,69.11400119066238,0.3738720538720539,-0.0009568713609186796,4.994490358126722,0.22666666666666666,,,100,100
726,0.21,sn_kjOrdinalUniform_xnjNonNormal,30,4,BebmS (Blind),3,0.35518796410730014,0.9832009867653432,83.34033199151357,0.38033670033670036,-0.0003378450445872901,5.679063360881543,1.02,,1.0,100,100
726,0.21,sn_kjOrdinalUniform_xnjNonNormal,30,4,Random Guessing,3,0.35518796410730014,0.9832009867653432,0.0,0.5000830634890261,-0.002219274510210401,36.07713498622589,6.226666666666667,,1.0,100,100
726,0.21,sn_kjOrdinalUniform_xnjNonNormal,30,4,SuStaIn (GMM),3,0.35518796410730014,0.9832009867653432,460.5630165775617,0.4717845117845118,-0.00015942012634732249,33.392561983471076,53.34,,,100,100
726,0.21,sn_kjOrdinalUniform_xnjNonNormal,30,4,SuStaIn (KDE),3,0.35518796410730014,0.9832009867653432,551.0941458304723,0.41158249158249155,-0.0015205667869184736,23.97107438016529,34.42,,,100,100
726,0.21,sn_kjOrdinalUniform_xnjNonNormal,31,4,BebmS,3,0.4991514929555875,0.9917965129846318,76.00103797117869,0.4006060606060606,0.0,7.852617079889807,1.0529801324503312,,,100,100
726,0.21,sn_kjOrdinalUniform_xnjNonNormal,31,4,BebmS (Blind),3,0.4991514929555875,0.9917965129846318,93.35273097753524,0.41232323232323226,0.0011762512096888807,8.453168044077135,1.4503311258278146,,2.0,100,100
726,0.21,sn_kjOrdinalUniform_xnjNonNormal,31,4,Random Guessing,3,0.4991514929555875,0.9917965129846318,0.0,0.4940225006600872,-0.0026558999884254237,37.52203856749311,5.71523178807947,,2.0,100,100
726,0.21,sn_kjOrdinalUniform_xnjNonNormal,31,4,SuStaIn (GMM),3,0.4991514929555875,0.9917965129846318,230.65802889664968,0.4194612794612795,0.00121601649968131,27.623966942148762,47.23841059602649,,,100,100
726,0.21,sn_kjOrdinalUniform_xnjNonNormal,31,4,SuStaIn (KDE),3,0.4991514929555875,0.9917965129846318,309.47870391607285,0.4000000000000001,-0.0011643398212748198,20.420110192837466,31.741721854304636,,,100,100
726,0.21,sn_kjOrdinalUniform_xnjNonNormal,32,4,BebmS,3,0.4197690947682101,0.9871027102710271,69.3581030845642,0.36835016835016837,0.00028810134966774915,4.3020689655172415,0.2052980132450331,,,100,100
726,0.21,sn_kjOrdinalUniform_xnjNonNormal,32,4,BebmS (Blind),3,0.4197690947682101,0.9871027102710271,83.40110704104106,0.37912457912457914,-7.773010923682785e-05,6.343448275862069,0.32450331125827814,,2.0,100,100
726,0.21,sn_kjOrdinalUniform_xnjNonNormal,32,4,Random Guessing,3,0.4197690947682101,0.9871027102710271,0.0,0.4918204608069643,-0.000597596380864758,37.32551724137931,6.013245033112582,,2.0,100,100
726,0.21,sn_kjOrdinalUniform_xnjNonNormal,32,4,SuStaIn (GMM),3,0.4197690947682101,0.9871027102710271,93.06896398464839,0.4071380471380472,0.0009383033296304337,24.61241379310345,45.58940397350993,,,100,100
726,0.21,sn_kjOrdinalUniform_xnjNonNormal,32,4,SuStaIn (KDE),3,0.4197690947682101,0.9871027102710271,128.20607493718464,0.4082828282828283,0.0032360422745791465,19.055172413793102,28.880794701986755,,,100,100
726,0.21,sn_kjOrdinalUniform_xnjNonNormal,33,4,BebmS,3,0.12044943755692739,0.8827429409607628,81.61230834325154,0.3436363636363636,0.009493128412947126,8.048209366391184,0.11333333333333333,,,100,100
726,0.21,sn_kjOrdinalUniform_xnjNonNormal,33,4,BebmS (Blind),3,0.12044943755692739,0.8827429409607628,102.2635117650032,0.3496969696969697,0.08852140280089489,8.056473829201101,0.6866666666666666,,1.0,100,100
726,0.21,sn_kjOrdinalUniform_xnjNonNormal,33,4,Random Guessing,3,0.12044943755692739,0.8827429409607628,0.0,0.49269047527411214,-0.0016649498597319423,38.19834710743802,6.6466666666666665,,1.0,100,100
726,0.21,sn_kjOrdinalUniform_xnjNonNormal,33,4,SuStaIn (GMM),3,0.12044943755692739,0.8827429409607628,590.2568808794022,0.48148148148148145,0.05003238396129304,23.40633608815427,41.4,,,100,100
726,0.21,sn_kjOrdinalUniform_xnjNonNormal,33,4,SuStaIn (KDE),3,0.12044943755692739,0.8827429409607628,587.1915143847466,0.4445117845117845,0.004664677267345486,19.71763085399449,31.34,,,100,100
726,0.21,sn_kjOrdinalUniform_xnjNonNormal,34,4,BebmS,3,0.3069717384339204,0.9797979797979798,143.00718350013096,0.37851851851851853,-0.0005866587456302623,6.900689655172414,0.1,,,100,100
726,0.21,sn_kjOrdinalUniform_xnjNonNormal,34,4,BebmS (Blind),3,0.3069717384339204,0.9797979797979798,171.14596672852835,0.4074747474747475,0.0,8.0,0.58,,2.0,100,100
726,0.21,sn_kjOrdinalUniform_xnjNonNormal,34,4,Random Guessing,3,0.3069717384339204,0.9797979797979798,0.0,0.4854281984340639,0.0004605316221703403,37.703448275862065,5.633333333333334,,2.0,100,100
726,0.21,sn_kjOrdinalUniform_xnjNonNormal,34,4,SuStaIn (GMM),3,0.3069717384339204,0.9797979797979798,703.3591446638108,0.4377777777777778,-0.00012724354373130442,25.260689655172413,43.333333333333336,,,100,100
726,0.21,sn_kjOrdinalUniform_xnjNonNormal,34,4,SuStaIn (KDE),3,0.3069717384339204,0.9797979797979798,484.92734979788463,0.3877441077441078,0.0014102560233135238,17.798620689655174,27.086666666666666,,,100,100
726,0.21,sn_kjOrdinalUniform_xnjNonNormal,35,4,BebmS,3,0.3401836662144308,0.9847984798479849,90.7110072294871,0.41299663299663303,0.0,6.466942148760331,0.25333333333333335,,,100,100
726,0.21,sn_kjOrdinalUniform_xnjNonNormal,35,4,BebmS (Blind),3,0.3401836662144308,0.9847984798479849,132.60590399901074,0.39791245791245794,0.0,7.435261707988981,1.4333333333333333,,1.0,100,100
726,0.21,sn_kjOrdinalUniform_xnjNonNormal,35,4,Random Guessing,3,0.3401836662144308,0.9847984798479849,0.0,0.4914444264196996,-0.0011324015461703662,36.64462809917355,5.92,,1.0,100,100
726,0.21,sn_kjOrdinalUniform_xnjNonNormal,35,4,SuStaIn (GMM),3,0.3401836662144308,0.9847984798479849,260.339014172554,0.46915824915824916,-0.0025593514704417824,33.22865013774105,58.99333333333333,,,100,100
726,0.21,sn_kjOrdinalUniform_xnjNonNormal,35,4,SuStaIn (KDE),3,0.3401836662144308,0.9847984798479849,227.17803081671397,0.4559595959595959,-0.0032663986526197094,18.426997245179063,28.36,,,100,100
726,0.21,sn_kjOrdinalUniform_xnjNonNormal,36,4,BebmS,3,0.09040892256948084,0.8422988965563223,108.64751543998719,0.36646464646464644,0.17844505373201922,12.052413793103447,0.10596026490066225,,,100,100
726,0.21,sn_kjOrdinalUniform_xnjNonNormal,36,4,BebmS (Blind),3,0.09040892256948084,0.8422988965563223,128.53629270394643,0.305993265993266,0.13990844949016115,7.557241379310345,0.13245033112582782,,2.0,100,100
726,0.21,sn_kjOrdinalUniform_xnjNonNormal,36,4,Random Guessing,3,0.09040892256948084,0.8422988965563223,0.0,0.49977672952471286,0.001872155519804912,36.70896551724138,6.013245033112582,,2.0,100,100
726,0.21,sn_kjOrdinalUniform_xnjNonNormal,36,4,SuStaIn (GMM),3,0.09040892256948084,0.8422988965563223,506.8087328950564,0.5,0.11377074404357003,29.326896551724136,48.324503311258276,,,100,100
726,0.21,sn_kjOrdinalUniform_xnjNonNormal,36,4,SuStaIn (KDE),3,0.09040892256948084,0.8422988965563223,526.438151605924,0.441010101010101,-0.0024107119381667347,20.906206896551723,30.781456953642383,,,100,100
726,0.21,sn_kjOrdinalUniform_xnjNonNormal,37,4,BebmS,3,0.30437612182323953,0.9778911224455779,70.4558076341947,0.42181818181818187,0.0,9.600550964187327,1.576158940397351,,,100,100
726,0.21,sn_kjOrdinalUniform_xnjNonNormal,37,4,BebmS (Blind),3,0.30437612182323953,0.9778911224455779,85.51159960428873,0.3768350168350168,0.001381111660103114,7.541322314049586,0.8410596026490066,,1.0,100,100
726,0.21,sn_kjOrdinalUniform_xnjNonNormal,37,4,Random Guessing,3,0.30437612182323953,0.9778911224455779,0.0,0.5026776574225146,-0.0018382790511178731,36.49724517906336,5.947019867549669,,1.0,100,100
726,0.21,sn_kjOrdinalUniform_xnjNonNormal,37,4,SuStaIn (GMM),3,0.30437612182323953,0.9778911224455779,138.88689722617468,0.43582491582491584,0.002427435117414882,28.225895316804408,48.6953642384106,,,100,100
726,0.21,sn_kjOrdinalUniform_xnjNonNormal,37,4,SuStaIn (KDE),3,0.30437612182323953,0.9778911224455779,107.04898809591928,0.43818181818181823,0.0024104529918046826,19.830578512396695,33.854304635761586,,,100,100
726,0.21,sn_kjOrdinalUniform_xnjNonNormal,38,4,BebmS,3,0.28667474877586113,0.9741627496082942,107.50546082655589,0.39468013468013474,0.01346477298944669,6.595041322314049,0.12582781456953643,,,100,100
726,0.21,sn_kjOrdinalUniform_xnjNonNormal,38,4,BebmS (Blind),3,0.28667474877586113,0.9741627496082942,135.11053889195125,0.33649831649831646,0.014586281988627667,6.267217630853994,1.0529801324503312,,1.0,100,100
726,0.21,sn_kjOrdinalUniform_xnjNonNormal,38,4,Random Guessing,3,0.28667474877586113,0.9741627496082942,0.0,0.4840858816090166,-0.0008062694355229496,37.40771349862259,6.0,,1.0,100,100
726,0.21,sn_kjOrdinalUniform_xnjNonNormal,38,4,SuStaIn (GMM),3,0.28667474877586113,0.9741627496082942,511.6595711906751,0.4636363636363636,0.013175046581870646,32.37603305785124,59.496688741721854,,,100,100
726,0.21,sn_kjOrdinalUniform_xnjNonNormal,38,4,SuStaIn (KDE),3,0.28667474877586113,0.9741627496082942,494.6525151411692,0.43885521885521883,-0.001451730353697185,21.403581267217632,34.58940397350993,,,100,100
726,0.21,sn_kjOrdinalUniform_xnjNonNormal,39,4,BebmS,3,0.46991591877972044,0.9910311031103111,69.87058167060216,0.32848484848484855,0.003030976982023042,6.339310344827586,0.2251655629139073,,,100,100
726,0.21,sn_kjOrdinalUniform_xnjNonNormal,39,4,BebmS (Blind),3,0.46991591877972044,0.9910311031103111,84.80180923541387,0.3940740740740741,-6.269776170970157e-05,7.475862068965517,1.3245033112582782,,2.0,100,100
726,0.21,sn_kjOrdinalUniform_xnjNonNormal,39,4,Random Guessing,3,0.46991591877972044,0.9910311031103111,0.0,0.5095197776737971,-0.0012641090289006137,37.87724137931035,6.430463576158941,,2.0,100,100
726,0.21,sn_kjOrdinalUniform_xnjNonNormal,39,4,SuStaIn (GMM),3,0.46991591877972044,0.9910311031103111,723.6158309221267,0.4391245791245791,-0.002329824197585388,24.740689655172414,44.788079470198674,,,100,100
726,0.21,sn_kjOrdinalUniform_xnjNonNormal,39,4,SuStaIn (KDE),3,0.46991591877972044,0.9910311031103111,479.84465041955315,0.40774410774410774,-0.0003702803498728465,19.117241379310343,27.986754966887418,,,100,100
726,0.21,sn_kjOrdinalUniform_xnjNonNormal,40,4,BebmS,3,0.06797101152106334,0.7108804213754709,71.17987081209819,0.34464646464646465,0.3154505537733267,9.46896551724138,0.02,,,100,100
726,0.21,sn_kjOrdinalUniform_xnjNonNormal,40,4,BebmS (Blind),3,0.06797101152106334,0.7108804213754709,85.04039505720138,0.34774410774410774,0.40138199730936114,9.622068965517242,0.5733333333333334,,2.0,100,100
726,0.21,sn_kjOrdinalUniform_xnjNonNormal,40,4,Random Guessing,3,0.06797101152106334,0.7108804213754709,0.0,0.5069791568643642,-0.0005059443351515026,37.866206896551724,5.633333333333334,,2.0,100,100
726,0.21,sn_kjOrdinalUniform_xnjNonNormal,40,4,SuStaIn (GMM),3,0.06797101152106334,0.7108804213754709,550.8469993233681,0.48922558922558923,0.19256164632190598,29.522758620689654,51.16,,,100,100
726,0.21,sn_kjOrdinalUniform_xnjNonNormal,40,4,SuStaIn (KDE),3,0.06797101152106334,0.7108804213754709,583.2526428023974,0.42457912457912456,0.04574888057097508,17.579310344827586,26.26,,,100,100
726,0.21,sn_kjOrdinalUniform_xnjNonNormal,41,4,BebmS,3,0.1509323270869043,0.9044384438443844,68.55065953334173,0.4004040404040404,0.0005436330393363059,6.329655172413793,0.17880794701986755,,,100,100
726,0.21,sn_kjOrdinalUniform_xnjNonNormal,41,4,BebmS (Blind),3,0.1509323270869043,0.9044384438443844,83.87097840309143,0.37777777777777777,0.001331842669939254,7.695172413793103,0.8211920529801324,,0.0,100,100
726,0.21,sn_kjOrdinalUniform_xnjNonNormal,41,4,Random Guessing,3,0.1509323270869043,0.9044384438443844,0.0,0.4994471858807641,-0.0012933420606482142,37.04,5.569536423841059,,0.0,100,100
726,0.21,sn_kjOrdinalUniform_xnjNonNormal,41,4,SuStaIn (GMM),3,0.1509323270869043,0.9044384438443844,572.4844181458155,0.48484848484848486,0.023344754520706345,32.317241379310346,54.17218543046358,,,100,100
726,0.21,sn_kjOrdinalUniform_xnjNonNormal,41,4,SuStaIn (KDE),3,0.1509323270869043,0.9044384438443844,580.6348219513893,0.44882154882154884,0.004642486482680587,21.11448275862069,33.94701986754967,,,100,100
726,0.21,sn_kjOrdinalUniform_xnjNonNormal,42,4,BebmS,3,0.4916003456066733,0.9917725105843918,70.35208170811335,0.40565656565656566,0.005191990487233185,11.545454545454545,0.5496688741721855,,,100,100
726,0.21,sn_kjOrdinalUniform_xnjNonNormal,42,4,BebmS (Blind),3,0.4916003456066733,0.9917725105843918,85.40609270731608,0.4091582491582491,-0.0006477318929355188,10.201101928374655,3.0927152317880795,,1.0,100,100
726,0.21,sn_kjOrdinalUniform_xnjNonNormal,42,4,Random Guessing,3,0.4916003456066733,0.9917725105843918,0.0,0.5120223775785037,0.0006527891195270141,36.882920110192835,5.973509933774834,,1.0,100,100
726,0.21,sn_kjOrdinalUniform_xnjNonNormal,42,4,SuStaIn (GMM),3,0.4916003456066733,0.9917725105843918,491.2192733446757,0.46707070707070714,-0.002473574679027335,30.90633608815427,52.311258278145694,,,100,100
726,0.21,sn_kjOrdinalUniform_xnjNonNormal,42,4,SuStaIn (KDE),3,0.4916003456066733,0.9917725105843918,499.55528773466744,0.392996632996633,-0.0011295052349345781,20.639118457300274,33.145695364238414,,,100,100
726,0.21,sn_kjOrdinalUniform_xnjNonNormal,43,4,BebmS,3,0.10031698680061107,0.8602366903357003,71.98329253991444,0.4031649831649832,0.002255111776422423,8.493112947658402,0.0,,,100,100
726,0.21,sn_kjOrdinalUniform_xnjNonNormal,43,4,BebmS (Blind),3,0.10031698680061107,0.8602366903357003,96.77426184018454,0.3937373737373737,0.0022931667714916897,9.034435261707989,0.35333333333333333,,0.0,100,100
726,0.21,sn_kjOrdinalUniform_xnjNonNormal,43,4,Random Guessing,3,0.10031698680061107,0.8602366903357003,0.0,0.5011677351482683,0.000582522261188148,36.488980716253444,5.6466666666666665,,0.0,100,100
726,0.21,sn_kjOrdinalUniform_xnjNonNormal,43,4,SuStaIn (GMM),3,0.10031698680061107,0.8602366903357003,173.879447722435,0.48020202020202024,0.012422707254253632,27.362258953168045,49.6,,,100,100
726,0.21,sn_kjOrdinalUniform_xnjNonNormal,43,4,SuStaIn (KDE),3,0.10031698680061107,0.8602366903357003,250.99282753070196,0.5107744107744108,0.016393025641041958,22.982093663911847,37.5,,,100,100
726,0.21,sn_kjOrdinalUniform_xnjNonNormal,44,4,BebmS,3,0.33108646919452783,0.9801233456679002,69.62418359518051,0.37986531986531985,-0.0015066156492884663,3.7958620689655174,0.09868421052631579,,,100,100
726,0.21,sn_kjOrdinalUniform_xnjNonNormal,44,4,BebmS (Blind),3,0.33108646919452783,0.9801233456679002,83.96044656435649,0.3910437710437711,0.004869180881510035,5.257931034482759,1.868421052631579,,2.0,100,100
726,0.21,sn_kjOrdinalUniform_xnjNonNormal,44,4,Random Guessing,3,0.33108646919452783,0.9801233456679002,0.0,0.4831198411285114,0.000382289053653229,34.711724137931036,6.5855263157894735,,2.0,100,100
726,0.21,sn_kjOrdinalUniform_xnjNonNormal,45,4,BebmS,3,0.31643576034910076,0.9797286395306197,112.02925381660461,0.32835016835016834,0.005997087335517625,5.68551724137931,0.10596026490066225,,,100,100
726,0.21,sn_kjOrdinalUniform_xnjNonNormal,45,4,BebmS (Blind),3,0.31643576034910076,0.9797286395306197,135.9221673846245,0.38814814814814813,-0.00010189390979139914,4.811034482758621,1.8278145695364238,,1.0,100,100
726,0.21,sn_kjOrdinalUniform_xnjNonNormal,45,4,Random Guessing,3,0.31643576034910076,0.9797286395306197,0.0,0.5005759722543605,0.0005753086066975634,37.118620689655174,5.947019867549669,,1.0,100,100
726,0.21,sn_kjOrdinalUniform_xnjNonNormal,45,4,SuStaIn (GMM),3,0.31643576034910076,0.9797286395306197,443.16800645192467,0.44727272727272727,-0.0011640527159347757,29.36689655172414,48.90066225165563,,,100,100
726,0.21,sn_kjOrdinalUniform_xnjNonNormal,45,4,SuStaIn (KDE),3,0.31643576034910076,0.9797286395306197,339.8014811515808,0.46902356902356906,-0.00010646507325530054,21.22344827586207,32.64238410596027,,,100,100
726,0.21,sn_kjOrdinalUniform_xnjNonNormal,46,4,BebmS,3,0.32547905784035025,0.9792725939260593,114.28122914234797,0.35474747474747476,-0.0016272940192047865,4.983448275862069,0.12582781456953643,,,100,100
726,0.21,sn_kjOrdinalUniform_xnjNonNormal,46,4,BebmS (Blind),3,0.32547905784035025,0.9792725939260593,152.00871590773264,0.35488215488215485,0.003191281843862169,7.241379310344827,1.7417218543046358,,0.0,100,100
726,0.21,sn_kjOrdinalUniform_xnjNonNormal,46,4,Random Guessing,3,0.32547905784035025,0.9792725939260593,0.0,0.49889986850369045,-0.0026512341379274526,37.22620689655172,6.1655629139072845,,0.0,100,100
726,0.21,sn_kjOrdinalUniform_xnjNonNormal,46,4,SuStaIn (GMM),3,0.32547905784035025,0.9792725939260593,633.8870441476504,0.46,0.0019503373842597303,27.08,47.794701986754966,,,100,100
726,0.21,sn_kjOrdinalUniform_xnjNonNormal,46,4,SuStaIn (KDE),3,0.32547905784035025,0.9792725939260593,636.0814924478531,0.35858585858585856,-0.001499546748134045,15.52551724137931,21.403973509933774,,,100,100
726,0.21,sn_kjOrdinalUniform_xnjNonNormal,47,4,BebmS,3,0.32691985216389624,0.981038103810381,73.81397873957953,0.3940740740740741,-0.00040730239565189613,7.2827586206896555,0.1456953642384106,,,100,100
726,0.21,sn_kjOrdinalUniform_xnjNonNormal,47,4,BebmS (Blind),3,0.32691985216389624,0.981038103810381,93.74822545051575,0.3625589225589225,-0.0038620000654487363,5.72,0.2847682119205298,,0.0,100,100
726,0.21,sn_kjOrdinalUniform_xnjNonNormal,47,4,Random Guessing,3,0.32691985216389624,0.981038103810381,0.0,0.4913436736427161,-0.0006080110950027406,37.628965517241376,6.105960264900662,,0.0,100,100
726,0.21,sn_kjOrdinalUniform_xnjNonNormal,47,4,SuStaIn (GMM),3,0.32691985216389624,0.981038103810381,638.4488831281662,0.4684848484848485,-0.00012963467556683262,29.099310344827586,51.54304635761589,,,100,100
726,0.21,sn_kjOrdinalUniform_xnjNonNormal,47,4,SuStaIn (KDE),3,0.32691985216389624,0.981038103810381,552.5937610824902,0.42444444444444446,0.006540367894554978,17.06344827586207,26.4635761589404,,,100,100
726,0.21,sn_kjOrdinalUniform_xnjNonNormal,48,4,BebmS,3,0.2730942104021948,0.9716398306497317,114.68764902750651,0.382020202020202,-0.00150088316823826,7.640495867768595,0.36423841059602646,,,100,100
726,0.21,sn_kjOrdinalUniform_xnjNonNormal,48,4,BebmS (Blind),3,0.2730942104021948,0.9716398306497317,148.25327201286953,0.3977777777777778,0.002671243893561954,9.537190082644628,0.0,,1.0,100,100
726,0.21,sn_kjOrdinalUniform_xnjNonNormal,48,4,Random Guessing,3,0.2730942104021948,0.9716398306497317,0.0,0.49046335652810374,-0.0010623047099846087,36.39944903581267,5.960264900662252,,1.0,100,100
726,0.21,sn_kjOrdinalUniform_xnjNonNormal,48,4,SuStaIn (GMM),3,0.2730942104021948,0.9716398306497317,561.388661301136,0.46774410774410774,-0.0005882192136481883,30.141873278236915,54.00662251655629,,,100,100
726,0.21,sn_kjOrdinalUniform_xnjNonNormal,48,4,SuStaIn (KDE),3,0.2730942104021948,0.9716398306497317,556.4032357136408,0.3967676767676767,-7.59202636168029e-05,17.24793388429752,26.894039735099337,,,100,100
726,0.21,sn_kjOrdinalUniform_xnjNonNormal,49,4,BebmS,3,0.0931126667919798,0.8276280961429476,111.4693257689476,0.35144781144781145,0.049206459743314925,8.77961432506887,0.12582781456953643,,,100,100
726,0.21,sn_kjOrdinalUniform_xnjNonNormal,49,4,BebmS (Blind),3,0.0931126667919798,0.8276280961429476,150.73217820723852,0.38336700336700336,0.01068993542671406,6.893939393939394,1.0132450331125828,,2.0,100,100
726,0.21,sn_kjOrdinalUniform_xnjNonNormal,49,4,Random Guessing,3,0.0931126667919798,0.8276280961429476,0.0,0.4936628120504591,-0.0019753160484907574,35.86501377410468,6.0,,2.0,100,100
726,0.21,sn_kjOrdinalUniform_xnjNonNormal,49,4,SuStaIn (GMM),3,0.0931126667919798,0.8276280961429476,559.0075283288955,0.4575084175084175,0.018179370969539452,28.123966942148762,47.854304635761586,,,100,100
726,0.21,sn_kjOrdinalUniform_xnjNonNormal,49,4,SuStaIn (KDE),3,0.0931126667919798,0.8276280961429476,533.851973036925,0.4534680134680134,-0.00031715605312167034,20.172176308539946,33.370860927152314,,,100,100
726,0.21,sn_kjOrdinalUniform_xnjNormal,0,3,BebmS,3,0.05459654726079478,0.6467113378004468,110.74777377049128,0.3549494949494949,0.24730275156239578,6.953103448275862,0.16556291390728478,,,100,100
726,0.21,sn_kjOrdinalUniform_xnjNormal,0,3,BebmS (Blind),3,0.05459654726079478,0.6467113378004468,120.7368753751119,0.32626262626262625,0.15358985624222943,7.67448275862069,0.06622516556291391,,2.0,100,100
726,0.21,sn_kjOrdinalUniform_xnjNormal,0,3,Random Guessing,3,0.05459654726079478,0.6467113378004468,0.0,0.4990462034186624,0.007559668106456141,35.90620689655172,5.8344370860927155,,2.0,100,100
726,0.21,sn_kjOrdinalUniform_xnjNormal,0,3,SuStaIn (GMM),3,0.05459654726079478,0.6467113378004468,278.69181979894637,0.357979797979798,0.21952982126862042,18.22206896551724,29.68211920529801,,,100,100
726,0.21,sn_kjOrdinalUniform_xnjNormal,0,3,SuStaIn (KDE),3,0.05459654726079478,0.6467113378004468,299.7531707763672,0.35521885521885527,0.16040716633110552,17.55862068965517,18.33112582781457,,,100,100
726,0.21,sn_kjOrdinalUniform_xnjNormal,1,3,BebmS,3,0.36132192480230163,0.982008867553422,69.93036721944809,0.36767676767676766,0.0,4.484137931034483,0.16556291390728478,,,100,100
726,0.21,sn_kjOrdinalUniform_xnjNormal,1,3,BebmS (Blind),3,0.36132192480230163,0.982008867553422,85.15068500041961,0.38639730639730646,0.0,5.4703448275862065,0.3509933774834437,,3.0,100,100
726,0.21,sn_kjOrdinalUniform_xnjNormal,1,3,Random Guessing,3,0.36132192480230163,0.982008867553422,0.0,0.5037231930016288,-0.0025453575685704137,36.15724137931034,5.774834437086093,,3.0,100,100
726,0.21,sn_kjOrdinalUniform_xnjNormal,1,3,SuStaIn (GMM),3,0.36132192480230163,0.982008867553422,218.78924614191055,0.31528619528619534,0.0012015755840737799,18.111724137931034,34.549668874172184,,,100,100
726,0.21,sn_kjOrdinalUniform_xnjNormal,1,3,SuStaIn (KDE),3,0.36132192480230163,0.982008867553422,295.7046372652054,0.3199326599326599,-0.00220790186698516,17.30896551724138,21.70860927152318,,,100,100
726,0.21,sn_kjOrdinalUniform_xnjNormal,2,3,BebmS,3,0.02405985593517799,0.467026702670267,118.3950881242752,0.19292929292929295,0.811823158944649,4.213793103448276,0.26490066225165565,,,100,100
726,0.21,sn_kjOrdinalUniform_xnjNormal,2,3,BebmS (Blind),3,0.02405985593517799,0.467026702670267,146.81963358720142,0.17824915824915824,0.778708986602353,4.046896551724138,0.019867549668874173,,2.0,100,100
726,0.21,sn_kjOrdinalUniform_xnjNormal,2,3,Random Guessing,3,0.02405985593517799,0.467026702670267,0.0,0.481868367528769,-0.002655088134902667,37.8,6.105960264900662,,2.0,100,100
726,0.21,sn_kjOrdinalUniform_xnjNormal,2,3,SuStaIn (GMM),3,0.02405985593517799,0.467026702670267,627.854296139876,0.2927946127946128,0.8035183557037368,16.957241379310346,31.105960264900663,,,100,100
726,0.21,sn_kjOrdinalUniform_xnjNormal,2,3,SuStaIn (KDE),3,0.02405985593517799,0.467026702670267,991.1756651838621,0.3051178451178451,0.3871797900823474,17.61103448275862,20.70860927152318,,,100,100
726,0.21,sn_kjOrdinalUniform_xnjNormal,3,3,BebmS,3,0.39738446882046813,0.9861132779944661,69.05145608981451,0.40350168350168353,0.0,7.856353591160221,0.0728476821192053,,,100,100
726,0.21,sn_kjOrdinalUniform_xnjNormal,3,3,BebmS (Blind),3,0.39738446882046813,0.9861132779944661,83.84025016625722,0.35865319865319867,0.0,4.716850828729282,0.09933774834437085,,0.0,100,100
726,0.21,sn_kjOrdinalUniform_xnjNormal,3,3,Random Guessing,3,0.39738446882046813,0.9861132779944661,0.0,0.4934207350061752,-0.0003339886756143966,37.61740331491713,5.529801324503311,,0.0,100,100
726,0.21,sn_kjOrdinalUniform_xnjNormal,3,3,SuStaIn (GMM),3,0.39738446882046813,0.9861132779944661,498.7470372915268,0.34053872053872053,0.0064713932088095874,19.825966850828728,32.64238410596027,,,100,100
726,0.21,sn_kjOrdinalUniform_xnjNormal,3,3,SuStaIn (KDE),3,0.39738446882046813,0.9861132779944661,482.53133069674175,0.2864646464646465,0.0020231370102126583,16.075966850828728,20.278145695364238,,,100,100
726,0.21,sn_kjOrdinalUniform_xnjNormal,4,3,BebmS,3,0.31740808189206027,0.9797046371303797,70.61432960828145,0.32255892255892255,0.0031055268750624023,4.953168044077135,0.21333333333333335,,,100,100
726,0.21,sn_kjOrdinalUniform_xnjNormal,4,3,BebmS (Blind),3,0.31740808189206027,0.9797046371303797,85.24109153350194,0.42693602693602695,0.0,6.7217630853994494,0.04666666666666667,,0.0,100,100
726,0.21,sn_kjOrdinalUniform_xnjNormal,4,3,Random Guessing,3,0.31740808189206027,0.9797046371303797,0.0,0.5071240303269101,0.0041734511577157934,37.45454545454545,6.113333333333333,,0.0,100,100
726,0.21,sn_kjOrdinalUniform_xnjNormal,4,3,SuStaIn (GMM),3,0.31740808189206027,0.9797046371303797,119.05811521609624,0.3387205387205387,0.006515082243833205,20.90082644628099,37.26,,,100,100
726,0.21,sn_kjOrdinalUniform_xnjNormal,4,3,SuStaIn (KDE),3,0.31740808189206027,0.9797046371303797,156.67074281374613,0.317979797979798,-0.0017365552285926048,16.462809917355372,18.85333333333333,,,100,100
726,0.21,sn_kjOrdinalUniform_xnjNormal,5,3,BebmS,3,0.3360909151586847,0.9834570123679035,68.6681420524915,0.3694276094276094,0.0,5.5550964187327825,0.06,,,100,100
726,0.21,sn_kjOrdinalUniform_xnjNormal,5,3,BebmS (Blind),3,0.3360909151586847,0.9834570123679035,83.88638426462809,0.3431649831649832,-0.0015173844735877182,5.104683195592287,0.1,,2.0,100,100
726,0.21,sn_kjOrdinalUniform_xnjNormal,5,3,Random Guessing,3,0.3360909151586847,0.9834570123679035,0.0,0.4984971461601799,0.0047429361232381746,36.95867768595041,6.346666666666667,,2.0,100,100
726,0.21,sn_kjOrdinalUniform_xnjNormal,5,3,SuStaIn (GMM),3,0.3360909151586847,0.9834570123679035,473.9681952993075,0.30242424242424243,0.025909481156139676,17.1267217630854,29.866666666666667,,,100,100
726,0.21,sn_kjOrdinalUniform_xnjNormal,5,3,SuStaIn (KDE),3,0.3360909151586847,0.9834570123679035,529.2090093374252,0.3654545454545455,0.011092573337588518,16.457300275482094,20.013333333333332,,,100,100
726,0.21,sn_kjOrdinalUniform_xnjNormal,6,3,BebmS,3,0.06537157905379427,0.7178117811781178,69.34274791876474,0.2672727272727273,0.5970258455543812,8.155862068965517,0.13333333333333333,,,100,100
726,0.21,sn_kjOrdinalUniform_xnjNormal,6,3,BebmS (Blind),3,0.06537157905379427,0.7178117811781178,84.23982131878535,0.24262626262626263,0.5803797353316824,7.281379310344827,0.10666666666666667,,2.0,100,100
726,0.21,sn_kjOrdinalUniform_xnjNormal,6,3,Random Guessing,3,0.06537157905379427,0.7178117811781178,0.0,0.4793341714541625,0.0021621378637184554,37.500689655172415,6.3133333333333335,,2.0,100,100
726,0.21,sn_kjOrdinalUniform_xnjNormal,6,3,SuStaIn (GMM),3,0.06537157905379427,0.7178117811781178,192.70159740447997,0.375959595959596,0.6857261299611951,20.93793103448276,37.153333333333336,,,100,100
726,0.21,sn_kjOrdinalUniform_xnjNormal,6,3,SuStaIn (KDE),3,0.06537157905379427,0.7178117811781178,253.55784514347712,0.4045117845117845,0.15204027383044527,18.402758620689657,21.713333333333335,,,100,100
726,0.21,sn_kjOrdinalUniform_xnjNormal,7,3,BebmS,3,0.4694546999060769,0.9897429742974297,69.48556353648503,0.43212121212121213,0.0,11.224827586206896,0.152317880794702,,,100,100
726,0.21,sn_kjOrdinalUniform_xnjNormal,7,3,BebmS (Blind),3,0.4694546999060769,0.9897429742974297,84.13275607029597,0.4028956228956229,0.0,7.355862068965517,0.046357615894039736,,1.0,100,100
726,0.21,sn_kjOrdinalUniform_xnjNormal,7,3,Random Guessing,3,0.4694546999060769,0.9897429742974297,0.0,0.5065280323696747,-0.0025186352159562767,35.628965517241376,5.437086092715232,,1.0,100,100
726,0.21,sn_kjOrdinalUniform_xnjNormal,7,3,SuStaIn (GMM),3,0.4694546999060769,0.9897429742974297,480.3826042453448,0.39367003367003367,0.002068069822971598,21.57793103448276,35.54304635761589,,,100,100
726,0.21,sn_kjOrdinalUniform_xnjNormal,7,3,SuStaIn (KDE),3,0.4694546999060769,0.9897429742974297,552.5521676580112,0.35407407407407404,-0.002200180680883488,18.499310344827585,20.927152317880793,,,100,100
726,0.21,sn_kjOrdinalUniform_xnjNormal,8,3,BebmS,3,0.09041202406717953,0.837989132246558,103.36307003895442,0.3257912457912458,0.2955383517246193,7.12396694214876,0.06622516556291391,,,100,100
726,0.21,sn_kjOrdinalUniform_xnjNormal,8,3,BebmS (Blind),3,0.09041202406717953,0.837989132246558,133.8574605902036,0.31245791245791243,0.172056826503347,7.381542699724518,0.059602649006622516,,2.0,100,100
726,0.21,sn_kjOrdinalUniform_xnjNormal,8,3,Random Guessing,3,0.09041202406717953,0.837989132246558,0.0,0.4902649664204066,-0.0029988354228533145,35.629476584022036,6.086092715231788,,2.0,100,100
726,0.21,sn_kjOrdinalUniform_xnjNormal,8,3,SuStaIn (GMM),3,0.09041202406717953,0.837989132246558,551.5824623823166,0.3404040404040403,0.559517860432193,21.261707988980717,38.58940397350993,,,100,100
726,0.21,sn_kjOrdinalUniform_xnjNormal,8,3,SuStaIn (KDE),3,0.09041202406717953,0.837989132246558,549.04599391222,0.3497643097643098,0.013552415866054053,14.988980716253444,17.60927152317881,,,100,100
726,0.21,sn_kjOrdinalUniform_xnjNormal,9,3,BebmS,3,0.21768449972012868,0.9592812614594792,68.65722967386246,0.3814141414141415,0.00038466137130836584,5.823691460055096,0.10666666666666667,,,100,100
726,0.21,sn_kjOrdinalUniform_xnjNormal,9,3,BebmS (Blind),3,0.21768449972012868,0.9592812614594792,84.40991080204645,0.31622895622895625,0.02009269368368688,6.694214876033058,0.04666666666666667,,2.0,100,100
726,0.21,sn_kjOrdinalUniform_xnjNormal,9,3,Random Guessing,3,0.21768449972012868,0.9592812614594792,0.0,0.48840505057367906,-0.001925316377803783,37.72727272727273,6.0,,2.0,100,100
726,0.21,sn_kjOrdinalUniform_xnjNormal,9,3,SuStaIn (GMM),3,0.21768449972012868,0.9592812614594792,249.8336278239886,0.3558922558922559,0.009831970250009321,20.144628099173552,36.406666666666666,,,100,100
726,0.21,sn_kjOrdinalUniform_xnjNormal,9,3,SuStaIn (KDE),3,0.21768449972012868,0.9592812614594792,278.98439853986105,0.3957575757575758,0.003725354007780099,19.056473829201103,23.7,,,100,100
726,0.21,sn_kjOrdinalUniform_xnjNormal,10,3,BebmS,3,0.27352981068601795,0.9775497549754976,70.23280117114385,0.39791245791245794,0.0,6.079889807162535,0.06666666666666667,,,100,100
726,0.21,sn_kjOrdinalUniform_xnjNormal,10,3,BebmS (Blind),3,0.27352981068601795,0.9775497549754976,83.59874758720397,0.4225589225589226,0.0,9.794765840220386,0.54,,0.0,100,100
726,0.21,sn_kjOrdinalUniform_xnjNormal,10,3,Random Guessing,3,0.27352981068601795,0.9775497549754976,0.0,0.4876725575178876,-0.0022980404851167652,35.67906336088154,6.286666666666667,,0.0,100,100
726,0.21,sn_kjOrdinalUniform_xnjNormal,10,3,SuStaIn (GMM),3,0.27352981068601795,0.9775497549754976,945.1208301067352,0.32808080808080814,0.04363846040402517,19.646005509641874,31.746666666666666,,,100,100
726,0.21,sn_kjOrdinalUniform_xnjNormal,10,3,SuStaIn (KDE),3,0.27352981068601795,0.9775497549754976,812.2945022145907,0.36572390572390573,-0.0018517333584709694,21.03581267217631,23.14,,,100,100
726,0.21,sn_kjOrdinalUniform_xnjNormal,11,3,BebmS,3,0.11777430854633339,0.8866740007334066,69.87214090824128,0.32255892255892255,-0.028099519540182,5.355862068965517,0.033112582781456956,,,100,100
726,0.21,sn_kjOrdinalUniform_xnjNormal,11,3,BebmS (Blind),3,0.11777430854633339,0.8866740007334066,85.52566378513971,0.2971043771043771,-0.01970414702476306,5.297931034482759,0.7615894039735099,,2.0,100,100
726,0.21,sn_kjOrdinalUniform_xnjNormal,11,3,Random Guessing,3,0.11777430854633339,0.8866740007334066,0.0,0.5053607703569774,-0.0023572976536729326,37.33103448275862,6.198675496688741,,2.0,100,100
726,0.21,sn_kjOrdinalUniform_xnjNormal,11,3,SuStaIn (GMM),3,0.11777430854633339,0.8866740007334066,1089.4473046342532,0.36942760942760944,0.11722379617238625,20.964137931034482,38.81456953642384,,,100,100
726,0.21,sn_kjOrdinalUniform_xnjNormal,11,3,SuStaIn (KDE),3,0.11777430854633339,0.8866740007334066,832.7073058009148,0.3978451178451179,-0.003202480871140095,14.983448275862068,18.158940397350992,,,100,100
726,0.21,sn_kjOrdinalUniform_xnjNormal,12,3,BebmS,3,0.2395970607511896,0.9598226489315598,82.12632246812184,0.4061952861952862,0.0,6.6597796143250685,0.0,,,100,100
726,0.21,sn_kjOrdinalUniform_xnjNormal,12,3,BebmS (Blind),3,0.2395970607511896,0.9598226489315598,99.92751673062642,0.35784511784511785,0.00029659301788855435,4.458677685950414,0.06666666666666667,,3.0,100,100
726,0.21,sn_kjOrdinalUniform_xnjNormal,12,3,Random Guessing,3,0.2395970607511896,0.9598226489315598,0.0,0.49979257242871555,-0.0005208398711642859,38.45454545454545,6.266666666666667,,3.0,100,100
726,0.21,sn_kjOrdinalUniform_xnjNormal,12,3,SuStaIn (GMM),3,0.2395970607511896,0.9598226489315598,607.5798285921414,0.3261952861952862,-0.0008022560841631704,18.705234159779614,35.913333333333334,,,100,100
726,0.21,sn_kjOrdinalUniform_xnjNormal,12,3,SuStaIn (KDE),3,0.2395970607511896,0.9598226489315598,577.4830805420876,0.39191919191919194,0.002508882355529849,18.742424242424242,24.35333333333333,,,100,100
726,0.21,sn_kjOrdinalUniform_xnjNormal,13,3,BebmS,3,0.48732547218927325,0.9912444577791113,73.36997538010279,0.3772390572390572,0.0,5.13103448275862,0.052980132450331126,,,100,100
726,0.21,sn_kjOrdinalUniform_xnjNormal,13,3,BebmS (Blind),3,0.48732547218927325,0.9912444577791113,91.85402042071024,0.3546127946127946,0.00047405651075262025,6.148965517241379,1.0728476821192052,,1.0,100,100
726,0.21,sn_kjOrdinalUniform_xnjNormal,13,3,Random Guessing,3,0.48732547218927325,0.9912444577791113,0.0,0.5034919825356062,0.001768585353607584,37.295172413793104,5.841059602649007,,1.0,100,100
726,0.21,sn_kjOrdinalUniform_xnjNormal,13,3,SuStaIn (GMM),3,0.48732547218927325,0.9912444577791113,637.1953362464905,0.3264646464646465,0.004720507154902217,18.455172413793104,31.211920529801326,,,100,100
726,0.21,sn_kjOrdinalUniform_xnjNormal,13,3,SuStaIn (KDE),3,0.48732547218927325,0.9912444577791113,592.5422464688619,0.3223569023569024,-0.0005054181036321123,16.28965517241379,17.00662251655629,,,100,100
726,0.21,sn_kjOrdinalUniform_xnjNormal,14,3,BebmS,3,0.0612728389263546,0.6755142180884756,72.48009688854218,0.21434343434343436,0.7454203070980626,6.081379310344827,0.059602649006622516,,,100,100
726,0.21,sn_kjOrdinalUniform_xnjNormal,14,3,BebmS (Blind),3,0.0612728389263546,0.6755142180884756,89.66101699670156,0.3087542087542088,0.3072703356242837,7.627586206896551,0.0,,2.0,100,100
726,0.21,sn_kjOrdinalUniform_xnjNormal,14,3,Random Guessing,3,0.0612728389263546,0.6755142180884756,0.0,0.500193602775367,0.006961763300742692,36.99862068965517,5.662251655629139,,2.0,100,100
726,0.21,sn_kjOrdinalUniform_xnjNormal,14,3,SuStaIn (GMM),3,0.0612728389263546,0.6755142180884756,678.6222987612089,0.3116498316498317,0.7254184414608392,18.53655172413793,33.04635761589404,,,100,100
726,0.21,sn_kjOrdinalUniform_xnjNormal,14,3,SuStaIn (KDE),3,0.0612728389263546,0.6755142180884756,600.6605354388555,0.3188552188552189,0.17045701497024499,15.485517241379311,19.75496688741722,,,100,100
726,0.21,sn_kjOrdinalUniform_xnjNormal,15,3,BebmS,3,0.020706468099005705,0.45272393906057273,69.45814501444498,0.19373737373737374,0.7729545648480469,5.564738292011019,0.10666666666666667,,,100,100
726,0.21,sn_kjOrdinalUniform_xnjNormal,15,3,BebmS (Blind),3,0.020706468099005705,0.45272393906057273,97.83397900660833,0.325993265993266,0.31312111579518054,9.398071625344352,0.08,,2.0,100,100
726,0.21,sn_kjOrdinalUniform_xnjNormal,15,3,Random Guessing,3,0.020706468099005705,0.45272393906057273,0.0,0.49677427877089325,0.0003503872227163618,37.1831955922865,6.473333333333334,,2.0,100,100
726,0.21,sn_kjOrdinalUniform_xnjNormal,15,3,SuStaIn (GMM),3,0.020706468099005705,0.45272393906057273,662.3127319812775,0.34208754208754205,0.8368687330267264,17.85123966942149,30.78,,,100,100
726,0.21,sn_kjOrdinalUniform_xnjNormal,15,3,SuStaIn (KDE),3,0.020706468099005705,0.45272393906057273,976.5542124271393,0.31925925925925924,0.38082264708139396,17.265840220385677,20.606666666666666,,,100,100
726,0.21,sn_kjOrdinalUniform_xnjNormal,16,3,BebmS,3,0.12244454540026993,0.8453045304530453,70.19789522886276,0.2351515151515152,0.13162155485724966,6.286896551724138,0.019867549668874173,,,100,100
726,0.21,sn_kjOrdinalUniform_xnjNormal,16,3,BebmS (Blind),3,0.12244454540026993,0.8453045304530453,84.83162546157837,0.31138047138047137,0.3889225790158807,8.535172413793104,0.046357615894039736,,1.0,100,100
726,0.21,sn_kjOrdinalUniform_xnjNormal,16,3,Random Guessing,3,0.12244454540026993,0.8453045304530453,0.0,0.5086006259781692,-0.0012569294852100403,37.37931034482759,5.841059602649007,,1.0,100,100
726,0.21,sn_kjOrdinalUniform_xnjNormal,16,3,SuStaIn (GMM),3,0.12244454540026993,0.8453045304530453,179.30835779110592,0.3265993265993266,0.36111781644076113,18.477241379310346,33.49006622516556,,,100,100
726,0.21,sn_kjOrdinalUniform_xnjNormal,16,3,SuStaIn (KDE),3,0.12244454540026993,0.8453045304530453,339.4189966996511,0.3443771043771044,0.060214897583896664,16.977931034482758,18.417218543046356,,,100,100
726,0.21,sn_kjOrdinalUniform_xnjNormal,17,3,BebmS,3,0.4674279665073051,0.986009267593426,146.95418409109115,0.3908417508417508,0.005767085911310262,10.809917355371901,0.05333333333333334,,,100,100
726,0.21,sn_kjOrdinalUniform_xnjNormal,17,3,BebmS (Blind),3,0.4674279665073051,0.986009267593426,174.9349858959516,0.41831649831649836,0.0015053139271686586,8.81542699724518,0.0,,1.0,100,100
726,0.21,sn_kjOrdinalUniform_xnjNormal,17,3,Random Guessing,3,0.4674279665073051,0.986009267593426,0.0,0.4874054179088949,-0.0015046695834233384,35.925619834710744,5.94,,1.0,100,100
726,0.21,sn_kjOrdinalUniform_xnjNormal,17,3,SuStaIn (GMM),3,0.4674279665073051,0.986009267593426,508.5518224398295,0.3117171717171717,0.03698090719940443,18.31267217630854,32.72,,,100,100
726,0.21,sn_kjOrdinalUniform_xnjNormal,17,3,SuStaIn (KDE),3,0.4674279665073051,0.986009267593426,454.1385246952375,0.32222222222222224,0.010360009565193024,16.174931129476583,20.673333333333332,,,100,100
726,0.21,sn_kjOrdinalUniform_xnjNormal,18,3,BebmS,3,0.29291103580260885,0.9831929859652632,83.07977594137192,0.3784511784511784,0.0,5.942068965517241,0.0,,,100,100
726,0.21,sn_kjOrdinalUniform_xnjNormal,18,3,BebmS (Blind),3,0.29291103580260885,0.9831929859652632,99.54689502716064,0.40538720538720535,0.0,7.540689655172414,0.3708609271523179,,2.0,100,100
726,0.21,sn_kjOrdinalUniform_xnjNormal,18,3,Random Guessing,3,0.29291103580260885,0.9831929859652632,0.0,0.5252077608427739,-0.0003450774562177993,37.37379310344828,6.026490066225166,,2.0,100,100
726,0.21,sn_kjOrdinalUniform_xnjNormal,18,3,SuStaIn (GMM),3,0.29291103580260885,0.9831929859652632,162.58826605478922,0.37885521885521883,0.02838786586021397,20.855172413793102,36.56953642384106,,,100,100
726,0.21,sn_kjOrdinalUniform_xnjNormal,18,3,SuStaIn (KDE),3,0.29291103580260885,0.9831929859652632,166.39716817537945,0.3030976430976431,-0.0011917987877681818,17.49241379310345,23.019867549668874,,,100,100
726,0.21,sn_kjOrdinalUniform_xnjNormal,19,3,BebmS,3,0.170717166458505,0.9382631596492983,73.02272734642028,0.3436363636363637,0.007564667931462547,6.511019283746556,0.059602649006622516,,,100,100
726,0.21,sn_kjOrdinalUniform_xnjNormal,19,3,BebmS (Blind),3,0.170717166458505,0.9382631596492983,89.16956988970439,0.27979797979797977,0.2514125618087855,4.909090909090909,0.0,,2.0,100,100
726,0.21,sn_kjOrdinalUniform_xnjNormal,19,3,Random Guessing,3,0.170717166458505,0.9382631596492983,0.0,0.4834002169574845,0.0027641471969425814,37.107438016528924,6.33112582781457,,2.0,100,100
726,0.21,sn_kjOrdinalUniform_xnjNormal,19,3,SuStaIn (GMM),3,0.170717166458505,0.9382631596492983,331.5700024286906,0.3321212121212121,0.0647533451874726,20.585399449035812,38.57615894039735,,,100,100
726,0.21,sn_kjOrdinalUniform_xnjNormal,19,3,SuStaIn (KDE),3,0.170717166458505,0.9382631596492983,501.1466664711634,0.381952861952862,0.003181766510593691,18.827823691460054,23.456953642384107,,,100,100
726,0.21,sn_kjOrdinalUniform_xnjNormal,20,3,BebmS,3,0.3442895483991134,0.9808194152748608,69.81556530793507,0.3985858585858586,-0.0005442595461325186,8.273103448275862,0.046357615894039736,,,100,100
726,0.21,sn_kjOrdinalUniform_xnjNormal,20,3,BebmS (Blind),3,0.3442895483991134,0.9808194152748608,84.30450829267502,0.3641077441077441,0.0007282282687508659,7.583448275862069,0.09271523178807947,,2.0,100,100
726,0.21,sn_kjOrdinalUniform_xnjNormal,20,3,Random Guessing,3,0.3442895483991134,0.9808194152748608,0.0,0.5008583973504751,0.0074508911128998365,36.933793103448274,5.940397350993377,,2.0,100,100
726,0.21,sn_kjOrdinalUniform_xnjNormal,20,3,SuStaIn (GMM),3,0.3442895483991134,0.9808194152748608,518.8470576484998,0.32606060606060605,0.009810736371111472,17.540689655172415,29.125827814569536,,,100,100
726,0.21,sn_kjOrdinalUniform_xnjNormal,20,3,SuStaIn (KDE),3,0.3442895483991134,0.9808194152748608,554.7475648760795,0.372053872053872,0.00023638859857273036,20.052413793103447,22.503311258278146,,,100,100
726,0.21,sn_kjOrdinalUniform_xnjNormal,21,3,BebmS,3,0.2844711524786974,0.9761656165616561,137.549962079525,0.4433670033670034,0.0006760328139975248,8.483471074380166,0.18666666666666668,,,100,100
726,0.21,sn_kjOrdinalUniform_xnjNormal,21,3,BebmS (Blind),3,0.2844711524786974,0.9761656165616561,134.53091053167978,0.3757575757575758,0.0,5.034435261707989,0.19333333333333333,,2.0,100,100
726,0.21,sn_kjOrdinalUniform_xnjNormal,21,3,Random Guessing,3,0.2844711524786974,0.9761656165616561,0.0,0.4824747232428939,-0.00234347014410548,36.79752066115702,5.933333333333334,,2.0,100,100
726,0.21,sn_kjOrdinalUniform_xnjNormal,21,3,SuStaIn (GMM),3,0.2844711524786974,0.9761656165616561,636.1808011015256,0.3396632996632996,0.010110482398228883,17.6267217630854,30.5,,,100,100
726,0.21,sn_kjOrdinalUniform_xnjNormal,21,3,SuStaIn (KDE),3,0.2844711524786974,0.9761656165616561,788.8908477385838,0.36861952861952857,-0.0005242099052581458,17.83746556473829,21.293333333333333,,,100,100
726,0.21,sn_kjOrdinalUniform_xnjNormal,22,3,BebmS,3,0.45770086535260596,0.9906603993732707,70.30478959480921,0.3880808080808081,0.0,7.559228650137741,0.08609271523178808,,,100,100
726,0.21,sn_kjOrdinalUniform_xnjNormal,22,3,BebmS (Blind),3,0.45770086535260596,0.9906603993732707,85.48281577428182,0.38592592592592595,0.0,5.841597796143251,0.47019867549668876,,2.0,100,100
726,0.21,sn_kjOrdinalUniform_xnjNormal,22,3,Random Guessing,3,0.45770086535260596,0.9906603993732707,0.0,0.5021505699878297,-0.0015422829344617533,36.951790633608816,5.66887417218543,,2.0,100,100
726,0.21,sn_kjOrdinalUniform_xnjNormal,22,3,SuStaIn (GMM),3,0.45770086535260596,0.9906603993732707,127.73023018836975,0.35656565656565653,0.01694130061193377,17.02341597796143,31.589403973509935,,,100,100
726,0.21,sn_kjOrdinalUniform_xnjNormal,22,3,SuStaIn (KDE),3,0.45770086535260596,0.9906603993732707,158.34321612914403,0.3214814814814815,0.011716147070985993,19.519283746556475,22.6158940397351,,,100,100
726,0.21,sn_kjOrdinalUniform_xnjNormal,23,3,BebmS,3,0.31488843183765197,0.9777577757775777,92.24200587272644,0.3771717171717171,-0.00024496093349019824,5.511724137931035,0.09933774834437085,,,100,100
726,0.21,sn_kjOrdinalUniform_xnjNormal,23,3,BebmS (Blind),3,0.31488843183765197,0.9777577757775777,117.03083542585372,0.36262626262626263,0.0,6.488275862068965,0.013245033112582781,,2.0,100,100
726,0.21,sn_kjOrdinalUniform_xnjNormal,23,3,Random Guessing,3,0.31488843183765197,0.9777577757775777,0.0,0.5005770752297313,-0.0030970870468800603,36.89793103448276,6.3509933774834435,,2.0,100,100
726,0.21,sn_kjOrdinalUniform_xnjNormal,23,3,SuStaIn (GMM),3,0.31488843183765197,0.9777577757775777,735.7074790159861,0.3220875420875421,0.009180673803075596,19.14896551724138,33.152317880794705,,,100,100
726,0.21,sn_kjOrdinalUniform_xnjNormal,23,3,SuStaIn (KDE),3,0.31488843183765197,0.9777577757775777,697.1968717535336,0.3320538720538721,0.004464482375491614,16.593103448275862,18.549668874172184,,,100,100
726,0.21,sn_kjOrdinalUniform_xnjNormal,24,3,BebmS,3,0.04298950212055503,0.5037743774377438,83.25643500884374,0.20175084175084176,0.6219420983145896,4.949035812672176,0.02666666666666667,,,100,100
726,0.21,sn_kjOrdinalUniform_xnjNormal,24,3,BebmS (Blind),3,0.04298950212055503,0.5037743774377438,121.44918405214945,0.2557575757575758,0.5438489686819371,5.209366391184573,0.04,,2.0,100,100
726,0.21,sn_kjOrdinalUniform_xnjNormal,24,3,Random Guessing,3,0.04298950212055503,0.5037743774377438,0.0,0.4926007409412449,0.0010703469113603858,36.88567493112948,6.126666666666667,,2.0,100,100
726,0.21,sn_kjOrdinalUniform_xnjNormal,24,3,SuStaIn (GMM),3,0.04298950212055503,0.5037743774377438,648.1459290186564,0.33656565656565657,0.7356733536612208,15.830578512396695,27.586666666666666,,,100,100
726,0.21,sn_kjOrdinalUniform_xnjNormal,24,3,SuStaIn (KDE),3,0.04298950212055503,0.5037743774377438,503.2212791760763,0.3206060606060606,0.32604636395735015,15.629476584022038,19.526666666666667,,,100,100
726,0.21,sn_kjOrdinalUniform_xnjNormal,25,3,BebmS,3,0.44073716236688076,0.9908790879087909,69.43821159998576,0.4016161616161616,0.0,7.450413223140496,0.039735099337748346,,,100,100
726,0.21,sn_kjOrdinalUniform_xnjNormal,25,3,BebmS (Blind),3,0.44073716236688076,0.9908790879087909,84.50938369433085,0.37212121212121213,0.0,5.853994490358127,1.086092715231788,,2.0,100,100
726,0.21,sn_kjOrdinalUniform_xnjNormal,25,3,Random Guessing,3,0.44073716236688076,0.9908790879087909,0.0,0.4875053203845907,-0.003205020460988477,37.166666666666664,6.569536423841059,,2.0,100,100
726,0.21,sn_kjOrdinalUniform_xnjNormal,25,3,SuStaIn (GMM),3,0.44073716236688076,0.9908790879087909,536.0401417930921,0.3275420875420875,0.001258662506426081,15.827823691460056,26.033112582781456,,,100,100
726,0.21,sn_kjOrdinalUniform_xnjNormal,25,3,SuStaIn (KDE),3,0.44073716236688076,0.9908790879087909,592.3891665577888,0.35023569023569023,-0.0008971881201487344,18.83884297520661,23.066225165562916,,,100,100
726,0.21,sn_kjOrdinalUniform_xnjNormal,26,3,BebmS,3,0.4398001105734109,0.9912071207120712,68.73464809656143,0.38673400673400676,0.0,7.268595041322314,0.09333333333333334,,,100,100
726,0.21,sn_kjOrdinalUniform_xnjNormal,26,3,BebmS (Blind),3,0.4398001105734109,0.9912071207120712,84.9314331293106,0.41151515151515156,0.0,8.990358126721762,0.24666666666666667,,0.0,100,100
726,0.21,sn_kjOrdinalUniform_xnjNormal,26,3,Random Guessing,3,0.4398001105734109,0.9912071207120712,0.0,0.5048494073585873,-0.0009903331470640325,37.11570247933884,6.18,,0.0,100,100
726,0.21,sn_kjOrdinalUniform_xnjNormal,26,3,SuStaIn (GMM),3,0.4398001105734109,0.9912071207120712,542.7482582290967,0.28525252525252526,-0.010620200225994584,16.86914600550964,30.14666666666667,,,100,100
726,0.21,sn_kjOrdinalUniform_xnjNormal,26,3,SuStaIn (KDE),3,0.4398001105734109,0.9912071207120712,629.705851093928,0.37212121212121213,0.004576509137340761,19.15564738292011,21.16,,,100,100
726,0.21,sn_kjOrdinalUniform_xnjNormal,27,3,BebmS,3,0.34217402108283845,0.9786778677867787,69.29303832848866,0.3842424242424243,0.0,5.528275862068965,0.0,,,100,100
726,0.21,sn_kjOrdinalUniform_xnjNormal,27,3,BebmS (Blind),3,0.34217402108283845,0.9786778677867787,84.22072302103042,0.34074074074074073,0.010107655847158104,6.052413793103448,0.0,,1.0,100,100
726,0.21,sn_kjOrdinalUniform_xnjNormal,27,3,Random Guessing,3,0.34217402108283845,0.9786778677867787,0.0,0.5159669219262756,-0.0009563933880664047,36.59724137931035,5.947019867549669,,1.0,100,100
726,0.21,sn_kjOrdinalUniform_xnjNormal,27,3,SuStaIn (GMM),3,0.34217402108283845,0.9786778677867787,568.2212171117465,0.3130639730639731,0.007414562416558281,19.09103448275862,34.93377483443709,,,100,100
726,0.21,sn_kjOrdinalUniform_xnjNormal,27,3,SuStaIn (KDE),3,0.34217402108283845,0.9786778677867787,594.1222753961881,0.35333333333333333,-0.0005829669676182712,16.47586206896552,18.887417218543046,,,100,100
726,0.21,sn_kjOrdinalUniform_xnjNormal,28,3,BebmS,3,0.4241351573695359,0.987948128146148,75.7944469889005,0.38080808080808076,0.0,4.80551724137931,0.039735099337748346,,,100,100
726,0.21,sn_kjOrdinalUniform_xnjNormal,28,3,BebmS (Blind),3,0.4241351573695359,0.987948128146148,95.01897203524908,0.3836363636363636,0.0,5.3806896551724135,0.8543046357615894,,0.0,100,100
726,0.21,sn_kjOrdinalUniform_xnjNormal,28,3,Random Guessing,3,0.4241351573695359,0.987948128146148,0.0,0.5084875969323067,-0.0028598550120787886,36.99172413793104,6.556291390728477,,0.0,100,100
726,0.21,sn_kjOrdinalUniform_xnjNormal,28,3,SuStaIn (GMM),3,0.4241351573695359,0.987948128146148,739.1886702140172,0.30309764309764314,0.008920482716442543,17.431724137931035,29.62251655629139,,,100,100
726,0.21,sn_kjOrdinalUniform_xnjNormal,28,3,SuStaIn (KDE),3,0.4241351573695359,0.987948128146148,517.8055877486864,0.3651178451178451,-0.0024203984160837467,19.96551724137931,24.67549668874172,,,100,100
726,0.21,sn_kjOrdinalUniform_xnjNormal,29,3,BebmS,3,0.48522089356492354,0.992001866853352,75.8576778570811,0.4101683501683502,0.0,5.449655172413793,0.0,,,100,100
726,0.21,sn_kjOrdinalUniform_xnjNormal,29,3,BebmS (Blind),3,0.48522089356492354,0.992001866853352,92.86617213487625,0.34794612794612795,0.0,5.968275862068966,0.0,,2.0,100,100
726,0.21,sn_kjOrdinalUniform_xnjNormal,29,3,Random Guessing,3,0.48522089356492354,0.992001866853352,0.0,0.5065908899063594,-0.0006640159033320147,36.56551724137931,5.9072847682119205,,2.0,100,100
726,0.21,sn_kjOrdinalUniform_xnjNormal,29,3,SuStaIn (GMM),3,0.48522089356492354,0.992001866853352,678.0317880312601,0.36808080808080806,0.007634993122844379,19.864827586206896,34.29139072847682,,,100,100
726,0.21,sn_kjOrdinalUniform_xnjNormal,29,3,SuStaIn (KDE),3,0.48522089356492354,0.992001866853352,554.3508911967277,0.37212121212121213,-0.002724281446635796,19.722758620689657,23.364238410596027,,,100,100
726,0.21,sn_kjOrdinalUniform_xnjNormal,30,3,BebmS,3,0.1805935069446942,0.9418795212854619,69.17301474014918,0.35481481481481475,-0.03952939819143677,6.8068965517241375,0.09868421052631579,,,100,100
726,0.21,sn_kjOrdinalUniform_xnjNormal,30,3,BebmS (Blind),3,0.1805935069446942,0.9418795212854619,84.09627355734507,0.3775757575757576,-0.0028002682231887525,4.954482758620689,0.11842105263157894,,0.0,100,100
726,0.21,sn_kjOrdinalUniform_xnjNormal,30,3,Random Guessing,3,0.1805935069446942,0.9418795212854619,0.0,0.4920875180933657,-0.0011600839571873128,38.61793103448276,6.3618421052631575,,0.0,100,100
726,0.21,sn_kjOrdinalUniform_xnjNormal,30,3,SuStaIn (GMM),3,0.1805935069446942,0.9418795212854619,609.965730047226,0.355016835016835,0.1939370045157736,18.685517241379312,35.28947368421053,,,100,100
726,0.21,sn_kjOrdinalUniform_xnjNormal,30,3,SuStaIn (KDE),3,0.1805935069446942,0.9418795212854619,534.0936241428058,0.3107070707070707,-0.0007273595926053103,16.175172413793103,19.68421052631579,,,100,100
726,0.21,sn_kjOrdinalUniform_xnjNormal,31,3,BebmS,3,0.1512098530683621,0.8873033970063673,89.96321924924851,0.3065993265993266,0.0280278710588889,6.855172413793103,0.19205298013245034,,,100,100
726,0.21,sn_kjOrdinalUniform_xnjNormal,31,3,BebmS (Blind),3,0.1512098530683621,0.8873033970063673,93.87515445152918,0.29016835016835013,0.43673898040666914,7.197241379310345,0.0728476821192053,,2.0,100,100
726,0.21,sn_kjOrdinalUniform_xnjNormal,31,3,Random Guessing,3,0.1512098530683621,0.8873033970063673,0.0,0.48579908415862344,-0.0035688823809535085,36.56413793103448,5.973509933774834,,2.0,100,100
726,0.21,sn_kjOrdinalUniform_xnjNormal,31,3,SuStaIn (GMM),3,0.1512098530683621,0.8873033970063673,210.00955415566762,0.32646464646464646,0.5303379666277758,19.28137931034483,36.06622516556291,,,100,100
726,0.21,sn_kjOrdinalUniform_xnjNormal,31,3,SuStaIn (KDE),3,0.1512098530683621,0.8873033970063673,200.03524005015692,0.3638383838383838,0.003166675164773628,20.13655172413793,25.00662251655629,,,100,100
726,0.21,sn_kjOrdinalUniform_xnjNormal,32,3,BebmS,3,0.38290525773958467,0.9876974364103077,70.78068606456121,0.3906397306397307,0.0,3.7589531680440773,0.07333333333333333,,,100,100
726,0.21,sn_kjOrdinalUniform_xnjNormal,32,3,BebmS (Blind),3,0.38290525773958467,0.9876974364103077,102.17018083333969,0.4002020202020202,0.0005555867575075497,6.3347107438016526,0.68,,2.0,100,100
726,0.21,sn_kjOrdinalUniform_xnjNormal,32,3,Random Guessing,3,0.38290525773958467,0.9876974364103077,0.0,0.4889994205511495,-0.002881305710858825,36.24931129476584,6.346666666666667,,2.0,100,100
726,0.21,sn_kjOrdinalUniform_xnjNormal,32,3,SuStaIn (GMM),3,0.38290525773958467,0.9876974364103077,169.65712074041366,0.33710437710437713,0.00336858685227766,20.017906336088153,33.76,,,100,100
726,0.21,sn_kjOrdinalUniform_xnjNormal,32,3,SuStaIn (KDE),3,0.38290525773958467,0.9876974364103077,190.61785245339075,0.3082154882154882,-0.003027195311498821,16.53443526170799,19.813333333333333,,,100,100
726,0.21,sn_kjOrdinalUniform_xnjNormal,33,3,BebmS,3,0.2131922583467445,0.9546434643464347,81.49196436007817,0.41104377104377104,0.0,10.413793103448276,0.0,,,100,100
726,0.21,sn_kjOrdinalUniform_xnjNormal,33,3,BebmS (Blind),3,0.2131922583467445,0.9546434643464347,99.43382563988368,0.4203367003367003,0.0018873046153931312,13.08,0.026490066225165563,,2.0,100,100
726,0.21,sn_kjOrdinalUniform_xnjNormal,33,3,Random Guessing,3,0.2131922583467445,0.9546434643464347,0.0,0.4922719670839532,-0.0022394958760103495,37.602758620689656,5.927152317880795,,2.0,100,100
726,0.21,sn_kjOrdinalUniform_xnjNormal,33,3,SuStaIn (GMM),3,0.2131922583467445,0.9546434643464347,659.1258432586988,0.38558922558922565,0.030133583908170995,21.72689655172414,35.66225165562914,,,100,100
726,0.21,sn_kjOrdinalUniform_xnjNormal,33,3,SuStaIn (KDE),3,0.2131922583467445,0.9546434643464347,548.3022765000661,0.311043771043771,0.007106418655372549,17.769655172413792,20.47019867549669,,,100,100
726,0.21,sn_kjOrdinalUniform_xnjNormal,34,3,BebmS,3,0.45428138683079955,0.9905403873720705,74.96025510629018,0.38626262626262625,0.0,10.119834710743802,0.12,,,100,100
726,0.21,sn_kjOrdinalUniform_xnjNormal,34,3,BebmS (Blind),3,0.45428138683079955,0.9905403873720705,95.0438187042872,0.4080808080808081,0.0,6.180440771349862,0.0,,1.0,100,100
726,0.21,sn_kjOrdinalUniform_xnjNormal,34,3,Random Guessing,3,0.45428138683079955,0.9905403873720705,0.0,0.48549705842114327,0.005466803008197961,37.8732782369146,5.773333333333333,,1.0,100,100
726,0.21,sn_kjOrdinalUniform_xnjNormal,34,3,SuStaIn (GMM),3,0.45428138683079955,0.9905403873720705,229.9273828148842,0.43178451178451177,0.0024126737389178784,22.169421487603305,39.333333333333336,,,100,100
726,0.21,sn_kjOrdinalUniform_xnjNormal,34,3,SuStaIn (KDE),3,0.45428138683079955,0.9905403873720705,247.37393403848012,0.31696969696969696,0.000554807488238278,16.128099173553718,20.746666666666666,,,100,100
726,0.21,sn_kjOrdinalUniform_xnjNormal,35,3,BebmS,3,0.10423281215869247,0.8304870487048704,119.73422106504441,0.4479461279461279,0.0,11.325068870523417,0.006666666666666667,,,100,100
726,0.21,sn_kjOrdinalUniform_xnjNormal,35,3,BebmS (Blind),3,0.10423281215869247,0.8304870487048704,153.08851127227146,0.41939393939393943,0.0,10.444903581267218,0.0,,2.0,100,100
726,0.21,sn_kjOrdinalUniform_xnjNormal,35,3,Random Guessing,3,0.10423281215869247,0.8304870487048704,0.0,0.4839868151058932,-0.002165246585796017,37.21349862258953,6.626666666666667,,2.0,100,100
726,0.21,sn_kjOrdinalUniform_xnjNormal,35,3,SuStaIn (GMM),3,0.10423281215869247,0.8304870487048704,198.0323712627093,0.36639730639730644,0.5340454010186592,22.260330578512395,39.11333333333334,,,100,100
726,0.21,sn_kjOrdinalUniform_xnjNormal,35,3,SuStaIn (KDE),3,0.10423281215869247,0.8304870487048704,232.37485545873642,0.38074074074074077,0.062174150422205365,19.074380165289256,22.593333333333334,,,100,100
726,0.21,sn_kjOrdinalUniform_xnjNormal,36,3,BebmS,3,0.09833652117926038,0.8227156048938227,79.38093312978745,0.35259259259259257,0.004932305067796607,9.26896551724138,0.07947019867549669,,,100,100
726,0.21,sn_kjOrdinalUniform_xnjNormal,36,3,BebmS (Blind),3,0.09833652117926038,0.8227156048938227,91.17732810576757,0.3934006734006734,0.02982995661178232,7.1931034482758625,0.12582781456953643,,1.0,100,100
726,0.21,sn_kjOrdinalUniform_xnjNormal,36,3,Random Guessing,3,0.09833652117926038,0.8227156048938227,0.0,0.4946255580044446,-0.002443052647230236,36.241379310344826,6.052980132450331,,1.0,100,100
726,0.21,sn_kjOrdinalUniform_xnjNormal,36,3,SuStaIn (GMM),3,0.09833652117926038,0.8227156048938227,307.0931347250938,0.29259259259259257,0.31930122117073906,15.773793103448275,25.814569536423843,,,100,100
726,0.21,sn_kjOrdinalUniform_xnjNormal,36,3,SuStaIn (KDE),3,0.09833652117926038,0.8227156048938227,361.1536644657453,0.3301010101010101,0.05224554655176581,16.864827586206896,15.993377483443709,,,100,100
726,0.21,sn_kjOrdinalUniform_xnjNormal,37,3,BebmS,3,0.2123207482440264,0.9522992299229923,70.294399925073,0.3911784511784511,0.00021013216984098226,10.46896551724138,0.039735099337748346,,,100,100
726,0.21,sn_kjOrdinalUniform_xnjNormal,37,3,BebmS (Blind),3,0.2123207482440264,0.9522992299229923,87.18870544830958,0.38902356902356905,-6.997123641496518e-06,5.173793103448276,0.059602649006622516,,2.0,100,100
726,0.21,sn_kjOrdinalUniform_xnjNormal,37,3,Random Guessing,3,0.2123207482440264,0.9522992299229923,0.0,0.48445748166261593,0.0032755767155780696,36.89241379310345,6.0927152317880795,,2.0,100,100
726,0.21,sn_kjOrdinalUniform_xnjNormal,37,3,SuStaIn (GMM),3,0.2123207482440264,0.9522992299229923,239.67997917731603,0.3402693602693603,0.02624887964418162,19.525517241379312,31.28476821192053,,,100,100
726,0.21,sn_kjOrdinalUniform_xnjNormal,37,3,SuStaIn (KDE),3,0.2123207482440264,0.9522992299229923,371.38244171937305,0.32875420875420874,0.0021182518922295665,17.17103448275862,19.47682119205298,,,100,100
726,0.21,sn_kjOrdinalUniform_xnjNormal,38,3,BebmS,3,0.024526884611962403,0.38944827816114946,69.47602144479751,0.16720538720538722,0.8617020059231293,3.6717241379310344,0.026490066225165563,,,100,100
726,0.21,sn_kjOrdinalUniform_xnjNormal,38,3,BebmS (Blind),3,0.024526884611962403,0.38944827816114946,84.21363074382147,0.20505050505050507,0.6036415194216563,6.222068965517241,0.046357615894039736,,3.0,100,100
726,0.21,sn_kjOrdinalUniform_xnjNormal,38,3,Random Guessing,3,0.024526884611962403,0.38944827816114946,0.0,0.47371247145966083,-0.0022432490482262265,37.77793103448276,6.317880794701987,,3.0,100,100
726,0.21,sn_kjOrdinalUniform_xnjNormal,38,3,SuStaIn (GMM),3,0.024526884611962403,0.38944827816114946,210.69750845034918,0.3623569023569024,0.8252635094241474,19.657931034482758,34.496688741721854,,,100,100
726,0.21,sn_kjOrdinalUniform_xnjNormal,38,3,SuStaIn (KDE),3,0.024526884611962403,0.38944827816114946,217.6752149661382,0.3410774410774411,0.3805361873807602,17.69655172413793,21.85430463576159,,,100,100
726,0.21,sn_kjOrdinalUniform_xnjNormal,39,3,BebmS,3,0.07117903370482957,0.7430756408974231,71.5605875134468,0.3456565656565656,0.09801734148644474,6.386740331491713,0.019867549668874173,,,100,100
726,0.21,sn_kjOrdinalUniform_xnjNormal,39,3,BebmS (Blind),3,0.07117903370482957,0.7430756408974231,87.21305604775746,0.3767676767676768,0.07474408837733426,7.156077348066298,0.9536423841059603,,1.0,100,100
726,0.21,sn_kjOrdinalUniform_xnjNormal,39,3,Random Guessing,3,0.07117903370482957,0.7430756408974231,0.0,0.4898178447469545,-0.0010646204593284412,37.14364640883978,6.496688741721854,,1.0,100,100
726,0.21,sn_kjOrdinalUniform_xnjNormal,39,3,SuStaIn (GMM),3,0.07117903370482957,0.7430756408974231,561.4747825781504,0.4537373737373737,0.2804776308863078,22.946132596685082,38.65562913907285,,,100,100
726,0.21,sn_kjOrdinalUniform_xnjNormal,39,3,SuStaIn (KDE),3,0.07117903370482957,0.7430756408974231,548.5915799101193,0.36619528619528624,0.012995264050234876,16.70718232044199,19.39072847682119,,,100,100
726,0.21,sn_kjOrdinalUniform_xnjNormal,40,3,BebmS,3,0.24554256706360836,0.9693356002266893,69.43069658279418,0.43245791245791243,0.0,7.886896551724138,0.033112582781456956,,,100,100
726,0.21,sn_kjOrdinalUniform_xnjNormal,40,3,BebmS (Blind),3,0.24554256706360836,0.9693356002266893,88.02726885080338,0.35555555555555557,0.15747698524361886,8.08,0.026490066225165563,,0.0,100,100
726,0.21,sn_kjOrdinalUniform_xnjNormal,40,3,Random Guessing,3,0.24554256706360836,0.9693356002266893,0.0,0.5138937337880018,0.0020330674246866218,37.30068965517241,5.900662251655629,,0.0,100,100
726,0.21,sn_kjOrdinalUniform_xnjNormal,40,3,SuStaIn (GMM),3,0.24554256706360836,0.9693356002266893,642.5931744297345,0.34390572390572394,0.14186746394302518,23.28,42.25165562913907,,,100,100
726,0.21,sn_kjOrdinalUniform_xnjNormal,40,3,SuStaIn (KDE),3,0.24554256706360836,0.9693356002266893,511.1556622107824,0.36228956228956233,0.011244687437165196,18.169655172413794,22.781456953642383,,,100,100
726,0.21,sn_kjOrdinalUniform_xnjNormal,41,3,BebmS,3,0.15737973814672043,0.9223042304230423,68.59152832428614,0.32821548821548824,-0.00022560109579510527,8.212413793103448,0.1390728476821192,,,100,100
726,0.21,sn_kjOrdinalUniform_xnjNormal,41,3,BebmS (Blind),3,0.15737973814672043,0.9223042304230423,82.61727204322816,0.4030976430976431,0.0016725477080140327,8.237241379310344,0.033112582781456956,,3.0,100,100
726,0.21,sn_kjOrdinalUniform_xnjNormal,41,3,Random Guessing,3,0.15737973814672043,0.9223042304230423,0.0,0.4979079195702542,0.0018089289287948258,36.15448275862069,6.178807947019868,,3.0,100,100
726,0.21,sn_kjOrdinalUniform_xnjNormal,41,3,SuStaIn (GMM),3,0.15737973814672043,0.9223042304230423,551.4194503744443,0.323030303030303,0.06227040622298315,19.489655172413794,31.695364238410598,,,100,100
726,0.21,sn_kjOrdinalUniform_xnjNormal,41,3,SuStaIn (KDE),3,0.15737973814672043,0.9223042304230423,595.0509576400121,0.32390572390572386,0.0005935438162081061,17.21103448275862,20.794701986754966,,,100,100
726,0.21,sn_kjOrdinalUniform_xnjNormal,42,3,BebmS,3,0.16474435698607143,0.9340360702736941,69.65767222642899,0.4076767676767677,0.0006320272910258907,14.175172413793103,0.0,,,100,100
726,0.21,sn_kjOrdinalUniform_xnjNormal,42,3,BebmS (Blind),3,0.16474435698607143,0.9340360702736941,84.92278754313787,0.36835016835016826,0.012552111841223354,10.697931034482759,0.304635761589404,,0.0,100,100
726,0.21,sn_kjOrdinalUniform_xnjNormal,42,3,Random Guessing,3,0.16474435698607143,0.9340360702736941,0.0,0.47930126558362646,9.194139210317216e-05,35.94344827586207,5.933774834437086,,0.0,100,100
726,0.21,sn_kjOrdinalUniform_xnjNormal,42,3,SuStaIn (GMM),3,0.16474435698607143,0.9340360702736941,564.7640001614889,0.32282828282828285,0.1536786155560737,16.715862068965517,24.887417218543046,,,100,100
726,0.21,sn_kjOrdinalUniform_xnjNormal,42,3,SuStaIn (KDE),3,0.16474435698607143,0.9340360702736941,505.2720376690229,0.3278114478114478,0.002614107062875726,20.03448275862069,19.423841059602648,,,100,100
726,0.21,sn_kjOrdinalUniform_xnjNormal,43,3,BebmS,3,0.20670756625657805,0.9385938593859386,75.32099463144938,0.4376430976430976,0.002717259988500901,10.019310344827586,0.17218543046357615,,,100,100
726,0.21,sn_kjOrdinalUniform_xnjNormal,43,3,BebmS (Blind),3,0.20670756625657805,0.9385938593859386,95.06504680713017,0.3331313131313131,-0.0024934673586714516,8.426206896551724,0.7019867549668874,,3.0,100,100
726,0.21,sn_kjOrdinalUniform_xnjNormal,43,3,Random Guessing,3,0.20670756625657805,0.9385938593859386,0.0,0.513421298699929,0.00025264430597312146,38.433103448275865,6.251655629139073,,3.0,100,100
726,0.21,sn_kjOrdinalUniform_xnjNormal,43,3,SuStaIn (GMM),3,0.20670756625657805,0.9385938593859386,320.2653983751933,0.3481481481481481,0.046422918029198235,20.326896551724136,37.258278145695364,,,100,100
726,0.21,sn_kjOrdinalUniform_xnjNormal,43,3,SuStaIn (KDE),3,0.20670756625657805,0.9385938593859386,242.26750569740932,0.3012794612794613,-0.00512032473275682,16.74896551724138,19.52980132450331,,,100,100
726,0.21,sn_kjOrdinalUniform_xnjNormal,44,3,BebmS,3,0.2672551789035824,0.9721785511884522,71.48577744960785,0.36868686868686873,0.0,5.913223140495868,0.07333333333333333,,,100,100
726,0.21,sn_kjOrdinalUniform_xnjNormal,44,3,BebmS (Blind),3,0.2672551789035824,0.9721785511884522,98.690010480086,0.4121885521885522,0.0011236237086079026,7.243801652892562,0.12,,0.0,100,100
726,0.21,sn_kjOrdinalUniform_xnjNormal,44,3,Random Guessing,3,0.2672551789035824,0.9721785511884522,0.0,0.46821836734518074,0.0007814969386532819,37.68595041322314,6.36,,0.0,100,100
726,0.21,sn_kjOrdinalUniform_xnjNormal,44,3,SuStaIn (GMM),3,0.2672551789035824,0.9721785511884522,597.6371194203695,0.3526599326599327,0.010014963620914238,20.74793388429752,36.88,,,100,100
726,0.21,sn_kjOrdinalUniform_xnjNormal,44,3,SuStaIn (KDE),3,0.2672551789035824,0.9721785511884522,540.6451884667079,0.34,-0.00280198999245157,17.46969696969697,19.313333333333333,,,100,100
726,0.21,sn_kjOrdinalUniform_xnjNormal,45,3,BebmS,3,0.36315153468731076,0.987958795879588,70.50277569293976,0.4169023569023569,0.0,6.982068965517241,0.10596026490066225,,,100,100
726,0.21,sn_kjOrdinalUniform_xnjNormal,45,3,BebmS (Blind),3,0.36315153468731076,0.987958795879588,85.30465178092321,0.4090909090909091,0.0,9.216551724137931,0.09933774834437085,,2.0,100,100
726,0.21,sn_kjOrdinalUniform_xnjNormal,45,3,Random Guessing,3,0.36315153468731076,0.987958795879588,0.0,0.5067943474388888,-0.00107825127657797,37.172413793103445,5.953642384105961,,2.0,100,100
726,0.21,sn_kjOrdinalUniform_xnjNormal,45,3,SuStaIn (GMM),3,0.36315153468731076,0.987958795879588,155.16835143168768,0.36430976430976436,-0.015769318922012946,20.762758620689656,35.41059602649007,,,100,100
726,0.21,sn_kjOrdinalUniform_xnjNormal,45,3,SuStaIn (KDE),3,0.36315153468731076,0.987958795879588,177.15342303117117,0.34841750841750846,-0.0059001952854874935,16.831724137931033,19.496688741721854,,,100,100
726,0.21,sn_kjOrdinalUniform_xnjNormal,46,3,BebmS,3,0.2772913417099289,0.9748801546821348,73.5457435131073,0.3709090909090909,0.0,7.169421487603306,0.17333333333333334,,,100,100
726,0.21,sn_kjOrdinalUniform_xnjNormal,46,3,BebmS (Blind),3,0.2772913417099289,0.9748801546821348,91.07965094248453,0.3952861952861953,0.0,8.378787878787879,0.07333333333333333,,2.0,100,100
726,0.21,sn_kjOrdinalUniform_xnjNormal,46,3,Random Guessing,3,0.2772913417099289,0.9748801546821348,0.0,0.4945955113665086,0.0023533807218197493,37.31267217630854,5.86,,2.0,100,100
726,0.21,sn_kjOrdinalUniform_xnjNormal,46,3,SuStaIn (GMM),3,0.2772913417099289,0.9748801546821348,304.7539479494095,0.35784511784511785,0.02774370284785293,20.294765840220386,36.166666666666664,,,100,100
726,0.21,sn_kjOrdinalUniform_xnjNormal,46,3,SuStaIn (KDE),3,0.2772913417099289,0.9748801546821348,346.76706152359645,0.331986531986532,0.006790596482863199,18.359504132231404,22.973333333333333,,,100,100
726,0.21,sn_kjOrdinalUniform_xnjNormal,47,3,BebmS,3,0.28645657761910664,0.9701063439677301,79.57588880459467,0.3659932659932659,0.0,6.886896551724138,0.019867549668874173,,,100,100
726,0.21,sn_kjOrdinalUniform_xnjNormal,47,3,BebmS (Blind),3,0.28645657761910664,0.9701063439677301,99.60613798300425,0.3901010101010101,0.0,7.773793103448276,0.0,,1.0,100,100
726,0.21,sn_kjOrdinalUniform_xnjNormal,47,3,Random Guessing,3,0.28645657761910664,0.9701063439677301,0.0,0.5111600786371393,0.0033600687910411236,38.07448275862069,6.132450331125828,,1.0,100,100
726,0.21,sn_kjOrdinalUniform_xnjNormal,47,3,SuStaIn (GMM),3,0.28645657761910664,0.9701063439677301,201.95581457614898,0.3872727272727272,-0.004200384343549559,24.38344827586207,43.29139072847682,,,100,100
726,0.21,sn_kjOrdinalUniform_xnjNormal,47,3,SuStaIn (KDE),3,0.28645657761910664,0.9701063439677301,198.2659982085228,0.3528619528619528,-0.011087439678592947,14.315862068965517,15.774834437086092,,,100,100
726,0.21,sn_kjOrdinalUniform_xnjNormal,48,3,BebmS,3,0.31849488388601294,0.9762349568290163,69.58032577435175,0.40821548821548825,0.0,8.546831955922865,0.21333333333333335,,,100,100
726,0.21,sn_kjOrdinalUniform_xnjNormal,48,3,BebmS (Blind),3,0.31849488388601294,0.9762349568290163,85.24674778779348,0.3621548821548822,0.0036887115929910594,7.088154269972452,0.21333333333333335,,3.0,100,100
726,0.21,sn_kjOrdinalUniform_xnjNormal,48,3,Random Guessing,3,0.31849488388601294,0.9762349568290163,0.0,0.4965860950235437,-0.0007102217088381788,38.34573002754821,6.3,,3.0,100,100
726,0.21,sn_kjOrdinalUniform_xnjNormal,48,3,SuStaIn (GMM),3,0.31849488388601294,0.9762349568290163,181.31329446633657,0.43723905723905726,0.02286951138876495,24.951790633608816,40.66,,,100,100
726,0.21,sn_kjOrdinalUniform_xnjNormal,48,3,SuStaIn (KDE),3,0.31849488388601294,0.9762349568290163,203.88912175099054,0.3684175084175085,0.008828090179360574,17.325068870523417,19.973333333333333,,,100,100
726,0.21,sn_kjOrdinalUniform_xnjNormal,49,3,BebmS,3,0.3461142617503745,0.9819075240857419,75.42371955712636,0.37144781144781147,0.0,3.265840220385675,0.02,,,100,100
726,0.21,sn_kjOrdinalUniform_xnjNormal,49,3,BebmS (Blind),3,0.3461142617503745,0.9819075240857419,96.90772695144018,0.3520538720538721,-0.00069127001432225,5.736914600550964,0.0,,1.0,100,100
726,0.21,sn_kjOrdinalUniform_xnjNormal,49,3,Random Guessing,3,0.3461142617503745,0.9819075240857419,0.0,0.49922462278033825,0.0012743861324803663,37.807162534435264,6.293333333333333,,1.0,100,100
726,0.21,sn_kjOrdinalUniform_xnjNormal,49,3,SuStaIn (GMM),3,0.3461142617503745,0.9819075240857419,560.6421575466792,0.3065993265993266,0.004136842068480589,19.08953168044077,36.60666666666667,,,100,100
726,0.21,sn_kjOrdinalUniform_xnjNormal,49,3,SuStaIn (KDE),3,0.3461142617503745,0.9819075240857419,583.0362066268921,0.31434343434343437,-0.003954954295927852,16.639118457300274,20.906666666666666,,,100,100
726,0.21,xiNearNormalWithNoise_kjContinuousBeta_sigmoid,0,8,BebmS,3,0.034264955409661256,0.568023469013568,134.74323579072953,0.32316498316498316,0.2254530928807316,5.597241379310345,0.0,,,100,100
726,0.21,xiNearNormalWithNoise_kjContinuousBeta_sigmoid,0,8,BebmS (Blind),3,0.034264955409661256,0.568023469013568,163.17336569627125,0.2569023569023569,0.6945311281011078,4.571034482758621,0.10596026490066225,,3.0,100,100
726,0.21,xiNearNormalWithNoise_kjContinuousBeta_sigmoid,0,8,Random Guessing,3,0.034264955409661256,0.568023469013568,0.0,0.4870938192526954,-0.002728577343530684,57.275862068965516,6.132450331125828,,3.0,100,100
726,0.21,xiNearNormalWithNoise_kjContinuousBeta_sigmoid,0,8,SuStaIn (GMM),3,0.034264955409661256,0.568023469013568,333.50448124408723,0.3814814814814815,0.7235075267753123,14.958620689655172,41.34437086092715,,,100,100
726,0.21,xiNearNormalWithNoise_kjContinuousBeta_sigmoid,0,8,SuStaIn (KDE),3,0.034264955409661256,0.568023469013568,383.52101840575534,0.2762289562289562,0.5599448909555137,9.975172413793103,17.311258278145694,,,100,100
726,0.21,xiNearNormalWithNoise_kjContinuousBeta_sigmoid,1,8,BebmS,3,0.2540313177155187,0.9713758042470914,69.2910927136739,0.3673400673400673,0.011970793309998382,5.073002754820936,0.24503311258278146,,,100,100
726,0.21,xiNearNormalWithNoise_kjContinuousBeta_sigmoid,1,8,BebmS (Blind),3,0.2540313177155187,0.9713758042470914,84.629172595342,0.363973063973064,0.0,4.797520661157025,0.37748344370860926,,1.0,100,100
726,0.21,xiNearNormalWithNoise_kjContinuousBeta_sigmoid,1,8,Random Guessing,3,0.2540313177155187,0.9713758042470914,0.0,0.4719469691476002,-0.0021714609022229396,57.196969696969695,6.483443708609271,,1.0,100,100
726,0.21,xiNearNormalWithNoise_kjContinuousBeta_sigmoid,1,8,SuStaIn (GMM),3,0.2540313177155187,0.9713758042470914,208.67168523073195,0.33865319865319865,0.006910034473752362,14.494490358126722,36.675496688741724,,,100,100
726,0.21,xiNearNormalWithNoise_kjContinuousBeta_sigmoid,1,8,SuStaIn (KDE),3,0.2540313177155187,0.9713758042470914,225.145698094368,0.31744107744107747,-0.0032651120137446735,11.359504132231406,18.8476821192053,,,100,100
726,0.21,xiNearNormalWithNoise_kjContinuousBeta_sigmoid,2,8,BebmS,3,0.2118403906601425,0.9531179784645131,69.13887607653936,0.36424242424242426,-0.0010248064870539292,6.348965517241379,0.0,,,100,100
726,0.21,xiNearNormalWithNoise_kjContinuousBeta_sigmoid,2,8,BebmS (Blind),3,0.2118403906601425,0.9531179784645131,82.85327405532202,0.37838383838383843,-0.0014978196448845514,5.506206896551724,0.2185430463576159,,2.0,100,100
726,0.21,xiNearNormalWithNoise_kjContinuousBeta_sigmoid,2,8,Random Guessing,3,0.2118403906601425,0.9531179784645131,0.0,0.48630817589714986,-0.00294659424972711,59.350344827586206,5.953642384105961,,2.0,100,100
726,0.21,xiNearNormalWithNoise_kjContinuousBeta_sigmoid,2,8,SuStaIn (GMM),3,0.2118403906601425,0.9531179784645131,253.73567134539286,0.3686195286195286,0.06393446220599378,14.682758620689656,42.311258278145694,,,100,100
726,0.21,xiNearNormalWithNoise_kjContinuousBeta_sigmoid,2,8,SuStaIn (KDE),3,0.2118403906601425,0.9531179784645131,285.1597136457761,0.38989898989898997,0.0038511332636678637,12.048275862068966,23.344370860927153,,,100,100
726,0.21,xiNearNormalWithNoise_kjContinuousBeta_sigmoid,3,8,BebmS,3,0.056475558457140966,0.6058085808580858,69.45165687799454,0.32801346801346803,0.23036384098626586,6.7475862068965515,0.033112582781456956,,,100,100
726,0.21,xiNearNormalWithNoise_kjContinuousBeta_sigmoid,3,8,BebmS (Blind),3,0.056475558457140966,0.6058085808580858,87.24603816668193,0.274949494949495,0.601003528387924,5.56551724137931,0.17218543046357615,,1.0,100,100
726,0.21,xiNearNormalWithNoise_kjContinuousBeta_sigmoid,3,8,Random Guessing,3,0.056475558457140966,0.6058085808580858,0.0,0.478772452719689,-0.003288900288967234,56.84137931034483,6.198675496688741,,1.0,100,100
726,0.21,xiNearNormalWithNoise_kjContinuousBeta_sigmoid,3,8,SuStaIn (GMM),3,0.056475558457140966,0.6058085808580858,519.6188742438952,0.39750841750841753,0.6959331325311958,15.540689655172415,42.4635761589404,,,100,100
726,0.21,xiNearNormalWithNoise_kjContinuousBeta_sigmoid,3,8,SuStaIn (KDE),3,0.056475558457140966,0.6058085808580858,607.9613989790281,0.2882828282828283,0.3145072387962429,10.590344827586208,18.887417218543046,,,100,100
726,0.21,xiNearNormalWithNoise_kjContinuousBeta_sigmoid,4,8,BebmS,3,0.2603721719955372,0.9702663599693303,68.23663191000621,0.3756228956228956,0.0,4.566896551724138,0.033112582781456956,,,100,100
726,0.21,xiNearNormalWithNoise_kjContinuousBeta_sigmoid,4,8,BebmS (Blind),3,0.2603721719955372,0.9702663599693303,83.6974748492241,0.36498316498316496,-0.013804424504669763,6.304827586206897,0.026490066225165563,,1.0,100,100
726,0.21,xiNearNormalWithNoise_kjContinuousBeta_sigmoid,4,8,Random Guessing,3,0.2603721719955372,0.9702663599693303,0.0,0.5030665868477642,-0.0020818705466939575,56.91172413793103,5.695364238410596,,1.0,100,100
726,0.21,xiNearNormalWithNoise_kjContinuousBeta_sigmoid,4,8,SuStaIn (GMM),3,0.2603721719955372,0.9702663599693303,537.1414820790291,0.4575084175084176,0.03642343934538453,14.852413793103448,38.76158940397351,,,100,100
726,0.21,xiNearNormalWithNoise_kjContinuousBeta_sigmoid,4,8,SuStaIn (KDE),3,0.2603721719955372,0.9702663599693303,501.03438395261765,0.3076767676767677,0.004656248931765867,11.20551724137931,19.834437086092716,,,100,100
726,0.21,xiNearNormalWithNoise_kjContinuousBeta_sigmoid,5,8,BebmS,3,0.376833705360944,0.9824889155582225,68.85838996569315,0.3878787878787879,0.0,5.878787878787879,0.0,,,100,100
726,0.21,xiNearNormalWithNoise_kjContinuousBeta_sigmoid,5,8,BebmS (Blind),3,0.376833705360944,0.9824889155582225,85.29817493359248,0.37279461279461285,0.0,4.568870523415978,0.48,,1.0,100,100
726,0.21,xiNearNormalWithNoise_kjContinuousBeta_sigmoid,5,8,Random Guessing,3,0.376833705360944,0.9824889155582225,0.0,0.5030645051346494,-0.002163265283743579,56.95730027548209,6.38,,1.0,100,100
726,0.21,xiNearNormalWithNoise_kjContinuousBeta_sigmoid,5,8,SuStaIn (GMM),3,0.376833705360944,0.9824889155582225,564.0809115727742,0.4395959595959596,-0.0040690730592010385,17.946280991735538,48.346666666666664,,,100,100
726,0.21,xiNearNormalWithNoise_kjContinuousBeta_sigmoid,5,8,SuStaIn (KDE),3,0.376833705360944,0.9824889155582225,451.90968401432036,0.33690235690235687,-0.0036464728850771483,12.506887052341598,21.766666666666666,,,100,100
726,0.21,xiNearNormalWithNoise_kjContinuousBeta_sigmoid,6,8,BebmS,3,0.3387719614095265,0.9823422342234224,79.6615087111791,0.39690235690235687,0.0,4.348484848484849,0.03333333333333333,,,100,100
726,0.21,xiNearNormalWithNoise_kjContinuousBeta_sigmoid,6,8,BebmS (Blind),3,0.3387719614095265,0.9823422342234224,101.20238004922867,0.3938047138047138,0.0,5.575757575757576,0.22666666666666666,,1.0,100,100
726,0.21,xiNearNormalWithNoise_kjContinuousBeta_sigmoid,6,8,Random Guessing,3,0.3387719614095265,0.9823422342234224,0.0,0.4890998180769162,-0.0015688783827494204,56.40909090909091,5.673333333333333,,1.0,100,100
726,0.21,xiNearNormalWithNoise_kjContinuousBeta_sigmoid,6,8,SuStaIn (GMM),3,0.3387719614095265,0.9823422342234224,513.2368884563446,0.3845791245791246,0.0064579916411139325,13.662534435261708,34.56666666666667,,,100,100
726,0.21,xiNearNormalWithNoise_kjContinuousBeta_sigmoid,6,8,SuStaIn (KDE),3,0.3387719614095265,0.9823422342234224,603.6898743073145,0.3381144781144781,0.0022436857344226976,11.745179063360881,17.406666666666666,,,100,100
726,0.21,xiNearNormalWithNoise_kjContinuousBeta_sigmoid,7,8,BebmS,3,0.10793278749697019,0.8528679534620128,68.97399065891902,0.3665319865319865,0.0015033112434057066,4.409655172413793,0.0,,,100,100
726,0.21,xiNearNormalWithNoise_kjContinuousBeta_sigmoid,7,8,BebmS (Blind),3,0.10793278749697019,0.8528679534620128,83.60592882633209,0.37703703703703706,0.0,5.104827586206897,1.086092715231788,,1.0,100,100
726,0.21,xiNearNormalWithNoise_kjContinuousBeta_sigmoid,7,8,Random Guessing,3,0.10793278749697019,0.8528679534620128,0.0,0.5003642865391845,-0.0024650687322743847,57.4151724137931,5.7218543046357615,,1.0,100,100
726,0.21,xiNearNormalWithNoise_kjContinuousBeta_sigmoid,7,8,SuStaIn (GMM),3,0.10793278749697019,0.8528679534620128,534.4504124363264,0.46303030303030307,0.08675363695705196,17.755862068965516,47.741721854304636,,,100,100
726,0.21,xiNearNormalWithNoise_kjContinuousBeta_sigmoid,7,8,SuStaIn (KDE),3,0.10793278749697019,0.8528679534620128,502.92111558119456,0.34922558922558916,0.01375187126255844,11.055172413793104,18.741721854304636,,,100,100
726,0.21,xiNearNormalWithNoise_kjContinuousBeta_sigmoid,8,8,BebmS,3,0.1494403853300034,0.9089215588225489,97.6660036166509,0.3874074074074074,0.005747155890273273,6.077241379310345,0.12582781456953643,,,100,100
726,0.21,xiNearNormalWithNoise_kjContinuousBeta_sigmoid,8,8,BebmS (Blind),3,0.1494403853300034,0.9089215588225489,139.66693226496378,0.40383838383838383,0.040409603825142214,6.224827586206897,0.10596026490066225,,1.0,100,100
726,0.21,xiNearNormalWithNoise_kjContinuousBeta_sigmoid,8,8,Random Guessing,3,0.1494403853300034,0.9089215588225489,0.0,0.496926030265694,0.0035727862706198144,57.60413793103448,5.642384105960265,,1.0,100,100
726,0.21,xiNearNormalWithNoise_kjContinuousBeta_sigmoid,8,8,SuStaIn (GMM),3,0.1494403853300034,0.9089215588225489,224.77579734722772,0.45616161616161616,0.12738754357587595,16.63586206896552,47.13907284768212,,,100,100
726,0.21,xiNearNormalWithNoise_kjContinuousBeta_sigmoid,8,8,SuStaIn (KDE),3,0.1494403853300034,0.9089215588225489,230.68953997691472,0.31191919191919193,0.037857988517481844,11.249655172413792,22.403973509933774,,,100,100
726,0.21,xiNearNormalWithNoise_kjContinuousBeta_sigmoid,9,8,BebmS,3,0.35832196084032986,0.9831289795646231,83.76942125161489,0.3524579124579125,-0.0007359975716441223,4.962809917355372,0.0728476821192053,,,100,100
726,0.21,xiNearNormalWithNoise_kjContinuousBeta_sigmoid,9,8,BebmS (Blind),3,0.35832196084032986,0.9831289795646231,109.13824011484782,0.37319865319865314,0.0,4.78236914600551,0.2913907284768212,,2.0,100,100
726,0.21,xiNearNormalWithNoise_kjContinuousBeta_sigmoid,9,8,Random Guessing,3,0.35832196084032986,0.9831289795646231,0.0,0.5248457938147292,0.002027959910364722,57.329201101928376,6.264900662251655,,2.0,100,100
726,0.21,xiNearNormalWithNoise_kjContinuousBeta_sigmoid,9,8,SuStaIn (GMM),3,0.35832196084032986,0.9831289795646231,236.86821644306184,0.39663299663299667,0.029216613505684857,17.477961432506888,48.41721854304636,,,100,100
726,0.21,xiNearNormalWithNoise_kjContinuousBeta_sigmoid,9,8,SuStaIn (KDE),3,0.35832196084032986,0.9831289795646231,250.52653983036677,0.34168350168350176,0.00733026649391535,11.239669421487603,19.026490066225165,,,100,100
726,0.21,xiNearNormalWithNoise_kjContinuousBeta_sigmoid,10,8,BebmS,3,0.024507640662180467,0.38024735806914023,69.87610565821329,0.32154882154882153,0.4091784546005598,5.6193103448275865,0.0,,,100,100
726,0.21,xiNearNormalWithNoise_kjContinuousBeta_sigmoid,10,8,BebmS (Blind),3,0.024507640662180467,0.38024735806914023,84.59306142727534,0.32962962962962966,0.5012319742535354,6.348965517241379,0.23178807947019867,,1.0,100,100
726,0.21,xiNearNormalWithNoise_kjContinuousBeta_sigmoid,10,8,Random Guessing,3,0.024507640662180467,0.38024735806914023,0.0,0.4939181430866775,0.0033275724009102555,57.41655172413793,5.9072847682119205,,1.0,100,100
726,0.21,xiNearNormalWithNoise_kjContinuousBeta_sigmoid,10,8,SuStaIn (GMM),3,0.024507640662180467,0.38024735806914023,1083.9915206273397,0.38471380471380473,0.7260893666266722,16.179310344827588,47.00662251655629,,,100,100
726,0.21,xiNearNormalWithNoise_kjContinuousBeta_sigmoid,10,8,SuStaIn (KDE),3,0.024507640662180467,0.38024735806914023,854.9814894755681,0.31609427609427615,0.30308633881860064,10.88551724137931,20.549668874172184,,,100,100
726,0.21,xiNearNormalWithNoise_kjContinuousBeta_sigmoid,11,8,BebmS,3,0.46966363543108747,0.9889642297563089,81.88621822595596,0.3750841750841751,-0.0003734138033981698,4.419310344827586,0.08666666666666667,,,100,100
726,0.21,xiNearNormalWithNoise_kjContinuousBeta_sigmoid,11,8,BebmS (Blind),3,0.46966363543108747,0.9889642297563089,101.14669953584671,0.34855218855218856,0.012562806101348691,5.812413793103448,0.20666666666666667,,1.0,100,100
726,0.21,xiNearNormalWithNoise_kjContinuousBeta_sigmoid,11,8,Random Guessing,3,0.46966363543108747,0.9889642297563089,0.0,0.49553429581155184,-0.0020952970641662603,60.99862068965517,5.786666666666667,,1.0,100,100
726,0.21,xiNearNormalWithNoise_kjContinuousBeta_sigmoid,11,8,SuStaIn (GMM),3,0.46966363543108747,0.9889642297563089,663.6902003328006,0.390976430976431,0.01146356267028981,15.466206896551725,40.29333333333334,,,100,100
726,0.21,xiNearNormalWithNoise_kjContinuousBeta_sigmoid,11,8,SuStaIn (KDE),3,0.46966363543108747,0.9889642297563089,685.8636295119921,0.2872727272727273,-0.0009635335373257413,9.586206896551724,19.126666666666665,,,100,100
726,0.21,xiNearNormalWithNoise_kjContinuousBeta_sigmoid,12,8,BebmS,3,0.13976668573309317,0.9183304997166384,82.29338609774908,0.3602020202020202,-0.019483991120745444,6.851239669421488,0.0,,,100,100
726,0.21,xiNearNormalWithNoise_kjContinuousBeta_sigmoid,12,8,BebmS (Blind),3,0.13976668573309317,0.9183304997166384,99.54866931041082,0.3712457912457912,0.06005455820395366,6.637741046831956,1.8666666666666667,,2.0,100,100
726,0.21,xiNearNormalWithNoise_kjContinuousBeta_sigmoid,12,8,Random Guessing,3,0.13976668573309317,0.9183304997166384,0.0,0.502254913461036,0.0028457990820047892,58.205234159779614,5.48,,2.0,100,100
726,0.21,xiNearNormalWithNoise_kjContinuousBeta_sigmoid,12,8,SuStaIn (GMM),3,0.13976668573309317,0.9183304997166384,560.1743928631147,0.4714478114478114,0.17287634049471517,16.763085399449036,46.14,,,100,100
726,0.21,xiNearNormalWithNoise_kjContinuousBeta_sigmoid,12,8,SuStaIn (KDE),3,0.13976668573309317,0.9183304997166384,683.3873913327853,0.32585858585858585,0.003957161269617442,11.106060606060606,19.18,,,100,100
726,0.21,xiNearNormalWithNoise_kjContinuousBeta_sigmoid,13,8,BebmS,3,0.4642351173062687,0.9882414908157482,94.35025926828385,0.384983164983165,-0.013196527158234939,5.649655172413793,0.0,,,100,100
726,0.21,xiNearNormalWithNoise_kjContinuousBeta_sigmoid,13,8,BebmS (Blind),3,0.4642351173062687,0.9882414908157482,135.73696755568187,0.3602020202020202,-0.014993343093156206,5.364137931034483,0.059602649006622516,,0.0,100,100
726,0.21,xiNearNormalWithNoise_kjContinuousBeta_sigmoid,13,8,Random Guessing,3,0.4642351173062687,0.9882414908157482,0.0,0.4987759904849202,-0.0007396514025321204,57.18206896551724,5.966887417218543,,0.0,100,100
726,0.21,xiNearNormalWithNoise_kjContinuousBeta_sigmoid,13,8,SuStaIn (GMM),3,0.4642351173062687,0.9882414908157482,598.1570572972298,0.37407407407407406,-0.007205528946492831,16.63448275862069,40.86092715231788,,,100,100
726,0.21,xiNearNormalWithNoise_kjContinuousBeta_sigmoid,13,8,SuStaIn (KDE),3,0.4642351173062687,0.9882414908157482,599.0115096171697,0.3298989898989899,-0.0056059961931927,9.982068965517241,15.913907284768213,,,100,100
726,0.21,xiNearNormalWithNoise_kjContinuousBeta_sigmoid,14,8,BebmS,3,0.2855022864876556,0.9705330533053306,69.19827962319056,0.39346801346801347,0.0,6.672176308539945,0.033112582781456956,,,100,100
726,0.21,xiNearNormalWithNoise_kjContinuousBeta_sigmoid,14,8,BebmS (Blind),3,0.2855022864876556,0.9705330533053306,99.5287811199824,0.35898989898989897,-0.000789892413912375,5.984848484848484,1.9205298013245033,,2.0,100,100
726,0.21,xiNearNormalWithNoise_kjContinuousBeta_sigmoid,14,8,Random Guessing,3,0.2855022864876556,0.9705330533053306,0.0,0.499420391214387,0.0010247131185521488,56.71487603305785,6.139072847682119,,2.0,100,100
726,0.21,xiNearNormalWithNoise_kjContinuousBeta_sigmoid,14,8,SuStaIn (GMM),3,0.2855022864876556,0.9705330533053306,847.4707770029704,0.3948148148148148,0.3339868602057576,14.814049586776859,41.88741721854305,,,100,100
726,0.21,xiNearNormalWithNoise_kjContinuousBeta_sigmoid,14,8,SuStaIn (KDE),3,0.2855022864876556,0.9705330533053306,929.131359386444,0.37481481481481477,-0.0008291275418175511,13.242424242424242,23.814569536423843,,,100,100
726,0.21,xiNearNormalWithNoise_kjContinuousBeta_sigmoid,15,8,BebmS,3,0.42427773799309193,0.9907750775077507,102.50381855169933,0.390976430976431,0.0,7.1931034482758625,0.13245033112582782,,,100,100
726,0.21,xiNearNormalWithNoise_kjContinuousBeta_sigmoid,15,8,BebmS (Blind),3,0.42427773799309193,0.9907750775077507,129.16521153052648,0.40727272727272723,0.0,6.874482758620689,0.7417218543046358,,3.0,100,100
726,0.21,xiNearNormalWithNoise_kjContinuousBeta_sigmoid,15,8,Random Guessing,3,0.42427773799309193,0.9907750775077507,0.0,0.4876013852257053,-0.0018929367559373299,56.72827586206896,5.377483443708609,,3.0,100,100
726,0.21,xiNearNormalWithNoise_kjContinuousBeta_sigmoid,15,8,SuStaIn (GMM),3,0.42427773799309193,0.9907750775077507,251.48261687755584,0.43212121212121213,-0.004638287472098367,17.626206896551725,44.64238410596027,,,100,100
726,0.21,xiNearNormalWithNoise_kjContinuousBeta_sigmoid,15,8,SuStaIn (KDE),3,0.42427773799309193,0.9907750775077507,295.91252870957055,0.3754882154882155,0.0014283230313609464,13.168275862068965,22.735099337748345,,,100,100
726,0.21,xiNearNormalWithNoise_kjContinuousBeta_sigmoid,16,8,BebmS,3,0.14112883423523384,0.9092842617595093,85.2296530008316,0.4020875420875421,0.0006065205591939491,8.398071625344352,0.0,,,100,100
726,0.21,xiNearNormalWithNoise_kjContinuousBeta_sigmoid,16,8,BebmS (Blind),3,0.14112883423523384,0.9092842617595093,102.37035533587138,0.41528619528619526,0.020538718266338095,6.601928374655647,0.4666666666666667,,0.0,100,100
726,0.21,xiNearNormalWithNoise_kjContinuousBeta_sigmoid,16,8,Random Guessing,3,0.14112883423523384,0.9092842617595093,0.0,0.5201322534819058,0.0005600683264511328,60.11845730027548,6.126666666666667,,0.0,100,100
726,0.21,xiNearNormalWithNoise_kjContinuousBeta_sigmoid,16,8,SuStaIn (GMM),3,0.14112883423523384,0.9092842617595093,228.35148093303044,0.4087542087542088,0.13531669050855516,16.203856749311296,46.86,,,100,100
726,0.21,xiNearNormalWithNoise_kjContinuousBeta_sigmoid,16,8,SuStaIn (KDE),3,0.14112883423523384,0.9092842617595093,245.6226656317711,0.3556228956228957,0.021181958358605184,9.988980716253444,17.6,,,100,100
726,0.21,xiNearNormalWithNoise_kjContinuousBeta_sigmoid,17,8,BebmS,3,0.2777463504469295,0.9705623895722906,74.45286049048106,0.4065319865319865,0.0,4.471074380165289,0.033112582781456956,,,100,100
726,0.21,xiNearNormalWithNoise_kjContinuousBeta_sigmoid,17,8,BebmS (Blind),3,0.2777463504469295,0.9705623895722906,91.47382762829463,0.32195286195286194,0.005929726403073308,4.4559228650137745,0.7814569536423841,,1.0,100,100
726,0.21,xiNearNormalWithNoise_kjContinuousBeta_sigmoid,17,8,Random Guessing,3,0.2777463504469295,0.9705623895722906,0.0,0.491807108722534,-0.0025809363432846393,60.24931129476584,6.125827814569536,,1.0,100,100
726,0.21,xiNearNormalWithNoise_kjContinuousBeta_sigmoid,17,8,SuStaIn (GMM),3,0.2777463504469295,0.9705623895722906,233.26456226110457,0.3569023569023569,0.005444803917433089,15.139118457300276,45.29801324503311,,,100,100
726,0.21,xiNearNormalWithNoise_kjContinuousBeta_sigmoid,17,8,SuStaIn (KDE),3,0.2777463504469295,0.9705623895722906,245.14343243837357,0.36754208754208745,0.008768778183459017,11.055096418732782,21.814569536423843,,,100,100
726,0.21,xiNearNormalWithNoise_kjContinuousBeta_sigmoid,18,8,BebmS,3,0.24339447556841187,0.965937927126046,69.32658579746882,0.3707744107744108,0.0008857055453495654,6.669421487603306,0.0,,,100,100
726,0.21,xiNearNormalWithNoise_kjContinuousBeta_sigmoid,18,8,BebmS (Blind),3,0.24339447556841187,0.965937927126046,91.41551491419474,0.3546127946127946,0.0,4.621212121212121,0.30666666666666664,,2.0,100,100
726,0.21,xiNearNormalWithNoise_kjContinuousBeta_sigmoid,18,8,Random Guessing,3,0.24339447556841187,0.965937927126046,0.0,0.4765804388771649,0.0010496537853732341,57.27272727272727,5.326666666666667,,2.0,100,100
726,0.21,xiNearNormalWithNoise_kjContinuousBeta_sigmoid,18,8,SuStaIn (GMM),3,0.24339447556841187,0.965937927126046,551.9900400916736,0.37326599326599325,0.1714713649745353,15.979338842975206,44.74666666666667,,,100,100
726,0.21,xiNearNormalWithNoise_kjContinuousBeta_sigmoid,18,8,SuStaIn (KDE),3,0.24339447556841187,0.965937927126046,489.1377700606982,0.31548821548821554,0.0223847020393233,11.858126721763085,21.586666666666666,,,100,100
726,0.21,xiNearNormalWithNoise_kjContinuousBeta_sigmoid,19,8,BebmS,3,0.4957934674566642,0.9902523585691902,69.76113688151041,0.34855218855218856,-0.0011260277891249608,4.6786206896551725,0.0,,,100,100
726,0.21,xiNearNormalWithNoise_kjContinuousBeta_sigmoid,19,8,BebmS (Blind),3,0.4957934674566642,0.9902523585691902,93.7359717408816,0.39609427609427605,0.00090088823527354,7.555862068965517,0.10596026490066225,,0.0,100,100
726,0.21,xiNearNormalWithNoise_kjContinuousBeta_sigmoid,19,8,Random Guessing,3,0.4957934674566642,0.9902523585691902,0.0,0.48595407309105343,0.0019871062315110167,54.615172413793104,5.71523178807947,,0.0,100,100
726,0.21,xiNearNormalWithNoise_kjContinuousBeta_sigmoid,19,8,SuStaIn (GMM),3,0.4957934674566642,0.9902523585691902,645.7961328506469,0.4096296296296296,0.018420563198338978,18.561379310344826,45.05960264900662,,,100,100
726,0.21,xiNearNormalWithNoise_kjContinuousBeta_sigmoid,19,8,SuStaIn (KDE),3,0.4957934674566642,0.9902523585691902,431.0879955927531,0.34350168350168353,-0.002646364764719101,14.441379310344828,23.874172185430464,,,100,100
726,0.21,xiNearNormalWithNoise_kjContinuousBeta_sigmoid,20,8,BebmS,3,0.2583822521889535,0.9706744007734107,144.09681177139282,0.3967676767676768,0.0,3.7751724137931033,0.013245033112582781,,,100,100
726,0.21,xiNearNormalWithNoise_kjContinuousBeta_sigmoid,20,8,BebmS (Blind),3,0.2583822521889535,0.9706744007734107,143.09397899309795,0.34383838383838383,-0.010744261150095883,3.8717241379310345,0.19205298013245034,,1.0,100,100
726,0.21,xiNearNormalWithNoise_kjContinuousBeta_sigmoid,20,8,Random Guessing,3,0.2583822521889535,0.9706744007734107,0.0,0.500960991721432,0.001888208010904132,57.703448275862065,6.026490066225166,,1.0,100,100
726,0.21,xiNearNormalWithNoise_kjContinuousBeta_sigmoid,20,8,SuStaIn (GMM),3,0.2583822521889535,0.9706744007734107,956.3341244220734,0.35286195286195293,0.06382672854107539,15.332413793103449,39.11920529801324,,,100,100
726,0.21,xiNearNormalWithNoise_kjContinuousBeta_sigmoid,20,8,SuStaIn (KDE),3,0.2583822521889535,0.9706744007734107,537.9400281230609,0.3309764309764309,0.01863037510078768,10.990344827586206,18.794701986754966,,,100,100
726,0.21,xiNearNormalWithNoise_kjContinuousBeta_sigmoid,21,8,BebmS,3,0.12963985874666464,0.9076600993432676,86.44392141898473,0.39164983164983164,0.0,3.8496551724137933,0.013245033112582781,,,100,100
726,0.21,xiNearNormalWithNoise_kjContinuousBeta_sigmoid,21,8,BebmS (Blind),3,0.12963985874666464,0.9076600993432676,108.53917064666749,0.3745454545454545,0.0,4.438620689655172,0.059602649006622516,,3.0,100,100
726,0.21,xiNearNormalWithNoise_kjContinuousBeta_sigmoid,21,8,Random Guessing,3,0.12963985874666464,0.9076600993432676,0.0,0.49293701314106225,-0.001973937067179163,58.27310344827586,6.370860927152318,,3.0,100,100
726,0.21,xiNearNormalWithNoise_kjContinuousBeta_sigmoid,21,8,SuStaIn (GMM),3,0.12963985874666464,0.9076600993432676,177.93247908353806,0.4564309764309764,-0.0006958504151788059,17.190344827586205,46.36423841059602,,,100,100
726,0.21,xiNearNormalWithNoise_kjContinuousBeta_sigmoid,21,8,SuStaIn (KDE),3,0.12963985874666464,0.9076600993432676,215.94433525800704,0.35474747474747476,0.00433652778793617,11.302068965517241,20.556291390728475,,,100,100
726,0.21,xiNearNormalWithNoise_kjContinuousBeta_sigmoid,22,8,BebmS,3,0.4964820512247162,0.9925672567256726,94.6690788547198,0.3738047138047138,0.0,5.1143250688705235,0.0,,,100,100
726,0.21,xiNearNormalWithNoise_kjContinuousBeta_sigmoid,22,8,BebmS (Blind),3,0.4964820512247162,0.9925672567256726,119.27986217737198,0.3835016835016835,0.0,5.322314049586777,0.06666666666666667,,2.0,100,100
726,0.21,xiNearNormalWithNoise_kjContinuousBeta_sigmoid,22,8,Random Guessing,3,0.4964820512247162,0.9925672567256726,0.0,0.5027016200718903,-0.0005933588064004671,59.09779614325069,5.8533333333333335,,2.0,100,100
726,0.21,xiNearNormalWithNoise_kjContinuousBeta_sigmoid,22,8,SuStaIn (GMM),3,0.4964820512247162,0.9925672567256726,839.4152062614759,0.4341414141414141,0.011029329892469356,16.81404958677686,46.04,,,100,100
726,0.21,xiNearNormalWithNoise_kjContinuousBeta_sigmoid,22,8,SuStaIn (KDE),3,0.4964820512247162,0.9925672567256726,592.6364880204201,0.3138047138047138,-0.0041784477411161095,9.677685950413224,16.286666666666665,,,100,100
726,0.21,xiNearNormalWithNoise_kjContinuousBeta_sigmoid,23,8,BebmS,3,0.1856041789376405,0.9449198253158649,132.29751969178517,0.3708417508417508,0.0032533687972169925,5.284137931034483,0.0,,,100,100
726,0.21,xiNearNormalWithNoise_kjContinuousBeta_sigmoid,23,8,BebmS (Blind),3,0.1856041789376405,0.9449198253158649,166.8419276277224,0.4002020202020202,-0.006863096725045405,7.107586206896552,0.5827814569536424,,3.0,100,100
726,0.21,xiNearNormalWithNoise_kjContinuousBeta_sigmoid,23,8,Random Guessing,3,0.1856041789376405,0.9449198253158649,0.0,0.4916500445242957,0.002679693341254195,56.50482758620689,5.8344370860927155,,3.0,100,100
726,0.21,xiNearNormalWithNoise_kjContinuousBeta_sigmoid,23,8,SuStaIn (GMM),3,0.1856041789376405,0.9449198253158649,453.75225599209466,0.35097643097643094,0.024194527346656693,13.151724137931035,34.82119205298013,,,100,100
726,0.21,xiNearNormalWithNoise_kjContinuousBeta_sigmoid,23,8,SuStaIn (KDE),3,0.1856041789376405,0.9449198253158649,472.38730864922206,0.3942760942760943,0.02622100504029999,12.613793103448275,21.033112582781456,,,100,100
726,0.21,xiNearNormalWithNoise_kjContinuousBeta_sigmoid,24,8,BebmS,3,0.03621584802585227,0.53000900090009,69.28539557854334,0.39494949494949494,0.01333427796086726,5.994490358126722,0.0,,,100,100
726,0.21,xiNearNormalWithNoise_kjContinuousBeta_sigmoid,24,8,BebmS (Blind),3,0.03621584802585227,0.53000900090009,83.53875674804051,0.3941414141414141,0.011060918797826644,6.643250688705234,0.11258278145695365,,1.0,100,100
726,0.21,xiNearNormalWithNoise_kjContinuousBeta_sigmoid,24,8,Random Guessing,3,0.03621584802585227,0.53000900090009,0.0,0.49855842810783413,-0.0005509707991964103,58.99724517906336,5.927152317880795,,1.0,100,100
726,0.21,xiNearNormalWithNoise_kjContinuousBeta_sigmoid,24,8,SuStaIn (GMM),3,0.03621584802585227,0.53000900090009,540.7441213885943,0.4255892255892256,0.4042917234869589,16.61707988980716,47.17218543046358,,,100,100
726,0.21,xiNearNormalWithNoise_kjContinuousBeta_sigmoid,24,8,SuStaIn (KDE),3,0.03621584802585227,0.53000900090009,647.1378554503123,0.3609427609427609,0.015709711621512898,10.52892561983471,18.1523178807947,,,100,100
726,0.21,xiNearNormalWithNoise_kjContinuousBeta_sigmoid,25,8,BebmS,3,0.31175901972760817,0.9771043771043771,68.59544431765875,0.44383838383838387,0.0,11.053793103448276,0.24342105263157895,,,100,100
726,0.21,xiNearNormalWithNoise_kjContinuousBeta_sigmoid,25,8,BebmS (Blind),3,0.31175901972760817,0.9771043771043771,83.67281803687413,0.4263299663299663,0.0,9.107586206896551,0.9736842105263158,,3.0,100,100
726,0.21,xiNearNormalWithNoise_kjContinuousBeta_sigmoid,25,8,Random Guessing,3,0.31175901972760817,0.9771043771043771,0.0,0.49843511083817854,-0.00047671699345242256,55.87586206896552,5.598684210526316,,3.0,100,100
726,0.21,xiNearNormalWithNoise_kjContinuousBeta_sigmoid,25,8,SuStaIn (GMM),3,0.31175901972760817,0.9771043771043771,557.0219206293424,0.36505050505050507,0.00023028312772296493,15.387586206896552,39.61842105263158,,,100,100
726,0.21,xiNearNormalWithNoise_kjContinuousBeta_sigmoid,25,8,SuStaIn (KDE),3,0.31175901972760817,0.9771043771043771,632.987568517526,0.30767676767676766,0.015580991842846333,9.806896551724138,15.618421052631579,,,100,100
726,0.21,xiNearNormalWithNoise_kjContinuousBeta_sigmoid,26,8,BebmS,3,0.4063593232100832,0.9882974964163083,70.16952016353608,0.38148148148148153,-0.0029535360068010494,6.808275862068966,0.052980132450331126,,,100,100
726,0.21,xiNearNormalWithNoise_kjContinuousBeta_sigmoid,26,8,BebmS (Blind),3,0.4063593232100832,0.9882974964163083,94.43045765956244,0.3628956228956229,-0.005850303395382373,5.115862068965518,0.6026490066225165,,2.0,100,100
726,0.21,xiNearNormalWithNoise_kjContinuousBeta_sigmoid,26,8,Random Guessing,3,0.4063593232100832,0.9882974964163083,0.0,0.4945384549964709,0.0003743536223828402,54.80413793103448,5.821192052980132,,2.0,100,100
726,0.21,xiNearNormalWithNoise_kjContinuousBeta_sigmoid,26,8,SuStaIn (GMM),3,0.4063593232100832,0.9882974964163083,720.7977331082026,0.32,-0.023341407544436046,15.593103448275862,40.65562913907285,,,100,100
726,0.21,xiNearNormalWithNoise_kjContinuousBeta_sigmoid,26,8,SuStaIn (KDE),3,0.4063593232100832,0.9882974964163083,525.4606802582741,0.3111111111111111,0.0019085129742157745,11.219310344827587,16.33112582781457,,,100,100
726,0.21,xiNearNormalWithNoise_kjContinuousBeta_sigmoid,27,8,BebmS,3,0.048844388152229724,0.608934226756009,72.68255656560262,0.2721885521885522,0.42630725252100843,5.347586206896552,0.0,,,100,100
726,0.21,xiNearNormalWithNoise_kjContinuousBeta_sigmoid,27,8,BebmS (Blind),3,0.048844388152229724,0.608934226756009,89.74414749940236,0.38033670033670036,0.18790578316901183,8.616551724137931,0.0,,2.0,100,100
726,0.21,xiNearNormalWithNoise_kjContinuousBeta_sigmoid,27,8,Random Guessing,3,0.048844388152229724,0.608934226756009,0.0,0.4797773760765349,0.0012720515098191205,59.00689655172414,5.874172185430464,,2.0,100,100
726,0.21,xiNearNormalWithNoise_kjContinuousBeta_sigmoid,27,8,SuStaIn (GMM),3,0.048844388152229724,0.608934226756009,672.9835679690043,0.3898989898989899,0.7898227603957156,15.96,44.49006622516556,,,100,100
726,0.21,xiNearNormalWithNoise_kjContinuousBeta_sigmoid,27,8,SuStaIn (KDE),3,0.048844388152229724,0.608934226756009,583.0680376688639,0.37326599326599325,0.09770939773434265,12.49655172413793,22.927152317880793,,,100,100
726,0.21,xiNearNormalWithNoise_kjContinuousBeta_sigmoid,28,8,BebmS,3,0.11745150601520757,0.8494196086275294,73.33484128316243,0.33865319865319865,0.2184384655368707,6.9421487603305785,0.152317880794702,,,100,100
726,0.21,xiNearNormalWithNoise_kjContinuousBeta_sigmoid,28,8,BebmS (Blind),3,0.11745150601520757,0.8494196086275294,89.44805022080739,0.4251178451178452,0.0,8.476584022038567,0.17880794701986755,,0.0,100,100
726,0.21,xiNearNormalWithNoise_kjContinuousBeta_sigmoid,28,8,Random Guessing,3,0.11745150601520757,0.8494196086275294,0.0,0.5152252912410042,0.002042456217655458,58.396694214876035,6.304635761589404,,0.0,100,100
726,0.21,xiNearNormalWithNoise_kjContinuousBeta_sigmoid,28,8,SuStaIn (GMM),3,0.11745150601520757,0.8494196086275294,519.4326289017995,0.4033670033670034,0.458877080496051,14.928374655647383,45.34437086092715,,,100,100
726,0.21,xiNearNormalWithNoise_kjContinuousBeta_sigmoid,28,8,SuStaIn (KDE),3,0.11745150601520757,0.8494196086275294,478.75173150698345,0.3216835016835017,0.0001264230158013854,10.377410468319558,17.364238410596027,,,100,100
726,0.21,xiNearNormalWithNoise_kjContinuousBeta_sigmoid,29,8,BebmS,3,0.10374435679651653,0.8611327799446611,69.15030280351638,0.3404040404040403,0.024253418722054155,4.950344827586207,0.013245033112582781,,,100,100
726,0.21,xiNearNormalWithNoise_kjContinuousBeta_sigmoid,29,8,BebmS (Blind),3,0.10374435679651653,0.8611327799446611,87.41571534077326,0.3760942760942761,0.0,4.971034482758621,0.11258278145695365,,3.0,100,100
726,0.21,xiNearNormalWithNoise_kjContinuousBeta_sigmoid,29,8,Random Guessing,3,0.10374435679651653,0.8611327799446611,0.0,0.5017569265432255,0.0006578479799463916,57.573793103448274,6.377483443708609,,3.0,100,100
726,0.21,xiNearNormalWithNoise_kjContinuousBeta_sigmoid,29,8,SuStaIn (GMM),3,0.10374435679651653,0.8611327799446611,547.4892684340477,0.4011447811447811,0.33097971059831927,15.666206896551724,44.21854304635762,,,100,100
726,0.21,xiNearNormalWithNoise_kjContinuousBeta_sigmoid,29,8,SuStaIn (KDE),3,0.10374435679651653,0.8611327799446611,547.8280734260877,0.36646464646464644,0.021621278892671042,12.54896551724138,21.90066225165563,,,100,100
726,0.21,xiNearNormalWithNoise_kjContinuousBeta_sigmoid,30,8,BebmS,3,0.04532523073010703,0.5485361869520285,93.3531181414922,0.2694949494949495,0.441851469335988,5.87465564738292,0.1,,,100,100
726,0.21,xiNearNormalWithNoise_kjContinuousBeta_sigmoid,30,8,BebmS (Blind),3,0.04532523073010703,0.5485361869520285,121.28324575424195,0.29993265993265994,0.5161243553145745,4.2300275482093666,0.15333333333333332,,0.0,100,100
726,0.21,xiNearNormalWithNoise_kjContinuousBeta_sigmoid,30,8,Random Guessing,3,0.04532523073010703,0.5485361869520285,0.0,0.4884974689588008,-0.0010359646764557778,59.790633608815426,6.573333333333333,,0.0,100,100
726,0.21,xiNearNormalWithNoise_kjContinuousBeta_sigmoid,30,8,SuStaIn (GMM),3,0.04532523073010703,0.5485361869520285,320.69394983053206,0.40989898989898993,0.7737669600391925,14.663911845730027,40.66,,,100,100
726,0.21,xiNearNormalWithNoise_kjContinuousBeta_sigmoid,30,8,SuStaIn (KDE),3,0.04532523073010703,0.5485361869520285,316.5129564364751,0.33569023569023565,0.2441828332832662,10.424242424242424,18.80666666666667,,,100,100
726,0.21,xiNearNormalWithNoise_kjContinuousBeta_sigmoid,31,8,BebmS,3,0.23236526437298533,0.9624842484248425,71.27948749462763,0.41117845117845125,0.0,6.68551724137931,0.6556291390728477,,,100,100
726,0.21,xiNearNormalWithNoise_kjContinuousBeta_sigmoid,31,8,BebmS (Blind),3,0.23236526437298533,0.9624842484248425,86.1948257446289,0.4146801346801347,0.0,9.10344827586207,0.7814569536423841,,2.0,100,100
726,0.21,xiNearNormalWithNoise_kjContinuousBeta_sigmoid,31,8,Random Guessing,3,0.23236526437298533,0.9624842484248425,0.0,0.4842817926041012,0.000274714525869952,54.33931034482759,6.430463576158941,,2.0,100,100
726,0.21,xiNearNormalWithNoise_kjContinuousBeta_sigmoid,31,8,SuStaIn (GMM),3,0.23236526437298533,0.9624842484248425,258.43190561532975,0.41784511784511785,0.0028113594749304095,17.082758620689656,45.0,,,100,100
726,0.21,xiNearNormalWithNoise_kjContinuousBeta_sigmoid,31,8,SuStaIn (KDE),3,0.23236526437298533,0.9624842484248425,256.3489641189575,0.30370370370370364,0.0011568514990421541,11.493793103448276,16.894039735099337,,,100,100
726,0.21,xiNearNormalWithNoise_kjContinuousBeta_sigmoid,32,8,BebmS,3,0.054653403982956726,0.6424415774910824,81.94894800186157,0.2993939393939394,0.30177530379148737,7.521379310344828,0.08609271523178808,,,100,100
726,0.21,xiNearNormalWithNoise_kjContinuousBeta_sigmoid,32,8,BebmS (Blind),3,0.054653403982956726,0.6424415774910824,99.01909637451172,0.2686868686868687,0.5423041653428936,5.140689655172414,0.10596026490066225,,0.0,100,100
726,0.21,xiNearNormalWithNoise_kjContinuousBeta_sigmoid,32,8,Random Guessing,3,0.054653403982956726,0.6424415774910824,0.0,0.4901979423669703,0.007193199460069896,57.26344827586207,5.403973509933775,,0.0,100,100
726,0.21,xiNearNormalWithNoise_kjContinuousBeta_sigmoid,32,8,SuStaIn (GMM),3,0.054653403982956726,0.6424415774910824,677.6961850166321,0.44909090909090904,0.7164977128082667,17.284137931034483,45.496688741721854,,,100,100
726,0.21,xiNearNormalWithNoise_kjContinuousBeta_sigmoid,32,8,SuStaIn (KDE),3,0.054653403982956726,0.6424415774910824,591.9750705798467,0.39575757575757575,0.10332232107603934,13.433103448275862,23.781456953642383,,,100,100
726,0.21,xiNearNormalWithNoise_kjContinuousBeta_sigmoid,33,8,BebmS,3,0.43555289796504804,0.9903590359035903,81.8374412616094,0.3590572390572391,0.0,3.5020689655172412,0.0,,,100,100
726,0.21,xiNearNormalWithNoise_kjContinuousBeta_sigmoid,33,8,BebmS (Blind),3,0.43555289796504804,0.9903590359035903,99.4180963675181,0.3406060606060606,0.15029575800653655,3.6606896551724137,0.9470198675496688,,2.0,100,100
726,0.21,xiNearNormalWithNoise_kjContinuousBeta_sigmoid,33,8,Random Guessing,3,0.43555289796504804,0.9903590359035903,0.0,0.48778936747197515,0.0007632874431398041,56.7351724137931,6.19205298013245,,2.0,100,100
726,0.21,xiNearNormalWithNoise_kjContinuousBeta_sigmoid,33,8,SuStaIn (GMM),3,0.43555289796504804,0.9903590359035903,565.334220278263,0.3827609427609428,-0.008521355353647675,14.855172413793104,42.258278145695364,,,100,100
726,0.21,xiNearNormalWithNoise_kjContinuousBeta_sigmoid,33,8,SuStaIn (KDE),3,0.43555289796504804,0.9903590359035903,628.3082892020543,0.3456565656565657,0.0035348560479828996,11.76,20.635761589403973,,,100,100
726,0.21,xiNearNormalWithNoise_kjContinuousBeta_sigmoid,34,8,BebmS,3,0.4585580451247799,0.9912337900456712,138.41398874521255,0.4068686868686869,6.579643005504503e-05,5.6786206896551725,0.0,,,100,100
726,0.21,xiNearNormalWithNoise_kjContinuousBeta_sigmoid,34,8,BebmS (Blind),3,0.4585580451247799,0.9912337900456712,172.38966200351715,0.38181818181818183,0.0,4.573793103448276,0.125,,0.0,100,100
726,0.21,xiNearNormalWithNoise_kjContinuousBeta_sigmoid,34,8,Random Guessing,3,0.4585580451247799,0.9912337900456712,0.0,0.48659034989399,-0.0003001619272840938,59.76413793103448,5.4868421052631575,,0.0,100,100
726,0.21,xiNearNormalWithNoise_kjContinuousBeta_sigmoid,34,8,SuStaIn (GMM),3,0.4585580451247799,0.9912337900456712,656.12068075339,0.4492929292929293,0.00721293569173087,15.513103448275862,45.63815789473684,,,100,100
726,0.21,xiNearNormalWithNoise_kjContinuousBeta_sigmoid,34,8,SuStaIn (KDE),3,0.4585580451247799,0.9912337900456712,500.2962996045748,0.36168350168350166,-0.0013304258351463053,10.649655172413793,19.664473684210527,,,100,100
726,0.21,xiNearNormalWithNoise_kjContinuousBeta_sigmoid,35,8,BebmS,3,0.3187717303613717,0.98004067073374,113.23154479662577,0.3997979797979798,0.0,6.29103448275862,0.033112582781456956,,,100,100
726,0.21,xiNearNormalWithNoise_kjContinuousBeta_sigmoid,35,8,BebmS (Blind),3,0.3187717303613717,0.98004067073374,136.2645459294319,0.3836363636363636,0.011558274678196142,7.336551724137931,0.033112582781456956,,2.0,100,100
726,0.21,xiNearNormalWithNoise_kjContinuousBeta_sigmoid,35,8,Random Guessing,3,0.3187717303613717,0.98004067073374,0.0,0.49934715508216065,-0.0010609561118052914,57.384827586206896,5.7218543046357615,,2.0,100,100
726,0.21,xiNearNormalWithNoise_kjContinuousBeta_sigmoid,35,8,SuStaIn (GMM),3,0.3187717303613717,0.98004067073374,681.0347612222035,0.43548821548821554,0.0022740086092501908,17.733793103448274,44.22516556291391,,,100,100
726,0.21,xiNearNormalWithNoise_kjContinuousBeta_sigmoid,35,8,SuStaIn (KDE),3,0.3187717303613717,0.98004067073374,422.82417141596477,0.302020202020202,0.012574613380366228,9.550344827586207,16.026490066225165,,,100,100
726,0.21,xiNearNormalWithNoise_kjContinuousBeta_sigmoid,36,8,BebmS,3,0.3677188490188875,0.9856518985231857,110.6887303908666,0.41717171717171714,0.00044947623369901,8.391724137931034,0.0,,,100,100
726,0.21,xiNearNormalWithNoise_kjContinuousBeta_sigmoid,36,8,BebmS (Blind),3,0.3677188490188875,0.9856518985231857,135.29790549675624,0.39791245791245794,0.001526103003323926,6.108965517241379,1.0066225165562914,,1.0,100,100
726,0.21,xiNearNormalWithNoise_kjContinuousBeta_sigmoid,36,8,Random Guessing,3,0.3677188490188875,0.9856518985231857,0.0,0.4939734525108683,-0.0018564075055628908,56.90896551724138,6.311258278145695,,1.0,100,100
726,0.21,xiNearNormalWithNoise_kjContinuousBeta_sigmoid,36,8,SuStaIn (GMM),3,0.3677188490188875,0.9856518985231857,731.5704394261043,0.3756902356902357,0.0030176935410766,16.103448275862068,42.629139072847686,,,100,100
726,0.21,xiNearNormalWithNoise_kjContinuousBeta_sigmoid,36,8,SuStaIn (KDE),3,0.3677188490188875,0.9856518985231857,377.84790278275807,0.31589225589225584,0.0001946206973382019,10.65103448275862,18.105960264900663,,,100,100
726,0.21,xiNearNormalWithNoise_kjContinuousBeta_sigmoid,37,8,BebmS,3,0.1856673566801307,0.9444264426442645,90.98345876137415,0.38074074074074077,0.004605964458879962,6.68551724137931,0.019867549668874173,,,100,100
726,0.21,xiNearNormalWithNoise_kjContinuousBeta_sigmoid,37,8,BebmS (Blind),3,0.1856673566801307,0.9444264426442645,96.62250642776489,0.3610774410774411,0.001836756341464945,4.9958620689655175,0.006622516556291391,,3.0,100,100
726,0.21,xiNearNormalWithNoise_kjContinuousBeta_sigmoid,37,8,Random Guessing,3,0.1856673566801307,0.9444264426442645,0.0,0.49575666635547666,0.003664681358287955,56.83034482758621,5.682119205298013,,3.0,100,100
726,0.21,xiNearNormalWithNoise_kjContinuousBeta_sigmoid,37,8,SuStaIn (GMM),3,0.1856673566801307,0.9444264426442645,362.80009281635284,0.3713131313131313,0.04087699886312794,18.15310344827586,49.95364238410596,,,100,100
726,0.21,xiNearNormalWithNoise_kjContinuousBeta_sigmoid,37,8,SuStaIn (KDE),3,0.1856673566801307,0.9444264426442645,330.3657365043958,0.3336700336700337,0.005874200207685045,10.612413793103448,16.880794701986755,,,100,100
726,0.21,xiNearNormalWithNoise_kjContinuousBeta_sigmoid,38,8,BebmS,3,0.3410032265819153,0.9828276160949428,71.57905484835307,0.3767676767676768,0.0,3.6818181818181817,0.0,,,100,100
726,0.21,xiNearNormalWithNoise_kjContinuousBeta_sigmoid,38,8,BebmS (Blind),3,0.3410032265819153,0.9828276160949428,88.90474948485692,0.424040404040404,0.0,4.849862258953168,1.2666666666666666,,0.0,100,100
726,0.21,xiNearNormalWithNoise_kjContinuousBeta_sigmoid,38,8,Random Guessing,3,0.3410032265819153,0.9828276160949428,0.0,0.490310446693103,0.00378924243959295,59.184573002754824,6.413333333333333,,0.0,100,100
726,0.21,xiNearNormalWithNoise_kjContinuousBeta_sigmoid,38,8,SuStaIn (GMM),3,0.3410032265819153,0.9828276160949428,491.79719832738243,0.3449158249158249,0.010543291352197783,14.477961432506888,40.266666666666666,,,100,100
726,0.21,xiNearNormalWithNoise_kjContinuousBeta_sigmoid,38,8,SuStaIn (KDE),3,0.3410032265819153,0.9828276160949428,556.6525467435519,0.36996632996633,0.002701856804271873,10.774104683195592,19.406666666666666,,,100,100
726,0.21,xiNearNormalWithNoise_kjContinuousBeta_sigmoid,39,8,BebmS,3,0.08689601682621027,0.7882614928159483,70.68118042548498,0.38713804713804717,0.0018191958248852877,7.8662068965517244,0.0,,,100,100
726,0.21,xiNearNormalWithNoise_kjContinuousBeta_sigmoid,39,8,BebmS (Blind),3,0.08689601682621027,0.7882614928159483,87.49817578395208,0.35993265993265994,0.058573668604077644,7.16,0.059602649006622516,,3.0,100,100
726,0.21,xiNearNormalWithNoise_kjContinuousBeta_sigmoid,39,8,Random Guessing,3,0.08689601682621027,0.7882614928159483,0.0,0.4966308628682623,0.0021055826775905626,58.33103448275862,6.132450331125828,,3.0,100,100
726,0.21,xiNearNormalWithNoise_kjContinuousBeta_sigmoid,39,8,SuStaIn (GMM),3,0.08689601682621027,0.7882614928159483,673.9973485509555,0.4787205387205387,0.2154303053763415,19.504827586206897,51.913907284768214,,,100,100
726,0.21,xiNearNormalWithNoise_kjContinuousBeta_sigmoid,39,8,SuStaIn (KDE),3,0.08689601682621027,0.7882614928159483,511.7361044605573,0.3500336700336701,0.0022707951166621772,12.21103448275862,22.834437086092716,,,100,100
726,0.21,xiNearNormalWithNoise_kjContinuousBeta_sigmoid,40,8,BebmS,3,0.2878103743178563,0.9752215221522152,68.93370396693548,0.41468013468013476,0.0,4.90633608815427,0.046357615894039736,,,100,100
726,0.21,xiNearNormalWithNoise_kjContinuousBeta_sigmoid,40,8,BebmS (Blind),3,0.2878103743178563,0.9752215221522152,84.76571947733561,0.37198653198653203,0.0,4.59366391184573,0.4105960264900662,,2.0,100,100
726,0.21,xiNearNormalWithNoise_kjContinuousBeta_sigmoid,40,8,Random Guessing,3,0.2878103743178563,0.9752215221522152,0.0,0.5068693676783148,-3.414863323250915e-05,57.78512396694215,6.622516556291391,,2.0,100,100
726,0.21,xiNearNormalWithNoise_kjContinuousBeta_sigmoid,40,8,SuStaIn (GMM),3,0.2878103743178563,0.9752215221522152,517.2557302395503,0.4088215488215488,0.05265672910212026,15.865013774104684,43.50993377483444,,,100,100
726,0.21,xiNearNormalWithNoise_kjContinuousBeta_sigmoid,40,8,SuStaIn (KDE),3,0.2878103743178563,0.9752215221522152,510.2220491528511,0.34774410774410774,0.0037349013666154204,12.269972451790634,22.350993377483444,,,100,100
726,0.21,xiNearNormalWithNoise_kjContinuousBeta_sigmoid,41,8,BebmS,3,0.061017057352382165,0.6638810547721439,71.40200664599736,0.2752188552188552,0.5247468136388688,6.389807162534435,0.0,,,100,100
726,0.21,xiNearNormalWithNoise_kjContinuousBeta_sigmoid,41,8,BebmS (Blind),3,0.061017057352382165,0.6638810547721439,89.49120817581813,0.2897643097643097,0.5380876353500009,4.742424242424242,0.17218543046357615,,1.0,100,100
726,0.21,xiNearNormalWithNoise_kjContinuousBeta_sigmoid,41,8,Random Guessing,3,0.061017057352382165,0.6638810547721439,0.0,0.49728800332068634,0.0016798937034266646,56.95454545454545,6.0198675496688745,,1.0,100,100
726,0.21,xiNearNormalWithNoise_kjContinuousBeta_sigmoid,41,8,SuStaIn (GMM),3,0.061017057352382165,0.6638810547721439,622.2607407887776,0.42996632996632994,0.732556492757697,17.227272727272727,46.450331125827816,,,100,100
726,0.21,xiNearNormalWithNoise_kjContinuousBeta_sigmoid,41,8,SuStaIn (KDE),3,0.061017057352382165,0.6638810547721439,454.6052022894224,0.3373063973063973,0.21456660931369395,11.122589531680442,16.549668874172184,,,100,100
726,0.21,xiNearNormalWithNoise_kjContinuousBeta_sigmoid,42,8,BebmS,3,0.373343816703212,0.9844357769110245,70.94359417756398,0.38713804713804717,0.0,6.506206896551724,0.0,,,100,100
726,0.21,xiNearNormalWithNoise_kjContinuousBeta_sigmoid,42,8,BebmS (Blind),3,0.373343816703212,0.9844357769110245,84.99320872227351,0.41191919191919196,0.006945078180756997,6.533793103448276,0.019867549668874173,,1.0,100,100
726,0.21,xiNearNormalWithNoise_kjContinuousBeta_sigmoid,42,8,Random Guessing,3,0.373343816703212,0.9844357769110245,0.0,0.48599300443932947,0.002121587555275693,59.84413793103448,6.066225165562914,,1.0,100,100
726,0.21,xiNearNormalWithNoise_kjContinuousBeta_sigmoid,42,8,SuStaIn (GMM),3,0.373343816703212,0.9844357769110245,625.876493704319,0.3955555555555556,-0.0014619503648545071,15.49655172413793,44.35761589403973,,,100,100
726,0.21,xiNearNormalWithNoise_kjContinuousBeta_sigmoid,42,8,SuStaIn (KDE),3,0.373343816703212,0.9844357769110245,459.94035963614783,0.35784511784511785,-6.721796166010854e-05,10.107586206896551,17.814569536423843,,,100,100
726,0.21,xiNearNormalWithNoise_kjContinuousBeta_sigmoid,43,8,BebmS,3,0.4499853869468292,0.9912257892455912,69.60167376995086,0.36040404040404034,0.00033529874891649017,3.900689655172414,0.0728476821192053,,,100,100
726,0.21,xiNearNormalWithNoise_kjContinuousBeta_sigmoid,43,8,BebmS (Blind),3,0.4499853869468292,0.9912257892455912,84.46989262104034,0.37575757575757573,0.00033529874891649017,4.147586206896552,0.006622516556291391,,1.0,100,100
726,0.21,xiNearNormalWithNoise_kjContinuousBeta_sigmoid,43,8,Random Guessing,3,0.4499853869468292,0.9912257892455912,0.0,0.5164078507273345,0.0002402486094631388,58.0,6.324503311258278,,1.0,100,100
726,0.21,xiNearNormalWithNoise_kjContinuousBeta_sigmoid,43,8,SuStaIn (GMM),3,0.4499853869468292,0.9912257892455912,597.4361308813095,0.4964309764309764,0.021978047216791346,17.893793103448274,45.854304635761586,,,100,100
726,0.21,xiNearNormalWithNoise_kjContinuousBeta_sigmoid,43,8,SuStaIn (KDE),3,0.4499853869468292,0.9912257892455912,563.5315937201182,0.298989898989899,0.011617965941240718,11.384827586206896,21.28476821192053,,,100,100
726,0.21,xiNearNormalWithNoise_kjContinuousBeta_sigmoid,44,8,BebmS,3,0.05970621577525817,0.6377717771777178,70.1028116941452,0.3435690235690236,0.25959582380754576,6.980689655172414,0.046052631578947366,,,100,100
726,0.21,xiNearNormalWithNoise_kjContinuousBeta_sigmoid,44,8,BebmS (Blind),3,0.05970621577525817,0.6377717771777178,86.06199271281561,0.35569023569023567,0.16325140129029397,7.219310344827586,0.10526315789473684,,2.0,100,100
726,0.21,xiNearNormalWithNoise_kjContinuousBeta_sigmoid,44,8,Random Guessing,3,0.05970621577525817,0.6377717771777178,0.0,0.5068551432794178,0.0020396494562159363,57.00137931034483,6.046052631578948,,2.0,100,100
726,0.21,xiNearNormalWithNoise_kjContinuousBeta_sigmoid,44,8,SuStaIn (GMM),3,0.05970621577525817,0.6377717771777178,615.5637101531029,0.41535353535353536,0.5184780796209044,15.69103448275862,42.75657894736842,,,100,100
726,0.21,xiNearNormalWithNoise_kjContinuousBeta_sigmoid,44,8,SuStaIn (KDE),3,0.05970621577525817,0.6377717771777178,568.024969446659,0.39966329966329966,0.006215650423630222,12.623448275862069,21.651315789473685,,,100,100
726,0.21,xiNearNormalWithNoise_kjContinuousBeta_sigmoid,45,8,BebmS,3,0.1766599756525158,0.9347481414808148,74.55847209692001,0.3595959595959595,0.0,4.455172413793103,0.033112582781456956,,,100,100
726,0.21,xiNearNormalWithNoise_kjContinuousBeta_sigmoid,45,8,BebmS (Blind),3,0.1766599756525158,0.9347481414808148,94.02360466718673,0.36942760942760944,0.0,5.187586206896552,1.304635761589404,,1.0,100,100
726,0.21,xiNearNormalWithNoise_kjContinuousBeta_sigmoid,45,8,Random Guessing,3,0.1766599756525158,0.9347481414808148,0.0,0.4781591392879269,0.0005748818914371882,57.02896551724138,5.894039735099338,,1.0,100,100
726,0.21,xiNearNormalWithNoise_kjContinuousBeta_sigmoid,45,8,SuStaIn (GMM),3,0.1766599756525158,0.9347481414808148,413.80856723388035,0.3989225589225589,0.03699535998967288,17.555862068965517,47.271523178807946,,,100,100
726,0.21,xiNearNormalWithNoise_kjContinuousBeta_sigmoid,45,8,SuStaIn (KDE),3,0.1766599756525158,0.9347481414808148,321.39740413824717,0.38175084175084173,0.014770836800844376,13.588965517241379,22.788079470198674,,,100,100
726,0.21,xiNearNormalWithNoise_kjContinuousBeta_sigmoid,46,8,BebmS,3,0.09064099588909233,0.8083968396839684,70.32202900250753,0.34309764309764307,-0.0010003174638306656,6.005509641873278,0.0,,,100,100
726,0.21,xiNearNormalWithNoise_kjContinuousBeta_sigmoid,46,8,BebmS (Blind),3,0.09064099588909233,0.8083968396839684,98.8912664492925,0.3785185185185185,0.004729156405525124,5.506887052341598,0.152317880794702,,1.0,100,100
726,0.21,xiNearNormalWithNoise_kjContinuousBeta_sigmoid,46,8,Random Guessing,3,0.09064099588909233,0.8083968396839684,0.0,0.510230927138398,0.00016718815597067927,59.39944903581267,6.112582781456954,,1.0,100,100
726,0.21,xiNearNormalWithNoise_kjContinuousBeta_sigmoid,46,8,SuStaIn (GMM),3,0.09064099588909233,0.8083968396839684,224.2682502667109,0.5428282828282828,-0.0015475656817487942,20.585399449035812,56.4635761589404,,,100,100
726,0.21,xiNearNormalWithNoise_kjContinuousBeta_sigmoid,46,8,SuStaIn (KDE),3,0.09064099588909233,0.8083968396839684,251.14435112078985,0.3457912457912458,0.04828109034628801,10.042699724517906,18.807947019867548,,,100,100
726,0.21,xiNearNormalWithNoise_kjContinuousBeta_sigmoid,47,8,BebmS,3,0.09944277128855485,0.8576817681768176,143.02759269475936,0.36006734006734004,-0.00878053307709239,4.484137931034483,0.0,,,100,100
726,0.21,xiNearNormalWithNoise_kjContinuousBeta_sigmoid,47,8,BebmS (Blind),3,0.09944277128855485,0.8576817681768176,163.04660793542863,0.283030303030303,0.058921127768545245,4.473103448275862,0.2052980132450331,,1.0,100,100
726,0.21,xiNearNormalWithNoise_kjContinuousBeta_sigmoid,47,8,Random Guessing,3,0.09944277128855485,0.8576817681768176,0.0,0.4928581114249293,-0.00011160974737502295,57.3048275862069,6.132450331125828,,1.0,100,100
726,0.21,xiNearNormalWithNoise_kjContinuousBeta_sigmoid,47,8,SuStaIn (GMM),3,0.09944277128855485,0.8576817681768176,884.5960677981377,0.482962962962963,0.23635177495446355,18.78896551724138,48.258278145695364,,,100,100
726,0.21,xiNearNormalWithNoise_kjContinuousBeta_sigmoid,47,8,SuStaIn (KDE),3,0.09944277128855485,0.8576817681768176,412.20151860316594,0.3286868686868687,0.009520895134009272,10.390344827586206,15.086092715231787,,,100,100
726,0.21,xiNearNormalWithNoise_kjContinuousBeta_sigmoid,48,8,BebmS,3,0.4715245166484736,0.9903110311031104,74.26212850014369,0.37488215488215487,0.0,5.84,0.03289473684210526,,,100,100
726,0.21,xiNearNormalWithNoise_kjContinuousBeta_sigmoid,48,8,BebmS (Blind),3,0.4715245166484736,0.9903110311031104,93.71896495421727,0.42996632996632994,0.0,5.641379310344828,0.47368421052631576,,2.0,100,100
726,0.21,xiNearNormalWithNoise_kjContinuousBeta_sigmoid,48,8,Random Guessing,3,0.4715245166484736,0.9903110311031104,0.0,0.5018786265756865,0.002473701911526573,58.853793103448275,6.019736842105263,,2.0,100,100
726,0.21,xiNearNormalWithNoise_kjContinuousBeta_sigmoid,48,8,SuStaIn (GMM),3,0.4715245166484736,0.9903110311031104,646.1618590275447,0.3569023569023569,0.02403699802934459,15.187586206896551,44.1578947368421,,,100,100
726,0.21,xiNearNormalWithNoise_kjContinuousBeta_sigmoid,48,8,SuStaIn (KDE),3,0.4715245166484736,0.9903110311031104,555.3097892483075,0.3076767676767677,0.008132495638421298,9.895172413793103,20.407894736842106,,,100,100
726,0.21,xiNearNormalWithNoise_kjContinuousBeta_sigmoid,49,8,BebmS,3,0.3520181423035246,0.9801100110011001,123.0098598519961,0.4084175084175084,0.0,7.466942148760331,0.09333333333333334,,,100,100
726,0.21,xiNearNormalWithNoise_kjContinuousBeta_sigmoid,49,8,BebmS (Blind),3,0.3520181423035246,0.9801100110011001,150.38421059449513,0.38471380471380473,0.007070137451243683,8.309917355371901,0.15333333333333332,,3.0,100,100
726,0.21,xiNearNormalWithNoise_kjContinuousBeta_sigmoid,49,8,Random Guessing,3,0.3520181423035246,0.9801100110011001,0.0,0.5018366402433154,0.001015901805077744,59.66391184573003,6.573333333333333,,3.0,100,100
726,0.21,xiNearNormalWithNoise_kjContinuousBeta_sigmoid,49,8,SuStaIn (GMM),3,0.3520181423035246,0.9801100110011001,243.03786778847376,0.479057239057239,0.03375671143887901,18.107438016528924,50.446666666666665,,,100,100
726,0.21,xiNearNormalWithNoise_kjContinuousBeta_sigmoid,49,8,SuStaIn (KDE),3,0.3520181423035246,0.9801100110011001,284.91027693748475,0.3516498316498316,0.0008312741530488508,11.011019283746556,22.513333333333332,,,100,100
726,0.21,xiNearNormalWithNoise_kjContinuousBeta_xnjNormal,0,9,BebmS,3,0.04797230721602868,0.5935380204687135,80.42337105671565,0.2828282828282828,0.5570680036841029,8.221763085399449,0.02666666666666667,,,100,100
726,0.21,xiNearNormalWithNoise_kjContinuousBeta_xnjNormal,0,9,BebmS (Blind),3,0.04797230721602868,0.5935380204687135,96.36504454215368,0.25872053872053874,0.5665077233099114,4.953168044077135,0.006666666666666667,,1.0,100,100
726,0.21,xiNearNormalWithNoise_kjContinuousBeta_xnjNormal,0,9,Random Guessing,3,0.04797230721602868,0.5935380204687135,0.0,0.5044586413811044,-0.000758355012195331,55.34573002754821,5.913333333333333,,1.0,100,100
726,0.21,xiNearNormalWithNoise_kjContinuousBeta_xnjNormal,0,9,SuStaIn (GMM),3,0.04797230721602868,0.5935380204687135,418.40734354257586,0.37353535353535355,0.6757074380909899,16.016528925619834,40.57333333333333,,,100,100
726,0.21,xiNearNormalWithNoise_kjContinuousBeta_xnjNormal,0,9,SuStaIn (KDE),3,0.04797230721602868,0.5935380204687135,622.8224029699961,0.34929292929292927,0.13970542238039707,9.958677685950413,15.853333333333333,,,100,100
726,0.21,xiNearNormalWithNoise_kjContinuousBeta_xnjNormal,1,9,BebmS,3,0.30686983031999254,0.972917291729173,120.70415092309317,0.41905723905723913,0.0,7.652413793103448,0.06622516556291391,,,100,100
726,0.21,xiNearNormalWithNoise_kjContinuousBeta_xnjNormal,1,9,BebmS (Blind),3,0.30686983031999254,0.972917291729173,148.51067052284876,0.4543434343434343,0.0,11.812413793103449,0.2119205298013245,,1.0,100,100
726,0.21,xiNearNormalWithNoise_kjContinuousBeta_xnjNormal,1,9,Random Guessing,3,0.30686983031999254,0.972917291729173,0.0,0.5042786417743116,-0.0026136313812865444,57.02068965517241,6.225165562913907,,1.0,100,100
726,0.21,xiNearNormalWithNoise_kjContinuousBeta_xnjNormal,1,9,SuStaIn (GMM),3,0.30686983031999254,0.972917291729173,690.5604100028673,0.332996632996633,0.1932903549972405,15.10344827586207,43.45695364238411,,,100,100
726,0.21,xiNearNormalWithNoise_kjContinuousBeta_xnjNormal,1,9,SuStaIn (KDE),3,0.30686983031999254,0.972917291729173,931.1930962085723,0.30929292929292923,-0.0024756513212317224,9.696551724137931,18.311258278145694,,,100,100
726,0.21,xiNearNormalWithNoise_kjContinuousBeta_xnjNormal,2,9,BebmS,3,0.20154794515017485,0.9559662632929959,68.78482845226924,0.3704377104377105,0.015876486145890774,5.743448275862069,0.0,,,100,100
726,0.21,xiNearNormalWithNoise_kjContinuousBeta_xnjNormal,2,9,BebmS (Blind),3,0.20154794515017485,0.9559662632929959,83.82984172900518,0.39306397306397306,0.0,6.835862068965517,0.25333333333333335,,2.0,100,100
726,0.21,xiNearNormalWithNoise_kjContinuousBeta_xnjNormal,2,9,Random Guessing,3,0.20154794515017485,0.9559662632929959,0.0,0.5108055247787591,-0.0019878329527075757,59.33103448275862,6.226666666666667,,2.0,100,100
726,0.21,xiNearNormalWithNoise_kjContinuousBeta_xnjNormal,2,9,SuStaIn (GMM),3,0.20154794515017485,0.9559662632929959,470.3897422393163,0.38552188552188554,0.05059586333708211,15.124137931034483,42.00666666666667,,,100,100
726,0.21,xiNearNormalWithNoise_kjContinuousBeta_xnjNormal,2,9,SuStaIn (KDE),3,0.20154794515017485,0.9559662632929959,544.4481180151304,0.30895622895622893,0.008063617565111677,9.491034482758621,19.086666666666666,,,100,100
726,0.21,xiNearNormalWithNoise_kjContinuousBeta_xnjNormal,3,9,BebmS,3,0.38756994787024773,0.9897776444311098,68.92225627104442,0.35892255892255887,0.0,4.137931034482759,0.033112582781456956,,,100,100
726,0.21,xiNearNormalWithNoise_kjContinuousBeta_xnjNormal,3,9,BebmS (Blind),3,0.38756994787024773,0.9897776444311098,84.44224118391672,0.31555555555555553,0.003144949268757812,3.506206896551724,0.006622516556291391,,1.0,100,100
726,0.21,xiNearNormalWithNoise_kjContinuousBeta_xnjNormal,3,9,Random Guessing,3,0.38756994787024773,0.9897776444311098,0.0,0.4950433430117669,0.0015034132989251007,56.29379310344827,6.245033112582782,,1.0,100,100
726,0.21,xiNearNormalWithNoise_kjContinuousBeta_xnjNormal,3,9,SuStaIn (GMM),3,0.38756994787024773,0.9897776444311098,510.588105181853,0.2997306397306397,0.0025257352520428786,13.782068965517242,39.50993377483444,,,100,100
726,0.21,xiNearNormalWithNoise_kjContinuousBeta_xnjNormal,3,9,SuStaIn (KDE),3,0.38756994787024773,0.9897776444311098,553.5468695282937,0.31084175084175086,0.01785142098328798,10.34206896551724,18.867549668874172,,,100,100
726,0.21,xiNearNormalWithNoise_kjContinuousBeta_xnjNormal,4,9,BebmS,3,0.44842369814570676,0.9898123145647898,68.4486571709315,0.3564309764309764,0.0,3.6418732782369148,0.04666666666666667,,,100,100
726,0.21,xiNearNormalWithNoise_kjContinuousBeta_xnjNormal,4,9,BebmS (Blind),3,0.44842369814570676,0.9898123145647898,83.52287930250168,0.4019528619528619,0.0,6.136363636363637,0.25333333333333335,,1.0,100,100
726,0.21,xiNearNormalWithNoise_kjContinuousBeta_xnjNormal,4,9,Random Guessing,3,0.44842369814570676,0.9898123145647898,0.0,0.48992636302475895,0.00012280312184554976,57.103305785123965,5.8933333333333335,,1.0,100,100
726,0.21,xiNearNormalWithNoise_kjContinuousBeta_xnjNormal,4,9,SuStaIn (GMM),3,0.44842369814570676,0.9898123145647898,501.7418013095856,0.33104377104377103,0.018617868575515513,14.378787878787879,39.12,,,100,100
726,0.21,xiNearNormalWithNoise_kjContinuousBeta_xnjNormal,4,9,SuStaIn (KDE),3,0.44842369814570676,0.9898123145647898,505.0591680169106,0.32289562289562285,0.005863488835521957,10.378787878787879,19.62,,,100,100
726,0.21,xiNearNormalWithNoise_kjContinuousBeta_xnjNormal,5,9,BebmS,3,0.037007584692500844,0.5267660099343268,68.67907892465591,0.19656565656565653,0.49834219033182353,3.776551724137931,0.026490066225165563,,,100,100
726,0.21,xiNearNormalWithNoise_kjContinuousBeta_xnjNormal,5,9,BebmS (Blind),3,0.037007584692500844,0.5267660099343268,83.89551536242168,0.2686195286195286,0.4915623500456957,4.863448275862069,0.052980132450331126,,1.0,100,100
726,0.21,xiNearNormalWithNoise_kjContinuousBeta_xnjNormal,5,9,Random Guessing,3,0.037007584692500844,0.5267660099343268,0.0,0.4974759144125185,-0.000845872958078021,57.649655172413794,6.139072847682119,,1.0,100,100
726,0.21,xiNearNormalWithNoise_kjContinuousBeta_xnjNormal,5,9,SuStaIn (GMM),3,0.037007584692500844,0.5267660099343268,516.595818412304,0.35952861952861953,0.8072640345598466,14.464827586206896,42.49006622516556,,,100,100
726,0.21,xiNearNormalWithNoise_kjContinuousBeta_xnjNormal,5,9,SuStaIn (KDE),3,0.037007584692500844,0.5267660099343268,526.2765144745509,0.34289562289562286,0.24287857823556033,9.853793103448275,19.794701986754966,,,100,100
726,0.21,xiNearNormalWithNoise_kjContinuousBeta_xnjNormal,6,9,BebmS,3,0.023635715431358298,0.34365436543654365,75.12446071704228,0.2639057239057239,0.3919961569294978,4.157241379310345,0.0,,,100,100
726,0.21,xiNearNormalWithNoise_kjContinuousBeta_xnjNormal,6,9,BebmS (Blind),3,0.023635715431358298,0.34365436543654365,95.68639146486917,0.2928619528619529,0.5530385698302361,4.7172413793103445,0.006622516556291391,,1.0,100,100
726,0.21,xiNearNormalWithNoise_kjContinuousBeta_xnjNormal,6,9,Random Guessing,3,0.023635715431358298,0.34365436543654365,0.0,0.4852467019668954,-0.00012114333888060059,59.499310344827585,6.0927152317880795,,1.0,100,100
726,0.21,xiNearNormalWithNoise_kjContinuousBeta_xnjNormal,6,9,SuStaIn (GMM),3,0.023635715431358298,0.34365436543654365,268.27980516354245,0.34713804713804713,0.8429969405712545,13.801379310344828,40.854304635761586,,,100,100
726,0.21,xiNearNormalWithNoise_kjContinuousBeta_xnjNormal,6,9,SuStaIn (KDE),3,0.023635715431358298,0.34365436543654365,358.54831426938375,0.39313131313131316,0.33509197935999097,11.202758620689655,24.94039735099338,,,100,100
726,0.21,xiNearNormalWithNoise_kjContinuousBeta_xnjNormal,7,9,BebmS,3,0.4827274897355393,0.9914471447144715,69.35275325775146,0.36794612794612797,0.0010115476463330197,3.1848275862068967,0.0,,,100,100
726,0.21,xiNearNormalWithNoise_kjContinuousBeta_xnjNormal,7,9,BebmS (Blind),3,0.4827274897355393,0.9914471447144715,84.55507522026697,0.3560942760942761,0.0010237909729431242,4.08,0.21052631578947367,,2.0,100,100
726,0.21,xiNearNormalWithNoise_kjContinuousBeta_xnjNormal,7,9,Random Guessing,3,0.4827274897355393,0.9914471447144715,0.0,0.5042715212626561,0.005652890963499816,56.34206896551724,6.0,,2.0,100,100
726,0.21,xiNearNormalWithNoise_kjContinuousBeta_xnjNormal,7,9,SuStaIn (GMM),3,0.4827274897355393,0.9914471447144715,581.6559215188026,0.3749494949494949,0.0665816318787666,16.030344827586205,45.41447368421053,,,100,100
726,0.21,xiNearNormalWithNoise_kjContinuousBeta_xnjNormal,7,9,SuStaIn (KDE),3,0.4827274897355393,0.9914471447144715,657.4936136007309,0.32801346801346803,-0.0012337466809888228,10.493793103448276,21.717105263157894,,,100,100
726,0.21,xiNearNormalWithNoise_kjContinuousBeta_xnjNormal,8,9,BebmS,3,0.10670482280830568,0.8411334466780012,69.26877385377884,0.3445791245791246,0.01800585243958324,6.983448275862069,0.15894039735099338,,,100,100
726,0.21,xiNearNormalWithNoise_kjContinuousBeta_xnjNormal,8,9,BebmS (Blind),3,0.10670482280830568,0.8411334466780012,84.23398540019988,0.3261279461279461,0.24596584860750045,5.139310344827586,0.09271523178807947,,1.0,100,100
726,0.21,xiNearNormalWithNoise_kjContinuousBeta_xnjNormal,8,9,Random Guessing,3,0.10670482280830568,0.8411334466780012,0.0,0.48275898244636256,-0.0014331099304216962,56.53655172413793,5.7218543046357615,,1.0,100,100
726,0.21,xiNearNormalWithNoise_kjContinuousBeta_xnjNormal,8,9,SuStaIn (GMM),3,0.10670482280830568,0.8411334466780012,244.89098734060923,0.2971043771043771,0.4117137546276868,12.61103448275862,35.64238410596027,,,100,100
726,0.21,xiNearNormalWithNoise_kjContinuousBeta_xnjNormal,8,9,SuStaIn (KDE),3,0.10670482280830568,0.8411334466780012,310.38154679934183,0.38518518518518513,0.003469414446443125,11.21103448275862,19.543046357615893,,,100,100
726,0.21,xiNearNormalWithNoise_kjContinuousBeta_xnjNormal,9,9,BebmS,3,0.3725013051714338,0.9875267526752676,69.30889797608057,0.3786531986531987,0.0,3.4173553719008263,0.013245033112582781,,,100,100
726,0.21,xiNearNormalWithNoise_kjContinuousBeta_xnjNormal,9,9,BebmS (Blind),3,0.3725013051714338,0.9875267526752676,84.76869901418686,0.39454545454545453,0.0,4.84435261707989,0.15894039735099338,,3.0,100,100
726,0.21,xiNearNormalWithNoise_kjContinuousBeta_xnjNormal,9,9,Random Guessing,3,0.3725013051714338,0.9875267526752676,0.0,0.482390992719364,-0.0005084102001449226,57.92011019283746,6.0,,3.0,100,100
726,0.21,xiNearNormalWithNoise_kjContinuousBeta_xnjNormal,9,9,SuStaIn (GMM),3,0.3725013051714338,0.9875267526752676,292.95127410093943,0.352996632996633,0.008994350098522974,13.377410468319558,35.94701986754967,,,100,100
726,0.21,xiNearNormalWithNoise_kjContinuousBeta_xnjNormal,9,9,SuStaIn (KDE),3,0.3725013051714338,0.9875267526752676,363.6596786657969,0.26505050505050504,0.005885127026156826,8.34297520661157,16.24503311258278,,,100,100
726,0.21,xiNearNormalWithNoise_kjContinuousBeta_xnjNormal,10,9,BebmS,3,0.19071758537872796,0.9513044637797113,69.85548547506332,0.39265993265993265,0.0,3.537931034482759,0.0,,,100,100
726,0.21,xiNearNormalWithNoise_kjContinuousBeta_xnjNormal,10,9,BebmS (Blind),3,0.19071758537872796,0.9513044637797113,86.08958825667699,0.34121212121212124,0.0004122152678031566,3.9572413793103447,1.4569536423841059,,3.0,100,100
726,0.21,xiNearNormalWithNoise_kjContinuousBeta_xnjNormal,10,9,Random Guessing,3,0.19071758537872796,0.9513044637797113,0.0,0.490871362922884,-0.0026256824385542444,56.27448275862069,6.052980132450331,,3.0,100,100
726,0.21,xiNearNormalWithNoise_kjContinuousBeta_xnjNormal,10,9,SuStaIn (GMM),3,0.19071758537872796,0.9513044637797113,1091.094032851855,0.35434343434343435,0.13262747396995309,16.71034482758621,46.562913907284766,,,100,100
726,0.21,xiNearNormalWithNoise_kjContinuousBeta_xnjNormal,10,9,SuStaIn (KDE),3,0.19071758537872796,0.9513044637797113,836.7477967421214,0.31656565656565655,0.021348428932280193,9.375172413793104,16.132450331125828,,,100,100
726,0.21,xiNearNormalWithNoise_kjContinuousBeta_xnjNormal,11,9,BebmS,3,0.4386305420487385,0.9884015068173484,81.6614401658376,0.3943434343434343,0.0,6.2524137931034485,0.0,,,100,100
726,0.21,xiNearNormalWithNoise_kjContinuousBeta_xnjNormal,11,9,BebmS (Blind),3,0.4386305420487385,0.9884015068173484,99.87372325658798,0.4253198653198653,0.0,7.729655172413793,0.4304635761589404,,2.0,100,100
726,0.21,xiNearNormalWithNoise_kjContinuousBeta_xnjNormal,11,9,Random Guessing,3,0.4386305420487385,0.9884015068173484,0.0,0.49303235456013494,-0.002626292070737625,57.104827586206895,5.483443708609271,,2.0,100,100
726,0.21,xiNearNormalWithNoise_kjContinuousBeta_xnjNormal,11,9,SuStaIn (GMM),3,0.4386305420487385,0.9884015068173484,682.9228895306587,0.37542087542087543,0.06518267069945143,13.682758620689656,35.98675496688742,,,100,100
726,0.21,xiNearNormalWithNoise_kjContinuousBeta_xnjNormal,11,9,SuStaIn (KDE),3,0.4386305420487385,0.9884015068173484,644.226156214873,0.31562289562289564,0.00196457507139384,9.133793103448276,16.192052980132452,,,100,100
726,0.21,xiNearNormalWithNoise_kjContinuousBeta_xnjNormal,12,9,BebmS,3,0.08074352382400897,0.7968196819681969,80.97450320323308,0.3981818181818182,-0.003830603317089724,6.577931034482758,0.09868421052631579,,,100,100
726,0.21,xiNearNormalWithNoise_kjContinuousBeta_xnjNormal,12,9,BebmS (Blind),3,0.08074352382400897,0.7968196819681969,99.81069124937058,0.3459259259259259,0.02512212488842598,5.406896551724138,0.29605263157894735,,1.0,100,100
726,0.21,xiNearNormalWithNoise_kjContinuousBeta_xnjNormal,12,9,Random Guessing,3,0.08074352382400897,0.7968196819681969,0.0,0.4896029356849912,-5.029209717643306e-05,57.004137931034485,5.7894736842105265,,1.0,100,100
726,0.21,xiNearNormalWithNoise_kjContinuousBeta_xnjNormal,12,9,SuStaIn (GMM),3,0.08074352382400897,0.7968196819681969,697.1365371624629,0.38760942760942757,0.4954245881073519,15.464827586206896,40.796052631578945,,,100,100
726,0.21,xiNearNormalWithNoise_kjContinuousBeta_xnjNormal,12,9,SuStaIn (KDE),3,0.08074352382400897,0.7968196819681969,664.9360226392746,0.37663299663299665,0.0020236729743825965,12.00551724137931,22.361842105263158,,,100,100
726,0.21,xiNearNormalWithNoise_kjContinuousBeta_xnjNormal,13,9,BebmS,3,0.3158247692386685,0.9775284195086176,72.77859531641006,0.3567676767676768,0.0,3.0110344827586206,0.0,,,100,100
726,0.21,xiNearNormalWithNoise_kjContinuousBeta_xnjNormal,13,9,BebmS (Blind),3,0.3158247692386685,0.9775284195086176,92.169821814696,0.36632996632996634,0.0,5.830344827586207,0.19205298013245034,,2.0,100,100
726,0.21,xiNearNormalWithNoise_kjContinuousBeta_xnjNormal,13,9,Random Guessing,3,0.3158247692386685,0.9775284195086176,0.0,0.4954271865709297,-0.00142060163781727,57.18482758620689,6.589403973509934,,2.0,100,100
726,0.21,xiNearNormalWithNoise_kjContinuousBeta_xnjNormal,13,9,SuStaIn (GMM),3,0.3158247692386685,0.9775284195086176,740.718553896745,0.2862626262626263,0.1415111684289439,14.148965517241379,43.64238410596027,,,100,100
726,0.21,xiNearNormalWithNoise_kjContinuousBeta_xnjNormal,13,9,SuStaIn (KDE),3,0.3158247692386685,0.9775284195086176,524.7433314998945,0.3268013468013468,0.004161674891297707,10.537931034482758,22.94701986754967,,,100,100
726,0.21,xiNearNormalWithNoise_kjContinuousBeta_xnjNormal,14,9,BebmS,3,0.27901793876119424,0.9736720338700536,70.95574114322662,0.401952861952862,0.0,5.601379310344828,0.052980132450331126,,,100,100
726,0.21,xiNearNormalWithNoise_kjContinuousBeta_xnjNormal,14,9,BebmS (Blind),3,0.27901793876119424,0.9736720338700536,86.54666531085968,0.3967003367003367,0.0,5.180689655172414,0.052980132450331126,,2.0,100,100
726,0.21,xiNearNormalWithNoise_kjContinuousBeta_xnjNormal,14,9,Random Guessing,3,0.27901793876119424,0.9736720338700536,0.0,0.48020150521042915,-0.0014137640303109782,56.249655172413796,6.423841059602649,,2.0,100,100
726,0.21,xiNearNormalWithNoise_kjContinuousBeta_xnjNormal,14,9,SuStaIn (GMM),3,0.27901793876119424,0.9736720338700536,319.8714146534602,0.35865319865319867,0.04016102631230661,16.13655172413793,40.602649006622514,,,100,100
726,0.21,xiNearNormalWithNoise_kjContinuousBeta_xnjNormal,14,9,SuStaIn (KDE),3,0.27901793876119424,0.9736720338700536,250.35935384829838,0.3081481481481481,-0.01212004393640319,8.991724137931035,18.86092715231788,,,100,100
726,0.21,xiNearNormalWithNoise_kjContinuousBeta_xnjNormal,15,9,BebmS,3,0.26649421394985473,0.9686555322198886,146.5313010931015,0.3627609427609428,0.0,2.9448275862068964,0.0,,,100,100
726,0.21,xiNearNormalWithNoise_kjContinuousBeta_xnjNormal,15,9,BebmS (Blind),3,0.26649421394985473,0.9686555322198886,172.94995395342508,0.3389225589225589,0.0,4.424827586206897,0.033112582781456956,,0.0,100,100
726,0.21,xiNearNormalWithNoise_kjContinuousBeta_xnjNormal,15,9,Random Guessing,3,0.26649421394985473,0.9686555322198886,0.0,0.4999160172937451,0.0015532648688316236,56.45793103448276,6.145695364238411,,0.0,100,100
726,0.21,xiNearNormalWithNoise_kjContinuousBeta_xnjNormal,15,9,SuStaIn (GMM),3,0.26649421394985473,0.9686555322198886,541.8592586994171,0.36754208754208756,0.15051436639497942,15.623448275862069,39.90066225165563,,,100,100
726,0.21,xiNearNormalWithNoise_kjContinuousBeta_xnjNormal,15,9,SuStaIn (KDE),3,0.26649421394985473,0.9686555322198886,498.21013017892835,0.33265993265993266,0.009551067623626576,11.302068965517241,20.119205298013245,,,100,100
726,0.21,xiNearNormalWithNoise_kjContinuousBeta_xnjNormal,16,9,BebmS,3,0.29903654795936,0.9768563523018968,146.43770154714585,0.3577104377104377,0.0,2.870344827586207,0.0,,,100,100
726,0.21,xiNearNormalWithNoise_kjContinuousBeta_xnjNormal,16,9,BebmS (Blind),3,0.29903654795936,0.9768563523018968,176.68397094806036,0.3614814814814815,0.0025603001977112755,4.376551724137931,0.052980132450331126,,1.0,100,100
726,0.21,xiNearNormalWithNoise_kjContinuousBeta_xnjNormal,16,9,Random Guessing,3,0.29903654795936,0.9768563523018968,0.0,0.4940806896340555,0.0005732113477060465,58.1351724137931,5.701986754966887,,1.0,100,100
726,0.21,xiNearNormalWithNoise_kjContinuousBeta_xnjNormal,16,9,SuStaIn (GMM),3,0.29903654795936,0.9768563523018968,530.8909302592277,0.3970370370370371,0.07677107958999312,16.875862068965517,45.87417218543046,,,100,100
726,0.21,xiNearNormalWithNoise_kjContinuousBeta_xnjNormal,16,9,SuStaIn (KDE),3,0.29903654795936,0.9768563523018968,494.75744488239286,0.31124579124579127,0.006910589002571316,9.395862068965517,15.80794701986755,,,100,100
726,0.21,xiNearNormalWithNoise_kjContinuousBeta_xnjNormal,17,9,BebmS,3,0.4285770704636748,0.9868920225355869,75.28410839239756,0.36377104377104374,0.0,3.303030303030303,0.0,,,100,100
726,0.21,xiNearNormalWithNoise_kjContinuousBeta_xnjNormal,17,9,BebmS (Blind),3,0.4285770704636748,0.9868920225355869,92.53234417438507,0.37831649831649833,0.04558038499207451,5.387052341597796,0.08,,2.0,100,100
726,0.21,xiNearNormalWithNoise_kjContinuousBeta_xnjNormal,17,9,Random Guessing,3,0.4285770704636748,0.9868920225355869,0.0,0.5057777920229319,0.0019256721199547029,57.69421487603306,6.12,,2.0,100,100
726,0.21,xiNearNormalWithNoise_kjContinuousBeta_xnjNormal,17,9,SuStaIn (GMM),3,0.4285770704636748,0.9868920225355869,213.53702432711918,0.2913131313131313,0.06844277730377102,13.761707988980715,40.0,,,100,100
726,0.21,xiNearNormalWithNoise_kjContinuousBeta_xnjNormal,17,9,SuStaIn (KDE),3,0.4285770704636748,0.9868920225355869,253.04768642981847,0.42006734006734003,0.002893968081409879,11.662534435261708,23.006666666666668,,,100,100
726,0.21,xiNearNormalWithNoise_kjContinuousBeta_xnjNormal,18,9,BebmS,3,0.49319474449296075,0.9922392239223923,70.12326537370681,0.3812794612794613,0.001283633242954609,4.264827586206897,0.033112582781456956,,,100,100
726,0.21,xiNearNormalWithNoise_kjContinuousBeta_xnjNormal,18,9,BebmS (Blind),3,0.49319474449296075,0.9922392239223923,88.60603217681249,0.37144781144781147,0.0,2.8289655172413792,0.152317880794702,,1.0,100,100
726,0.21,xiNearNormalWithNoise_kjContinuousBeta_xnjNormal,18,9,Random Guessing,3,0.49319474449296075,0.9922392239223923,0.0,0.475937598110663,0.0066532481549156424,57.473103448275864,5.887417218543046,,1.0,100,100
726,0.21,xiNearNormalWithNoise_kjContinuousBeta_xnjNormal,18,9,SuStaIn (GMM),3,0.49319474449296075,0.9922392239223923,422.56834363540014,0.3055892255892256,0.01671033708909929,13.820689655172414,39.317880794701985,,,100,100
726,0.21,xiNearNormalWithNoise_kjContinuousBeta_xnjNormal,18,9,SuStaIn (KDE),3,0.49319474449296075,0.9922392239223923,510.9225645224253,0.29057239057239054,-0.00241905400219484,9.434482758620689,19.14569536423841,,,100,100
726,0.21,xiNearNormalWithNoise_kjContinuousBeta_xnjNormal,19,9,BebmS,3,0.31462026168387963,0.9830916424975831,69.24719734191895,0.3832323232323232,0.0,3.233103448275862,0.07236842105263158,,,100,100
726,0.21,xiNearNormalWithNoise_kjContinuousBeta_xnjNormal,19,9,BebmS (Blind),3,0.31462026168387963,0.9830916424975831,84.30532410144806,0.34242424242424246,-0.010733912166685908,4.504827586206897,0.09210526315789473,,3.0,100,100
726,0.21,xiNearNormalWithNoise_kjContinuousBeta_xnjNormal,19,9,Random Guessing,3,0.31462026168387963,0.9830916424975831,0.0,0.4857064934010075,-0.00034444919591157855,59.50344827586207,6.526315789473684,,3.0,100,100
726,0.21,xiNearNormalWithNoise_kjContinuousBeta_xnjNormal,19,9,SuStaIn (GMM),3,0.31462026168387963,0.9830916424975831,514.8927353978157,0.301010101010101,0.01094027044077478,13.408275862068965,40.5,,,100,100
726,0.21,xiNearNormalWithNoise_kjContinuousBeta_xnjNormal,19,9,SuStaIn (KDE),3,0.31462026168387963,0.9830916424975831,521.386529537042,0.2765656565656565,0.0018673067613016025,8.598620689655172,15.052631578947368,,,100,100
726,0.21,xiNearNormalWithNoise_kjContinuousBeta_xnjNormal,20,9,BebmS,3,0.20924803967941616,0.9514218088475515,124.21110512812932,0.3749494949494949,0.0,5.477961432506887,0.0,,,100,100
726,0.21,xiNearNormalWithNoise_kjContinuousBeta_xnjNormal,20,9,BebmS (Blind),3,0.20924803967941616,0.9514218088475515,138.64669342041014,0.39649831649831646,0.0,3.059228650137741,0.33112582781456956,,3.0,100,100
726,0.21,xiNearNormalWithNoise_kjContinuousBeta_xnjNormal,20,9,Random Guessing,3,0.20924803967941616,0.9514218088475515,0.0,0.4961753108324693,0.0033822241517825666,56.05785123966942,6.046357615894039,,3.0,100,100
726,0.21,xiNearNormalWithNoise_kjContinuousBeta_xnjNormal,20,9,SuStaIn (GMM),3,0.20924803967941616,0.9514218088475515,714.7251220583915,0.37993265993265996,0.18861559736503314,17.424242424242426,46.5364238410596,,,100,100
726,0.21,xiNearNormalWithNoise_kjContinuousBeta_xnjNormal,20,9,SuStaIn (KDE),3,0.20924803967941616,0.9514218088475515,677.9461136102676,0.34929292929292927,0.011040387007205726,10.016528925619834,17.423841059602648,,,100,100
726,0.21,xiNearNormalWithNoise_kjContinuousBeta_xnjNormal,21,9,BebmS,3,0.29453740633618103,0.9737040370703737,95.02585064570108,0.3809427609427609,7.983377380082763e-06,4.671724137931035,0.02631578947368421,,,100,100
726,0.21,xiNearNormalWithNoise_kjContinuousBeta_xnjNormal,21,9,BebmS (Blind),3,0.29453740633618103,0.9737040370703737,119.28793725967407,0.3565656565656566,0.0,3.0413793103448277,0.013157894736842105,,1.0,100,100
726,0.21,xiNearNormalWithNoise_kjContinuousBeta_xnjNormal,21,9,Random Guessing,3,0.29453740633618103,0.9737040370703737,0.0,0.4988979413021554,-0.0003820095625854999,58.66758620689655,6.151315789473684,,1.0,100,100
726,0.21,xiNearNormalWithNoise_kjContinuousBeta_xnjNormal,21,9,SuStaIn (GMM),3,0.29453740633618103,0.9737040370703737,270.6656472802162,0.30707070707070705,0.08563226103047936,14.278620689655172,43.46052631578947,,,100,100
726,0.21,xiNearNormalWithNoise_kjContinuousBeta_xnjNormal,21,9,SuStaIn (KDE),3,0.29453740633618103,0.9737040370703737,296.7176604787509,0.30296296296296293,0.0018892667919159407,8.2,16.86842105263158,,,100,100
726,0.21,xiNearNormalWithNoise_kjContinuousBeta_xnjNormal,22,9,BebmS,3,0.0985599368832378,0.7895149514951495,92.85850941737493,0.3313131313131313,0.19244305227613276,3.966896551724138,0.06622516556291391,,,100,100
726,0.21,xiNearNormalWithNoise_kjContinuousBeta_xnjNormal,22,9,BebmS (Blind),3,0.0985599368832378,0.7895149514951495,115.54936831792196,0.3621548821548822,0.002918015581917324,6.106206896551724,0.06622516556291391,,1.0,100,100
726,0.21,xiNearNormalWithNoise_kjContinuousBeta_xnjNormal,22,9,Random Guessing,3,0.0985599368832378,0.7895149514951495,0.0,0.494004278326814,-0.002545465833541232,59.48275862068966,5.71523178807947,,1.0,100,100
726,0.21,xiNearNormalWithNoise_kjContinuousBeta_xnjNormal,22,9,SuStaIn (GMM),3,0.0985599368832378,0.7895149514951495,956.2025786479314,0.31622895622895625,0.4286077965346643,13.361379310344828,41.145695364238414,,,100,100
726,0.21,xiNearNormalWithNoise_kjContinuousBeta_xnjNormal,22,9,SuStaIn (KDE),3,0.0985599368832378,0.7895149514951495,516.1354218244553,0.330976430976431,0.16102445418702122,9.508965517241379,19.079470198675498,,,100,100
726,0.21,xiNearNormalWithNoise_kjContinuousBeta_xnjNormal,23,9,BebmS,3,0.01596107145620779,0.41251191785845254,125.39111816883087,0.30882154882154883,0.40291928092352874,6.82896551724138,0.052980132450331126,,,100,100
726,0.21,xiNearNormalWithNoise_kjContinuousBeta_xnjNormal,23,9,BebmS (Blind),3,0.01596107145620779,0.41251191785845254,159.00688993930817,0.39905723905723905,0.16043004992535287,10.609655172413794,0.033112582781456956,,0.0,100,100
726,0.21,xiNearNormalWithNoise_kjContinuousBeta_xnjNormal,23,9,Random Guessing,3,0.01596107145620779,0.41251191785845254,0.0,0.49477322163891163,-0.0025393694315076184,53.438620689655174,6.059602649006623,,0.0,100,100
726,0.21,xiNearNormalWithNoise_kjContinuousBeta_xnjNormal,23,9,SuStaIn (GMM),3,0.01596107145620779,0.41251191785845254,410.2053394516309,0.2993939393939394,0.7998879440917445,12.990344827586206,34.0,,,100,100
726,0.21,xiNearNormalWithNoise_kjContinuousBeta_xnjNormal,23,9,SuStaIn (KDE),3,0.01596107145620779,0.41251191785845254,513.694617720445,0.2828282828282828,0.41795838741816166,10.517241379310345,19.205298013245034,,,100,100
726,0.21,xiNearNormalWithNoise_kjContinuousBeta_xnjNormal,24,9,BebmS,3,0.04284353900901006,0.5252671933860052,69.06630489428838,0.2276767676767677,0.6512232462269105,4.933884297520661,0.0,,,100,100
726,0.21,xiNearNormalWithNoise_kjContinuousBeta_xnjNormal,24,9,BebmS (Blind),3,0.04284353900901006,0.5252671933860052,84.20961491266887,0.22202020202020203,0.6503863920141767,4.201101928374656,0.05333333333333334,,1.0,100,100
726,0.21,xiNearNormalWithNoise_kjContinuousBeta_xnjNormal,24,9,Random Guessing,3,0.04284353900901006,0.5252671933860052,0.0,0.4931517835305317,-0.0001452925139142568,55.68595041322314,5.8533333333333335,,1.0,100,100
726,0.21,xiNearNormalWithNoise_kjContinuousBeta_xnjNormal,24,9,SuStaIn (GMM),3,0.04284353900901006,0.5252671933860052,547.0850324749947,0.3685521885521886,0.7540474369712813,16.454545454545453,44.193333333333335,,,100,100
726,0.21,xiNearNormalWithNoise_kjContinuousBeta_xnjNormal,24,9,SuStaIn (KDE),3,0.04284353900901006,0.5252671933860052,671.3065492510796,0.301010101010101,0.3203376521447635,10.450413223140496,20.3,,,100,100
726,0.21,xiNearNormalWithNoise_kjContinuousBeta_xnjNormal,25,9,BebmS,3,0.27574025719015866,0.9751095109510951,69.46866446336111,0.383973063973064,0.005588320956698389,5.140689655172414,0.059602649006622516,,,100,100
726,0.21,xiNearNormalWithNoise_kjContinuousBeta_xnjNormal,25,9,BebmS (Blind),3,0.27574025719015866,0.9751095109510951,87.2249799132347,0.35824915824915826,0.0,3.627586206896552,0.40397350993377484,,2.0,100,100
726,0.21,xiNearNormalWithNoise_kjContinuousBeta_xnjNormal,25,9,Random Guessing,3,0.27574025719015866,0.9751095109510951,0.0,0.4819181725016355,5.569034914711294e-05,57.961379310344824,6.0927152317880795,,2.0,100,100
726,0.21,xiNearNormalWithNoise_kjContinuousBeta_xnjNormal,25,9,SuStaIn (GMM),3,0.27574025719015866,0.9751095109510951,600.7065146565437,0.27616161616161616,0.023553865081715367,10.991724137931035,32.854304635761586,,,100,100
726,0.21,xiNearNormalWithNoise_kjContinuousBeta_xnjNormal,25,9,SuStaIn (KDE),3,0.27574025719015866,0.9751095109510951,603.3000533620517,0.3448484848484849,0.011660622471611875,9.078620689655173,17.966887417218544,,,100,100
726,0.21,xiNearNormalWithNoise_kjContinuousBeta_xnjNormal,26,9,BebmS,3,0.48250244859177854,0.9897776444311098,69.28307482004166,0.3793265993265993,0.0,4.9558620689655175,0.019867549668874173,,,100,100
726,0.21,xiNearNormalWithNoise_kjContinuousBeta_xnjNormal,26,9,BebmS (Blind),3,0.48250244859177854,0.9897776444311098,86.64648324648539,0.3845791245791246,0.0,5.205517241379311,0.2119205298013245,,1.0,100,100
726,0.21,xiNearNormalWithNoise_kjContinuousBeta_xnjNormal,26,9,Random Guessing,3,0.48250244859177854,0.9897776444311098,0.0,0.5047723720441067,-0.003031420597357638,58.43448275862069,6.19205298013245,,1.0,100,100
726,0.21,xiNearNormalWithNoise_kjContinuousBeta_xnjNormal,26,9,SuStaIn (GMM),3,0.48250244859177854,0.9897776444311098,600.810780441761,0.3072053872053872,-0.002085473393234382,13.568275862068965,41.95364238410596,,,100,100
726,0.21,xiNearNormalWithNoise_kjContinuousBeta_xnjNormal,26,9,SuStaIn (KDE),3,0.48250244859177854,0.9897776444311098,653.8799714525541,0.31468013468013467,0.005469756515783284,9.804137931034482,20.556291390728475,,,100,100
726,0.21,xiNearNormalWithNoise_kjContinuousBeta_xnjNormal,27,9,BebmS,3,0.31149477263880476,0.9793099309930993,68.49240934848785,0.31016835016835015,0.02993222347660524,5.692413793103448,0.09933774834437085,,,100,100
726,0.21,xiNearNormalWithNoise_kjContinuousBeta_xnjNormal,27,9,BebmS (Blind),3,0.31149477263880476,0.9793099309930993,83.77681821982065,0.36498316498316496,-0.0019666200196662,3.6882758620689655,0.019867549668874173,,3.0,100,100
726,0.21,xiNearNormalWithNoise_kjContinuousBeta_xnjNormal,27,9,Random Guessing,3,0.31149477263880476,0.9793099309930993,0.0,0.47392067163405943,0.0013395793296705938,55.83862068965517,5.642384105960265,,3.0,100,100
726,0.21,xiNearNormalWithNoise_kjContinuousBeta_xnjNormal,27,9,SuStaIn (GMM),3,0.31149477263880476,0.9793099309930993,662.8121554414431,0.4101683501683502,0.042927792147552095,17.583448275862068,44.741721854304636,,,100,100
726,0.21,xiNearNormalWithNoise_kjContinuousBeta_xnjNormal,27,9,SuStaIn (KDE),3,0.31149477263880476,0.9793099309930993,489.5004250089327,0.27225589225589225,0.002574204454609494,9.475862068965517,19.496688741721854,,,100,100
726,0.21,xiNearNormalWithNoise_kjContinuousBeta_xnjNormal,28,9,BebmS,3,0.1492437987160215,0.8882688268826883,69.08536758025487,0.41023569023569023,-1.299922520794459e-05,6.670344827586207,0.11920529801324503,,,100,100
726,0.21,xiNearNormalWithNoise_kjContinuousBeta_xnjNormal,28,9,BebmS (Blind),3,0.1492437987160215,0.8882688268826883,83.76515872478485,0.3729292929292929,-0.00045660682603764716,5.662068965517242,0.8344370860927153,,1.0,100,100
726,0.21,xiNearNormalWithNoise_kjContinuousBeta_xnjNormal,28,9,Random Guessing,3,0.1492437987160215,0.8882688268826883,0.0,0.5024458978982921,0.0001267720074594889,56.002758620689654,6.026490066225166,,1.0,100,100
726,0.21,xiNearNormalWithNoise_kjContinuousBeta_xnjNormal,28,9,SuStaIn (GMM),3,0.1492437987160215,0.8882688268826883,690.46064560016,0.325993265993266,0.27253095782040754,12.933793103448275,36.19205298013245,,,100,100
726,0.21,xiNearNormalWithNoise_kjContinuousBeta_xnjNormal,28,9,SuStaIn (KDE),3,0.1492437987160215,0.8882688268826883,455.91692862510683,0.3101010101010101,0.02890481077142987,10.020689655172413,18.649006622516556,,,100,100
726,0.21,xiNearNormalWithNoise_kjContinuousBeta_xnjNormal,29,9,BebmS,3,0.33479713199457767,0.9813074640797413,68.45959335962931,0.3520538720538721,0.0,3.3522099447513813,0.019867549668874173,,,100,100
726,0.21,xiNearNormalWithNoise_kjContinuousBeta_xnjNormal,29,9,BebmS (Blind),3,0.33479713199457767,0.9813074640797413,82.72176429828008,0.32,0.028542757674773576,4.747237569060774,0.026490066225165563,,1.0,100,100
726,0.21,xiNearNormalWithNoise_kjContinuousBeta_xnjNormal,29,9,Random Guessing,3,0.33479713199457767,0.9813074640797413,0.0,0.5035169876986294,0.0001629858822999231,58.60220994475138,5.887417218543046,,1.0,100,100
726,0.21,xiNearNormalWithNoise_kjContinuousBeta_xnjNormal,29,9,SuStaIn (GMM),3,0.33479713199457767,0.9813074640797413,501.5591644406319,0.25380471380471387,0.03789451781886896,13.117403314917127,40.94701986754967,,,100,100
726,0.21,xiNearNormalWithNoise_kjContinuousBeta_xnjNormal,29,9,SuStaIn (KDE),3,0.33479713199457767,0.9813074640797413,575.3139498194058,0.3275420875420876,0.005244806945129318,8.925414364640885,17.801324503311257,,,100,100
726,0.21,xiNearNormalWithNoise_kjContinuousBeta_xnjNormal,30,9,BebmS,3,0.40079319614956127,0.985963929726306,81.58870352904002,0.36606060606060603,0.0,5.5296551724137935,0.08552631578947369,,,100,100
726,0.21,xiNearNormalWithNoise_kjContinuousBeta_xnjNormal,30,9,BebmS (Blind),3,0.40079319614956127,0.985963929726306,100.4812723517418,0.41239057239057236,0.0,5.611034482758621,0.25,,1.0,100,100
726,0.21,xiNearNormalWithNoise_kjContinuousBeta_xnjNormal,30,9,Random Guessing,3,0.40079319614956127,0.985963929726306,0.0,0.4830253339976654,-0.0005649611108756996,54.68,6.125,,1.0,100,100
726,0.21,xiNearNormalWithNoise_kjContinuousBeta_xnjNormal,30,9,SuStaIn (GMM),3,0.40079319614956127,0.985963929726306,170.33348963658014,0.3828282828282828,0.016680808038408934,16.118620689655174,41.42763157894737,,,100,100
726,0.21,xiNearNormalWithNoise_kjContinuousBeta_xnjNormal,30,9,SuStaIn (KDE),3,0.40079319614956127,0.985963929726306,152.9347927014033,0.31865319865319863,0.0018363977997325838,10.126896551724139,17.94078947368421,,,100,100
726,0.21,xiNearNormalWithNoise_kjContinuousBeta_xnjNormal,31,9,BebmS,3,0.3779015654579177,0.9816194952828616,70.3604383389155,0.3843097643097642,0.005233881388547591,9.318620689655173,0.046357615894039736,,,100,100
726,0.21,xiNearNormalWithNoise_kjContinuousBeta_xnjNormal,31,9,BebmS (Blind),3,0.3779015654579177,0.9816194952828616,91.78973381916681,0.37973063973063975,0.0,6.750344827586207,0.0,,2.0,100,100
726,0.21,xiNearNormalWithNoise_kjContinuousBeta_xnjNormal,31,9,Random Guessing,3,0.3779015654579177,0.9816194952828616,0.0,0.4965443681192136,0.000691488141517226,57.59310344827586,5.622516556291391,,2.0,100,100
726,0.21,xiNearNormalWithNoise_kjContinuousBeta_xnjNormal,31,9,SuStaIn (GMM),3,0.3779015654579177,0.9816194952828616,291.2137084444364,0.3426262626262626,0.022068242444178623,13.419310344827586,37.913907284768214,,,100,100
726,0.21,xiNearNormalWithNoise_kjContinuousBeta_xnjNormal,31,9,SuStaIn (KDE),3,0.3779015654579177,0.9816194952828616,216.41019170284272,0.33131313131313134,0.011659408627051641,9.553103448275863,16.635761589403973,,,100,100
726,0.21,xiNearNormalWithNoise_kjContinuousBeta_xnjNormal,32,9,BebmS,3,0.09941663941322726,0.8348821548821549,69.04656715393067,0.296026936026936,0.1520891010584688,8.355862068965518,0.0,,,100,100
726,0.21,xiNearNormalWithNoise_kjContinuousBeta_xnjNormal,32,9,BebmS (Blind),3,0.09941663941322726,0.8348821548821549,86.46874867677688,0.3022222222222222,0.17594303802243833,5.827586206896552,0.2185430463576159,,3.0,100,100
726,0.21,xiNearNormalWithNoise_kjContinuousBeta_xnjNormal,32,9,Random Guessing,3,0.09941663941322726,0.8348821548821549,0.0,0.49923639732347674,0.001123802085555792,57.12551724137931,6.403973509933775,,3.0,100,100
726,0.21,xiNearNormalWithNoise_kjContinuousBeta_xnjNormal,32,9,SuStaIn (GMM),3,0.09941663941322726,0.8348821548821549,414.31678620179497,0.31777777777777777,0.8094086158714549,16.427586206896553,44.370860927152314,,,100,100
726,0.21,xiNearNormalWithNoise_kjContinuousBeta_xnjNormal,32,9,SuStaIn (KDE),3,0.09941663941322726,0.8348821548821549,333.2216368198395,0.3673400673400673,0.003199322519503266,12.372413793103448,23.37748344370861,,,100,100
726,0.21,xiNearNormalWithNoise_kjContinuousBeta_xnjNormal,33,9,BebmS,3,0.14637643973235687,0.9004300430043004,82.36013854344687,0.37427609427609426,0.004373335735441842,4.742424242424242,0.0,,,100,100
726,0.21,xiNearNormalWithNoise_kjContinuousBeta_xnjNormal,33,9,BebmS (Blind),3,0.14637643973235687,0.9004300430043004,101.79171202580135,0.3907070707070707,0.0,5.378787878787879,0.02666666666666667,,3.0,100,100
726,0.21,xiNearNormalWithNoise_kjContinuousBeta_xnjNormal,33,9,Random Guessing,3,0.14637643973235687,0.9004300430043004,0.0,0.4913838239003518,-0.0007911501679309454,60.29338842975206,5.96,,3.0,100,100
726,0.21,xiNearNormalWithNoise_kjContinuousBeta_xnjNormal,33,9,SuStaIn (GMM),3,0.14637643973235687,0.9004300430043004,513.531271425883,0.3392592592592593,0.10768822866743864,14.881542699724518,43.04,,,100,100
726,0.21,xiNearNormalWithNoise_kjContinuousBeta_xnjNormal,33,9,SuStaIn (KDE),3,0.14637643973235687,0.9004300430043004,612.5677290558815,0.3527946127946128,0.0012050725155462185,8.753443526170798,16.386666666666667,,,100,100
726,0.21,xiNearNormalWithNoise_kjContinuousBeta_xnjNormal,34,9,BebmS,3,0.1696731178432948,0.9131833183318332,139.87890197436016,0.41979797979797984,0.0,6.140689655172414,0.0,,,100,100
726,0.21,xiNearNormalWithNoise_kjContinuousBeta_xnjNormal,34,9,BebmS (Blind),3,0.1696731178432948,0.9131833183318332,171.7441592335701,0.35569023569023567,0.0,4.932413793103448,0.07947019867549669,,0.0,100,100
726,0.21,xiNearNormalWithNoise_kjContinuousBeta_xnjNormal,34,9,Random Guessing,3,0.1696731178432948,0.9131833183318332,0.0,0.49221224236829864,-0.0024740881764706525,56.54206896551724,6.3509933774834435,,0.0,100,100
726,0.21,xiNearNormalWithNoise_kjContinuousBeta_xnjNormal,34,9,SuStaIn (GMM),3,0.1696731178432948,0.9131833183318332,1061.3058136463164,0.3773063973063973,0.1866892369489589,15.162758620689655,39.503311258278146,,,100,100
726,0.21,xiNearNormalWithNoise_kjContinuousBeta_xnjNormal,34,9,SuStaIn (KDE),3,0.1696731178432948,0.9131833183318332,290.2421131412188,0.3322558922558923,0.009422579876832352,11.035862068965518,18.99337748344371,,,100,100
726,0.21,xiNearNormalWithNoise_kjContinuousBeta_xnjNormal,35,9,BebmS,3,0.4019267377864496,0.9882201553488682,79.66769038041433,0.36599326599326604,0.0,2.5917241379310343,0.0,,,100,100
726,0.21,xiNearNormalWithNoise_kjContinuousBeta_xnjNormal,35,9,BebmS (Blind),3,0.4019267377864496,0.9882201553488682,91.04305395285289,0.34215488215488216,0.0,3.6206896551724137,0.3576158940397351,,2.0,100,100
726,0.21,xiNearNormalWithNoise_kjContinuousBeta_xnjNormal,35,9,Random Guessing,3,0.4019267377864496,0.9882201553488682,0.0,0.504191438792429,0.003601401591507544,57.84551724137931,5.7947019867549665,,2.0,100,100
726,0.21,xiNearNormalWithNoise_kjContinuousBeta_xnjNormal,35,9,SuStaIn (GMM),3,0.4019267377864496,0.9882201553488682,332.01818417310716,0.343973063973064,0.04059388885443538,12.637241379310344,39.83443708609271,,,100,100
726,0.21,xiNearNormalWithNoise_kjContinuousBeta_xnjNormal,35,9,SuStaIn (KDE),3,0.4019267377864496,0.9882201553488682,337.3386954387029,0.30296296296296293,0.01858409760474529,10.54896551724138,19.364238410596027,,,100,100
726,0.21,xiNearNormalWithNoise_kjContinuousBeta_xnjNormal,36,9,BebmS,3,0.4093314403590327,0.9891775844251092,110.42188059886297,0.3572390572390572,0.0,2.8758620689655174,0.026490066225165563,,,100,100
726,0.21,xiNearNormalWithNoise_kjContinuousBeta_xnjNormal,36,9,BebmS (Blind),3,0.4093314403590327,0.9891775844251092,131.54122295777003,0.38983164983164986,0.0,6.897931034482759,0.1456953642384106,,1.0,100,100
726,0.21,xiNearNormalWithNoise_kjContinuousBeta_xnjNormal,36,9,Random Guessing,3,0.4093314403590327,0.9891775844251092,0.0,0.4944606338227658,0.0003820351590596428,56.29103448275862,5.947019867549669,,1.0,100,100
726,0.21,xiNearNormalWithNoise_kjContinuousBeta_xnjNormal,36,9,SuStaIn (GMM),3,0.4093314403590327,0.9891775844251092,642.5416062116623,0.38599326599326594,0.002736808745848113,16.497931034482757,41.90728476821192,,,100,100
726,0.21,xiNearNormalWithNoise_kjContinuousBeta_xnjNormal,36,9,SuStaIn (KDE),3,0.4093314403590327,0.9891775844251092,417.18439437150954,0.24915824915824913,8.66251678491449e-05,7.875862068965517,16.0,,,100,100
726,0.21,xiNearNormalWithNoise_kjContinuousBeta_xnjNormal,37,9,BebmS,3,0.3349331218784004,0.9837903790379038,69.94007583459218,0.33286195286195286,0.0,2.9366391184573004,0.0,,,100,100
726,0.21,xiNearNormalWithNoise_kjContinuousBeta_xnjNormal,37,9,BebmS (Blind),3,0.3349331218784004,0.9837903790379038,84.67904435793558,0.41461279461279466,0.0,5.96969696969697,0.14,,2.0,100,100
726,0.21,xiNearNormalWithNoise_kjContinuousBeta_xnjNormal,37,9,Random Guessing,3,0.3349331218784004,0.9837903790379038,0.0,0.48686475673476126,0.00028395602407433224,58.41460055096419,6.346666666666667,,2.0,100,100
726,0.21,xiNearNormalWithNoise_kjContinuousBeta_xnjNormal,37,9,SuStaIn (GMM),3,0.3349331218784004,0.9837903790379038,234.27290012836457,0.3501010101010101,0.035398329917838874,15.942148760330578,43.04,,,100,100
726,0.21,xiNearNormalWithNoise_kjContinuousBeta_xnjNormal,37,9,SuStaIn (KDE),3,0.3349331218784004,0.9837903790379038,188.32915059725443,0.2893602693602693,0.00460006250387642,9.630853994490359,17.893333333333334,,,100,100
726,0.21,xiNearNormalWithNoise_kjContinuousBeta_xnjNormal,38,9,BebmS,3,0.08727398662124713,0.8125999266593326,69.92901457150778,0.3507744107744108,0.0675105486182161,7.369655172413793,0.046052631578947366,,,100,100
726,0.21,xiNearNormalWithNoise_kjContinuousBeta_xnjNormal,38,9,BebmS (Blind),3,0.08727398662124713,0.8125999266593326,86.63430084387461,0.3079461279461279,0.3221409345948081,5.977931034482759,0.3092105263157895,,1.0,100,100
726,0.21,xiNearNormalWithNoise_kjContinuousBeta_xnjNormal,38,9,Random Guessing,3,0.08727398662124713,0.8125999266593326,0.0,0.49286704487842564,-0.0016074551589879298,56.70758620689655,5.973684210526316,,1.0,100,100
726,0.21,xiNearNormalWithNoise_kjContinuousBeta_xnjNormal,38,9,SuStaIn (GMM),3,0.08727398662124713,0.8125999266593326,613.327709988753,0.3463973063973064,0.6502444272184061,15.511724137931035,40.0921052631579,,,100,100
726,0.21,xiNearNormalWithNoise_kjContinuousBeta_xnjNormal,38,9,SuStaIn (KDE),3,0.08727398662124713,0.8125999266593326,553.0742616613705,0.29016835016835013,0.05635398147263214,9.251034482758621,17.875,,,100,100
726,0.21,xiNearNormalWithNoise_kjContinuousBeta_xnjNormal,39,9,BebmS,3,0.39355825500951813,0.9829209587625429,70.09852434794108,0.38343434343434346,0.0,4.433103448275862,0.0,,,100,100
726,0.21,xiNearNormalWithNoise_kjContinuousBeta_xnjNormal,39,9,BebmS (Blind),3,0.39355825500951813,0.9829209587625429,85.15873821576436,0.3602693602693603,-0.001635086747339482,2.5986206896551725,0.40397350993377484,,0.0,100,100
726,0.21,xiNearNormalWithNoise_kjContinuousBeta_xnjNormal,39,9,Random Guessing,3,0.39355825500951813,0.9829209587625429,0.0,0.5057499797193311,-0.0008906191888451413,59.779310344827586,6.211920529801325,,0.0,100,100
726,0.21,xiNearNormalWithNoise_kjContinuousBeta_xnjNormal,39,9,SuStaIn (GMM),3,0.39355825500951813,0.9829209587625429,720.7957931041717,0.37777777777777777,0.1361161693153046,15.619310344827586,44.05960264900662,,,100,100
726,0.21,xiNearNormalWithNoise_kjContinuousBeta_xnjNormal,39,9,SuStaIn (KDE),3,0.39355825500951813,0.9829209587625429,475.50435300270715,0.29818181818181816,0.015872052579700462,8.38896551724138,16.821192052980134,,,100,100
726,0.21,xiNearNormalWithNoise_kjContinuousBeta_xnjNormal,40,9,BebmS,3,0.42510403308313977,0.9882361569490282,69.56233181953431,0.3542087542087542,0.0,3.179310344827586,0.0,,,100,100
726,0.21,xiNearNormalWithNoise_kjContinuousBeta_xnjNormal,40,9,BebmS (Blind),3,0.42510403308313977,0.9882361569490282,84.3894584774971,0.3563636363636364,0.0,2.6620689655172414,0.08609271523178808,,2.0,100,100
726,0.21,xiNearNormalWithNoise_kjContinuousBeta_xnjNormal,40,9,Random Guessing,3,0.42510403308313977,0.9882361569490282,0.0,0.49418034582612047,0.0008207274063305967,58.02068965517241,5.549668874172186,,2.0,100,100
726,0.21,xiNearNormalWithNoise_kjContinuousBeta_xnjNormal,40,9,SuStaIn (GMM),3,0.42510403308313977,0.9882361569490282,618.1623451511065,0.33104377104377103,0.006287079300686644,14.117241379310345,40.324503311258276,,,100,100
726,0.21,xiNearNormalWithNoise_kjContinuousBeta_xnjNormal,40,9,SuStaIn (KDE),3,0.42510403308313977,0.9882361569490282,537.7737795352936,0.3417508417508417,0.0018711559056684942,11.099310344827586,23.079470198675498,,,100,100
726,0.21,xiNearNormalWithNoise_kjContinuousBeta_xnjNormal,41,9,BebmS,3,0.12622717884364876,0.897960462712938,71.20038363536199,0.3591245791245791,0.0,3.2855172413793103,0.026490066225165563,,,100,100
726,0.21,xiNearNormalWithNoise_kjContinuousBeta_xnjNormal,41,9,BebmS (Blind),3,0.12622717884364876,0.897960462712938,89.69904571771622,0.3857912457912458,0.0,3.681379310344828,0.08609271523178808,,2.0,100,100
726,0.21,xiNearNormalWithNoise_kjContinuousBeta_xnjNormal,41,9,Random Guessing,3,0.12622717884364876,0.897960462712938,0.0,0.48973804693227013,0.001007883445296797,60.23172413793103,5.860927152317881,,2.0,100,100
726,0.21,xiNearNormalWithNoise_kjContinuousBeta_xnjNormal,41,9,SuStaIn (GMM),3,0.12622717884364876,0.897960462712938,680.4345162192981,0.3678114478114478,0.09779875997837717,14.537931034482758,45.05960264900662,,,100,100
726,0.21,xiNearNormalWithNoise_kjContinuousBeta_xnjNormal,41,9,SuStaIn (KDE),3,0.12622717884364876,0.897960462712938,413.0149780631065,0.28033670033670033,0.0249265039811353,9.04,17.814569536423843,,,100,100
726,0.21,xiNearNormalWithNoise_kjContinuousBeta_xnjNormal,42,9,BebmS,3,0.3096640154302122,0.9748321498816548,79.17255922158559,0.40101010101010104,0.0,5.308539944903581,0.02666666666666667,,,100,100
726,0.21,xiNearNormalWithNoise_kjContinuousBeta_xnjNormal,42,9,BebmS (Blind),3,0.3096640154302122,0.9748321498816548,101.0067274371783,0.35535353535353537,0.0,4.319559228650138,0.02666666666666667,,1.0,100,100
726,0.21,xiNearNormalWithNoise_kjContinuousBeta_xnjNormal,42,9,Random Guessing,3,0.3096640154302122,0.9748321498816548,0.0,0.518626148779802,-0.0023679080878245226,60.13636363636363,6.233333333333333,,1.0,100,100
726,0.21,xiNearNormalWithNoise_kjContinuousBeta_xnjNormal,42,9,SuStaIn (GMM),3,0.3096640154302122,0.9748321498816548,328.5965767621994,0.34175084175084175,0.07783093637635374,13.796143250688706,40.873333333333335,,,100,100
726,0.21,xiNearNormalWithNoise_kjContinuousBeta_xnjNormal,42,9,SuStaIn (KDE),3,0.3096640154302122,0.9748321498816548,298.56680608590443,0.289023569023569,0.016230876412343352,8.505509641873278,17.413333333333334,,,100,100
726,0.21,xiNearNormalWithNoise_kjContinuousBeta_xnjNormal,43,9,BebmS,3,0.05560827258801341,0.6135533553355336,69.57975213925043,0.27218855218855215,0.6117080077727998,3.073103448275862,0.006622516556291391,,,100,100
726,0.21,xiNearNormalWithNoise_kjContinuousBeta_xnjNormal,43,9,BebmS (Blind),3,0.05560827258801341,0.6135533553355336,84.86845916509628,0.31003367003367005,0.32824419761177276,4.04,0.12582781456953643,,3.0,100,100
726,0.21,xiNearNormalWithNoise_kjContinuousBeta_xnjNormal,43,9,Random Guessing,3,0.05560827258801341,0.6135533553355336,0.0,0.4907343310656674,-0.0022672174193733977,58.85241379310345,6.6158940397351,,3.0,100,100
726,0.21,xiNearNormalWithNoise_kjContinuousBeta_xnjNormal,43,9,SuStaIn (GMM),3,0.05560827258801341,0.6135533553355336,681.761964515845,0.3222895622895623,0.6855151257109006,13.310344827586206,40.52317880794702,,,100,100
726,0.21,xiNearNormalWithNoise_kjContinuousBeta_xnjNormal,43,9,SuStaIn (KDE),3,0.05560827258801341,0.6135533553355336,513.7472888906797,0.30289562289562294,0.3045694907650511,10.015172413793103,19.649006622516556,,,100,100
726,0.21,xiNearNormalWithNoise_kjContinuousBeta_xnjNormal,44,9,BebmS,3,0.32986677120666125,0.9825155848918226,69.66662034193675,0.36013468013468014,0.0019313200744815592,3.668044077134986,0.02,,,100,100
726,0.21,xiNearNormalWithNoise_kjContinuousBeta_xnjNormal,44,9,BebmS (Blind),3,0.32986677120666125,0.9825155848918226,84.82225530544916,0.38074074074074077,0.0,5.681818181818182,0.06,,1.0,100,100
726,0.21,xiNearNormalWithNoise_kjContinuousBeta_xnjNormal,44,9,Random Guessing,3,0.32986677120666125,0.9825155848918226,0.0,0.49040181580940656,-0.0007346004890874614,59.19972451790633,5.64,,1.0,100,100
726,0.21,xiNearNormalWithNoise_kjContinuousBeta_xnjNormal,44,9,SuStaIn (GMM),3,0.32986677120666125,0.9825155848918226,634.0533621430397,0.39010101010101006,6.920782290212858e-05,17.816804407713498,48.7,,,100,100
726,0.21,xiNearNormalWithNoise_kjContinuousBeta_xnjNormal,44,9,SuStaIn (KDE),3,0.32986677120666125,0.9825155848918226,534.475898083051,0.3263973063973064,-0.002631552114229776,8.902203856749312,17.973333333333333,,,100,100
726,0.21,xiNearNormalWithNoise_kjContinuousBeta_xnjNormal,45,9,BebmS,3,0.054005633687655354,0.6043257659099244,73.7888886610667,0.3802693602693603,0.00455440747630569,6.23448275862069,0.0,,,100,100
726,0.21,xiNearNormalWithNoise_kjContinuousBeta_xnjNormal,45,9,BebmS (Blind),3,0.054005633687655354,0.6043257659099244,96.3030285358429,0.3495622895622896,0.018558650443101506,5.744827586206896,0.06,,3.0,100,100
726,0.21,xiNearNormalWithNoise_kjContinuousBeta_xnjNormal,45,9,Random Guessing,3,0.054005633687655354,0.6043257659099244,0.0,0.49171760634538303,0.0003590794925925224,57.74758620689655,5.413333333333333,,3.0,100,100
726,0.21,xiNearNormalWithNoise_kjContinuousBeta_xnjNormal,45,9,SuStaIn (GMM),3,0.054005633687655354,0.6043257659099244,426.09050052960714,0.3778451178451179,0.7058599113923569,16.433103448275862,42.76,,,100,100
726,0.21,xiNearNormalWithNoise_kjContinuousBeta_xnjNormal,45,9,SuStaIn (KDE),3,0.054005633687655354,0.6043257659099244,348.16926425298055,0.37535353535353533,0.17901013692516016,11.386206896551725,22.246666666666666,,,100,100
726,0.21,xiNearNormalWithNoise_kjContinuousBeta_xnjNormal,46,9,BebmS,3,0.03658639588355869,0.46645064506450645,109.09472351868948,0.21952861952861955,0.41280693712834055,5.052413793103448,0.0,,,100,100
726,0.21,xiNearNormalWithNoise_kjContinuousBeta_xnjNormal,46,9,BebmS (Blind),3,0.03658639588355869,0.46645064506450645,134.19509532848994,0.2987205387205387,0.5043919949529871,8.004137931034483,0.423841059602649,,1.0,100,100
726,0.21,xiNearNormalWithNoise_kjContinuousBeta_xnjNormal,46,9,Random Guessing,3,0.03658639588355869,0.46645064506450645,0.0,0.47998271824238387,-0.001579178561138563,58.070344827586204,6.099337748344371,,1.0,100,100
726,0.21,xiNearNormalWithNoise_kjContinuousBeta_xnjNormal,46,9,SuStaIn (GMM),3,0.03658639588355869,0.46645064506450645,454.98954108158745,0.35454545454545455,0.5246433158516028,15.34896551724138,39.854304635761586,,,100,100
726,0.21,xiNearNormalWithNoise_kjContinuousBeta_xnjNormal,46,9,SuStaIn (KDE),3,0.03658639588355869,0.46645064506450645,328.55452934106194,0.2775757575757576,0.39373066564850123,9.2,18.039735099337747,,,100,100
726,0.21,xiNearNormalWithNoise_kjContinuousBeta_xnjNormal,47,9,BebmS,3,0.3205667975571008,0.9788698869886989,69.41355325778325,0.3793939393939394,0.0,2.7379310344827585,0.0,,,100,100
726,0.21,xiNearNormalWithNoise_kjContinuousBeta_xnjNormal,47,9,BebmS (Blind),3,0.3205667975571008,0.9788698869886989,84.89917995532353,0.36013468013468014,0.0,3.4455172413793105,0.059602649006622516,,2.0,100,100
726,0.21,xiNearNormalWithNoise_kjContinuousBeta_xnjNormal,47,9,Random Guessing,3,0.3205667975571008,0.9788698869886989,0.0,0.5056866245813644,-0.0007981462640597297,57.93241379310345,5.033112582781457,,2.0,100,100
726,0.21,xiNearNormalWithNoise_kjContinuousBeta_xnjNormal,47,9,SuStaIn (GMM),3,0.3205667975571008,0.9788698869886989,180.64611277182897,0.37326599326599325,0.046040780534476675,17.60965517241379,50.76158940397351,,,100,100
726,0.21,xiNearNormalWithNoise_kjContinuousBeta_xnjNormal,47,9,SuStaIn (KDE),3,0.3205667975571008,0.9788698869886989,192.4278390367826,0.3342760942760943,-0.0028367703238510746,8.579310344827586,15.801324503311259,,,100,100
726,0.21,xiNearNormalWithNoise_kjContinuousBeta_xnjNormal,48,9,BebmS,3,0.16237752507780479,0.9314198086475314,74.05864382187525,0.383030303030303,0.0,6.573793103448276,0.013245033112582781,,,100,100
726,0.21,xiNearNormalWithNoise_kjContinuousBeta_xnjNormal,48,9,BebmS (Blind),3,0.16237752507780479,0.9314198086475314,91.23699937661489,0.3837037037037037,0.0,5.402758620689655,1.3841059602649006,,1.0,100,100
726,0.21,xiNearNormalWithNoise_kjContinuousBeta_xnjNormal,48,9,Random Guessing,3,0.16237752507780479,0.9314198086475314,0.0,0.4989322418478597,-0.0001718598136238092,57.009655172413794,6.231788079470198,,1.0,100,100
726,0.21,xiNearNormalWithNoise_kjContinuousBeta_xnjNormal,48,9,SuStaIn (GMM),3,0.16237752507780479,0.9314198086475314,618.9129585544268,0.3824915824915825,0.314833951251623,17.830344827586206,48.21854304635762,,,100,100
726,0.21,xiNearNormalWithNoise_kjContinuousBeta_xnjNormal,48,9,SuStaIn (KDE),3,0.16237752507780479,0.9314198086475314,532.8834726452827,0.29569023569023567,0.0075762241251181505,10.252413793103448,19.370860927152318,,,100,100
726,0.21,xiNearNormalWithNoise_kjContinuousBeta_xnjNormal,49,9,BebmS,3,0.4185602596038645,0.9863079641297463,70.00232648054758,0.32707070707070707,0.004614202168322415,3.4110344827586205,0.046357615894039736,,,100,100
726,0.21,xiNearNormalWithNoise_kjContinuousBeta_xnjNormal,49,9,BebmS (Blind),3,0.4185602596038645,0.9863079641297463,85.13170988162359,0.37542087542087543,0.0,5.308965517241379,0.039735099337748346,,2.0,100,100
726,0.21,xiNearNormalWithNoise_kjContinuousBeta_xnjNormal,49,9,Random Guessing,3,0.4185602596038645,0.9863079641297463,0.0,0.5056856383491742,-0.0025317150723169375,57.4151724137931,6.052980132450331,,2.0,100,100
726,0.21,xiNearNormalWithNoise_kjContinuousBeta_xnjNormal,49,9,SuStaIn (GMM),3,0.4185602596038645,0.9863079641297463,116.54374321301778,0.35548821548821546,0.005480058569881092,15.42206896551724,41.28476821192053,,,100,100
726,0.21,xiNearNormalWithNoise_kjContinuousBeta_xnjNormal,49,9,SuStaIn (KDE),3,0.4185602596038645,0.9863079641297463,115.92197323242823,0.27737373737373733,0.008504130661583667,8.65793103448276,17.635761589403973,,,100,100
