J,R,E,M,E_Num,algo,n_subtypes,mallows_temperature,kendalls_w,runtime,kendalls_tau,subtype_acc,stage_mae,mean_stage_healthy,runtime_cross_validation,absolute_error_n_subtypes,relative_error,correct_bool
726,0.21,sn_kjContinuousBeta_xnjNonNormal,0,7,BebmS,3,0.1921447463184054,0.951837850451712,109.02031593322754,0.3966329966329966,0.0,10.437241379310343,0.0,,,100,100
726,0.21,sn_kjContinuousBeta_xnjNonNormal,0,7,BebmS (Blind),3,0.1921447463184054,0.951837850451712,116.41518284479776,0.3672727272727272,0.0,7.517241379310345,1.304635761589404,,0.0,100,100
726,0.21,sn_kjContinuousBeta_xnjNonNormal,0,7,Random Guessing,3,0.1921447463184054,0.951837850451712,0.0,0.5019740425025653,0.0061323662080195,52.54206896551724,5.801324503311259,,0.0,100,100
726,0.21,sn_kjContinuousBeta_xnjNonNormal,0,7,SuStaIn (GMM),3,0.1921447463184054,0.951837850451712,262.1627210299174,0.4678787878787879,0.0054694626782655,17.76,47.01324503311258,,,100,100
726,0.21,sn_kjContinuousBeta_xnjNonNormal,0,7,SuStaIn (KDE),3,0.1921447463184054,0.951837850451712,317.6659275054932,0.3741414141414141,-0.0005905091289662,14.36551724137931,37.15231788079471,,,100,100
726,0.21,sn_kjContinuousBeta_xnjNonNormal,1,7,BebmS,3,0.2036203981672507,0.9621775510884422,70.9244612455368,0.4198653198653199,-0.0002372634076214,9.29103448275862,0.0728476821192053,,,100,100
726,0.21,sn_kjContinuousBeta_xnjNonNormal,1,7,BebmS (Blind),3,0.2036203981672507,0.9621775510884422,87.43306851387024,0.412053872053872,0.0,7.517241379310345,0.5364238410596026,,2.0,100,100
726,0.21,sn_kjContinuousBeta_xnjNonNormal,1,7,Random Guessing,3,0.2036203981672507,0.9621775510884422,0.0,0.499228961677584,0.0025605621086059,53.74344827586207,6.2052980132450335,,2.0,100,100
726,0.21,sn_kjContinuousBeta_xnjNonNormal,1,7,SuStaIn (GMM),3,0.2036203981672507,0.9621775510884422,127.80141785939534,0.5257912457912458,0.0016535212557829,19.517241379310345,49.3046357615894,,,100,100
726,0.21,sn_kjContinuousBeta_xnjNonNormal,1,7,SuStaIn (KDE),3,0.2036203981672507,0.9621775510884422,135.81246106227238,0.4593939393939394,0.0003162491580577,15.364137931034485,33.29139072847682,,,100,100
726,0.21,sn_kjContinuousBeta_xnjNonNormal,2,7,BebmS,3,0.2282565189358859,0.9601746841350802,71.58199885686238,0.4008080808080808,-0.0016515947719858,14.04551724137931,0.1655629139072847,,,100,100
726,0.21,sn_kjContinuousBeta_xnjNonNormal,2,7,BebmS (Blind),3,0.2282565189358859,0.9601746841350802,101.18701949516932,0.4173737373737373,0.0,9.73103448275862,2.0927152317880795,,0.0,100,100
726,0.21,sn_kjContinuousBeta_xnjNonNormal,2,7,Random Guessing,3,0.2282565189358859,0.9601746841350802,0.0,0.4851037381547314,-0.0023718505078322,52.43724137931034,5.814569536423841,,0.0,100,100
726,0.21,sn_kjContinuousBeta_xnjNonNormal,2,7,SuStaIn (GMM),3,0.2282565189358859,0.9601746841350802,470.02758370637895,0.4958249158249159,0.0028324667654363,17.71448275862069,48.35099337748344,,,100,100
726,0.21,sn_kjContinuousBeta_xnjNonNormal,2,7,SuStaIn (KDE),3,0.2282565189358859,0.9601746841350802,561.1055063843727,0.3377104377104377,0.0007479153275759,11.899310344827589,26.125827814569536,,,100,100
726,0.21,sn_kjContinuousBeta_xnjNonNormal,3,7,BebmS,3,0.0583148052362823,0.6535360202686935,68.39478937784831,0.3569023569023569,0.5650804296997015,7.794482758620689,0.0666666666666666,,,100,100
726,0.21,sn_kjContinuousBeta_xnjNonNormal,3,7,BebmS (Blind),3,0.0583148052362823,0.6535360202686935,84.40280711253484,0.3555555555555555,-0.0073043395585652,12.944827586206896,1.0933333333333333,,3.0,100,100
726,0.21,sn_kjContinuousBeta_xnjNonNormal,3,7,Random Guessing,3,0.0583148052362823,0.6535360202686935,0.0,0.4769246946397867,-0.0022239430076311,52.528275862068966,6.126666666666667,,3.0,100,100
726,0.21,sn_kjContinuousBeta_xnjNonNormal,3,7,SuStaIn (GMM),3,0.0583148052362823,0.6535360202686935,505.4103311379751,0.463030303030303,0.1385224164129338,17.50344827586207,45.766666666666666,,,100,100
726,0.21,sn_kjContinuousBeta_xnjNonNormal,3,7,SuStaIn (KDE),3,0.0583148052362823,0.6535360202686935,578.6849929610888,0.4472053872053872,0.0353955622944593,14.808275862068966,32.986666666666665,,,100,100
726,0.21,sn_kjContinuousBeta_xnjNonNormal,4,7,BebmS,3,0.08873540285879,0.7707664099743308,68.67676409085591,0.3967676767676768,0.0028714112429229,7.9944827586206895,0.0198675496688741,,,100,100
726,0.21,sn_kjContinuousBeta_xnjNonNormal,4,7,BebmS (Blind),3,0.08873540285879,0.7707664099743308,83.20178124507268,0.3792592592592592,0.0509996870647868,11.184827586206897,1.0662251655629138,,2.0,100,100
726,0.21,sn_kjContinuousBeta_xnjNonNormal,4,7,Random Guessing,3,0.08873540285879,0.7707664099743308,0.0,0.50306409423998,-0.0023634695825492,52.08827586206897,6.158940397350993,,2.0,100,100
726,0.21,sn_kjContinuousBeta_xnjNonNormal,4,7,SuStaIn (GMM),3,0.08873540285879,0.7707664099743308,497.559516175588,0.4914478114478114,0.2391107550950657,21.29241379310345,55.47019867549669,,,100,100
726,0.21,sn_kjContinuousBeta_xnjNonNormal,4,7,SuStaIn (KDE),3,0.08873540285879,0.7707664099743308,527.8535911083221,0.4718518518518519,0.0219902714358692,15.875862068965516,35.205298013245034,,,100,100
726,0.21,sn_kjContinuousBeta_xnjNonNormal,5,7,BebmS,3,0.3063283949555105,0.9788725539220589,69.08333387374878,0.3738047138047138,0.0003930354485872,10.90495867768595,0.0,,,100,100
726,0.21,sn_kjContinuousBeta_xnjNonNormal,5,7,BebmS (Blind),3,0.3063283949555105,0.9788725539220589,84.2879223426183,0.4337373737373737,0.0005148655437547,12.21900826446281,2.546666666666667,,3.0,100,100
726,0.21,sn_kjContinuousBeta_xnjNonNormal,5,7,Random Guessing,3,0.3063283949555105,0.9788725539220589,0.0,0.4877533355097589,0.0009575242170333,52.99173553719008,6.8533333333333335,,3.0,100,100
726,0.21,sn_kjContinuousBeta_xnjNonNormal,5,7,SuStaIn (GMM),3,0.3063283949555105,0.9788725539220589,486.26048853397367,0.4116498316498316,0.021873797362006,16.133608815426996,45.56,,,100,100
726,0.21,sn_kjContinuousBeta_xnjNonNormal,5,7,SuStaIn (KDE),3,0.3063283949555105,0.9788725539220589,514.3997591813405,0.4287542087542087,-0.0006529666823266,13.260330578512397,25.28,,,100,100
726,0.21,sn_kjContinuousBeta_xnjNonNormal,6,7,BebmS,3,0.1732576316383604,0.9313958062472912,104.5090826233228,0.4127946127946127,0.0,9.27961432506887,0.119205298013245,,,100,100
726,0.21,sn_kjContinuousBeta_xnjNonNormal,6,7,BebmS (Blind),3,0.1732576316383604,0.9313958062472912,130.7361441453298,0.3884175084175084,-0.0031577501701058,9.037190082644628,1.827814569536424,,1.0,100,100
726,0.21,sn_kjContinuousBeta_xnjNonNormal,6,7,Random Guessing,3,0.1732576316383604,0.9313958062472912,0.0,0.498159635303836,-0.001238563623497,52.91184573002755,6.158940397350993,,1.0,100,100
726,0.21,sn_kjContinuousBeta_xnjNonNormal,6,7,SuStaIn (GMM),3,0.1732576316383604,0.9313958062472912,252.1084046840668,0.404040404040404,0.0005448260867792,18.65564738292011,44.615894039735096,,,100,100
726,0.21,sn_kjContinuousBeta_xnjNonNormal,6,7,SuStaIn (KDE),3,0.1732576316383604,0.9313958062472912,289.7603186647097,0.41003367003367,0.0022367196799775,12.24517906336088,25.04635761589404,,,100,100
726,0.21,sn_kjContinuousBeta_xnjNonNormal,7,7,BebmS,3,0.072690892314524,0.7295889588958896,69.60240867932637,0.3079461279461279,0.4886770109493656,5.8911845730027546,0.1466666666666666,,,100,100
726,0.21,sn_kjContinuousBeta_xnjNonNormal,7,7,BebmS (Blind),3,0.072690892314524,0.7295889588958896,85.42580578724544,0.3902356902356902,0.000382331417412,7.6652892561983474,2.08,,1.0,100,100
726,0.21,sn_kjContinuousBeta_xnjNonNormal,7,7,Random Guessing,3,0.072690892314524,0.7295889588958896,0.0,0.4986027635118293,0.0020377197704353,52.96969696969697,6.02,,1.0,100,100
726,0.21,sn_kjContinuousBeta_xnjNonNormal,7,7,SuStaIn (GMM),3,0.072690892314524,0.7295889588958896,525.9927642424901,0.4656565656565656,0.049268532639688,17.28374655647383,45.81333333333333,,,100,100
726,0.21,sn_kjContinuousBeta_xnjNonNormal,7,7,SuStaIn (KDE),3,0.072690892314524,0.7295889588958896,513.9716493209203,0.4442424242424242,0.1742977054851024,14.960055096418731,32.08,,,100,100
726,0.21,sn_kjContinuousBeta_xnjNonNormal,8,7,BebmS,3,0.1057681626111554,0.8587458745874588,69.45329492092132,0.4103030303030303,0.2867621298668975,10.361379310344828,0.3178807947019867,,,100,100
726,0.21,sn_kjContinuousBeta_xnjNonNormal,8,7,BebmS (Blind),3,0.1057681626111554,0.8587458745874588,86.31307708024978,0.3690909090909091,-0.0014865751332369,8.18206896551724,0.5960264900662252,,2.0,100,100
726,0.21,sn_kjContinuousBeta_xnjNonNormal,8,7,Random Guessing,3,0.1057681626111554,0.8587458745874588,0.0,0.504983991529082,-0.0003790682270954,52.98620689655172,6.635761589403973,,2.0,100,100
726,0.21,sn_kjContinuousBeta_xnjNonNormal,8,7,SuStaIn (GMM),3,0.1057681626111554,0.8587458745874588,484.2706447203954,0.4586531986531987,0.0547284496382206,17.97241379310345,50.23841059602649,,,100,100
726,0.21,sn_kjContinuousBeta_xnjNonNormal,8,7,SuStaIn (KDE),3,0.1057681626111554,0.8587458745874588,521.0424616654714,0.4575084175084175,-0.0019893988400559,15.766896551724138,32.443708609271525,,,100,100
726,0.21,sn_kjContinuousBeta_xnjNonNormal,9,7,BebmS,3,0.1165551726923526,0.8759049238257159,69.94909828503927,0.3855218855218855,0.0778137870511539,9.37465564738292,0.1986754966887417,,,100,100
726,0.21,sn_kjContinuousBeta_xnjNonNormal,9,7,BebmS (Blind),3,0.1165551726923526,0.8759049238257159,84.81837072769801,0.4049158249158249,0.0127015265572038,8.349862258953168,1.1390728476821192,,1.0,100,100
726,0.21,sn_kjContinuousBeta_xnjNonNormal,9,7,Random Guessing,3,0.1165551726923526,0.8759049238257159,0.0,0.5036055541244786,-0.0026647417688217,52.89531680440771,6.152317880794702,,1.0,100,100
726,0.21,sn_kjContinuousBeta_xnjNonNormal,9,7,SuStaIn (GMM),3,0.1165551726923526,0.8759049238257159,194.02900002002715,0.4943434343434343,0.1245851179277421,17.957300275482094,43.99337748344371,,,100,100
726,0.21,sn_kjContinuousBeta_xnjNonNormal,9,7,SuStaIn (KDE),3,0.1165551726923526,0.8759049238257159,247.13387290636695,0.4362962962962962,-0.0031712161520167,14.111570247933884,27.132450331125828,,,100,100
726,0.21,sn_kjContinuousBeta_xnjNonNormal,10,7,BebmS,3,0.0570707802609932,0.641996199619962,69.18084504206975,0.3558922558922559,0.1903590724663997,9.02344827586207,0.0728476821192053,,,100,100
726,0.21,sn_kjContinuousBeta_xnjNonNormal,10,7,BebmS (Blind),3,0.0570707802609932,0.641996199619962,84.30959482590357,0.2854545454545454,0.5744507235374023,8.303448275862069,1.4701986754966887,,2.0,100,100
726,0.21,sn_kjContinuousBeta_xnjNonNormal,10,7,Random Guessing,3,0.0570707802609932,0.641996199619962,0.0,0.4857830736366273,-0.0015792771974505,52.59724137931035,5.927152317880795,,2.0,100,100
726,0.21,sn_kjContinuousBeta_xnjNonNormal,10,7,SuStaIn (GMM),3,0.0570707802609932,0.641996199619962,1092.601717277368,0.445993265993266,0.183346963735645,20.260689655172413,51.70860927152318,,,100,100
726,0.21,sn_kjContinuousBeta_xnjNonNormal,10,7,SuStaIn (KDE),3,0.0570707802609932,0.641996199619962,840.1069083293279,0.4550841750841751,0.0128874633558645,14.787586206896552,31.801324503311257,,,100,100
726,0.21,sn_kjContinuousBeta_xnjNonNormal,11,7,BebmS,3,0.3998350735844255,0.986091942527586,69.67691116333008,0.3784511784511784,0.0018471873368557,6.873278236914601,0.0529801324503311,,,100,100
726,0.21,sn_kjContinuousBeta_xnjNonNormal,11,7,BebmS (Blind),3,0.3998350735844255,0.986091942527586,84.78281646172205,0.3917845117845118,-0.0003417183412783,8.265840220385675,0.3576158940397351,,3.0,100,100
726,0.21,sn_kjContinuousBeta_xnjNonNormal,11,7,Random Guessing,3,0.3998350735844255,0.986091942527586,0.0,0.4947097836521863,0.0002803227741358,53.176308539944905,6.132450331125828,,3.0,100,100
726,0.21,sn_kjContinuousBeta_xnjNonNormal,11,7,SuStaIn (GMM),3,0.3998350735844255,0.986091942527586,279.8402326186498,0.4604040404040404,0.001712094932327,18.077134986225897,50.01324503311258,,,100,100
726,0.21,sn_kjContinuousBeta_xnjNonNormal,11,7,SuStaIn (KDE),3,0.3998350735844255,0.986091942527586,395.2511843681335,0.4348148148148148,9.048289225801866e-05,14.946280991735538,33.57615894039735,,,100,100
726,0.21,sn_kjContinuousBeta_xnjNonNormal,12,7,BebmS,3,0.3975012617830267,0.9876147614761476,81.92505608399709,0.3818855218855219,-0.0002651436068753,6.536551724137931,0.0333333333333333,,,100,100
726,0.21,sn_kjContinuousBeta_xnjNonNormal,12,7,BebmS (Blind),3,0.3975012617830267,0.9876147614761476,100.30968134800592,0.4302356902356902,0.0,10.066206896551725,2.026666666666667,,2.0,100,100
726,0.21,sn_kjContinuousBeta_xnjNonNormal,12,7,Random Guessing,3,0.3975012617830267,0.9876147614761476,0.0,0.4750089026919277,0.0029297757101958,52.44827586206897,5.68,,2.0,100,100
726,0.21,sn_kjContinuousBeta_xnjNonNormal,12,7,SuStaIn (GMM),3,0.3975012617830267,0.9876147614761476,760.3609887242317,0.4268013468013468,0.0116544797601271,16.139310344827585,44.34,,,100,100
726,0.21,sn_kjContinuousBeta_xnjNonNormal,12,7,SuStaIn (KDE),3,0.3975012617830267,0.9876147614761476,607.9593332529068,0.388013468013468,0.0039766220097419,13.922758620689654,28.006666666666668,,,100,100
726,0.21,sn_kjContinuousBeta_xnjNonNormal,13,7,BebmS,3,0.4566011322904129,0.9887055372203888,74.48057249784469,0.3942760942760943,-0.000579102841865,8.485517241379311,0.0,,,100,100
726,0.21,sn_kjContinuousBeta_xnjNonNormal,13,7,BebmS (Blind),3,0.4566011322904129,0.9887055372203888,90.2536768436432,0.3997979797979798,0.0001787015954955,7.76,2.1973684210526314,,1.0,100,100
726,0.21,sn_kjContinuousBeta_xnjNonNormal,13,7,Random Guessing,3,0.4566011322904129,0.9887055372203888,0.0,0.4904531704195032,-0.002217837193802,52.39448275862069,6.25,,1.0,100,100
726,0.21,sn_kjContinuousBeta_xnjNonNormal,13,7,SuStaIn (GMM),3,0.4566011322904129,0.9887055372203888,340.00401972532273,0.4801346801346801,-0.0016768982032193,18.57103448275862,48.44736842105263,,,100,100
726,0.21,sn_kjContinuousBeta_xnjNonNormal,13,7,SuStaIn (KDE),3,0.4566011322904129,0.9887055372203888,329.646034125487,0.458047138047138,0.0019824895427192,14.315862068965515,26.05921052631579,,,100,100
726,0.21,sn_kjContinuousBeta_xnjNonNormal,14,7,BebmS,3,0.4020157466726511,0.9891295796246292,69.03525209824244,0.3917845117845118,0.0,6.666206896551724,0.0,,,100,100
726,0.21,sn_kjContinuousBeta_xnjNonNormal,14,7,BebmS (Blind),3,0.4020157466726511,0.9891295796246292,96.48260621229808,0.4105050505050505,0.0,7.768275862068966,0.271523178807947,,1.0,100,100
726,0.21,sn_kjContinuousBeta_xnjNonNormal,14,7,Random Guessing,3,0.4020157466726511,0.9891295796246292,0.0,0.4958217854722075,-0.0016947937668797,53.08,6.430463576158941,,1.0,100,100
726,0.21,sn_kjContinuousBeta_xnjNonNormal,14,7,SuStaIn (GMM),3,0.4020157466726511,0.9891295796246292,988.7752586126328,0.4487542087542087,0.0063285022635337,18.499310344827585,50.4635761589404,,,100,100
726,0.21,sn_kjContinuousBeta_xnjNonNormal,14,7,SuStaIn (KDE),3,0.4020157466726511,0.9891295796246292,877.7837361176809,0.3957575757575757,-0.0001562482993752,13.775172413793104,30.125827814569536,,,100,100
726,0.21,sn_kjContinuousBeta_xnjNonNormal,15,7,BebmS,3,0.4380233046063965,0.9888522185551888,68.65502489805222,0.4173737373737374,0.0004949007885757,10.86896551724138,0.4370860927152318,,,100,100
726,0.21,sn_kjContinuousBeta_xnjNonNormal,15,7,BebmS (Blind),3,0.4380233046063965,0.9888522185551888,84.22049287160237,0.4317845117845118,0.0,12.248275862068963,3.933774834437086,,0.0,100,100
726,0.21,sn_kjContinuousBeta_xnjNonNormal,15,7,Random Guessing,3,0.4380233046063965,0.9888522185551888,0.0,0.5040363037974945,0.0004058572425111,52.59586206896552,5.927152317880795,,0.0,100,100
726,0.21,sn_kjContinuousBeta_xnjNonNormal,15,7,SuStaIn (GMM),3,0.4380233046063965,0.9888522185551888,325.39415987730024,0.4343434343434343,0.0159319625336549,17.548965517241378,46.10596026490066,,,100,100
726,0.21,sn_kjContinuousBeta_xnjNonNormal,15,7,SuStaIn (KDE),3,0.4380233046063965,0.9888522185551888,398.5848013202349,0.4215488215488215,0.0018594696762666,15.093793103448276,33.264900662251655,,,100,100
726,0.21,sn_kjContinuousBeta_xnjNonNormal,16,7,BebmS,3,0.1745735734580064,0.9464133079974664,80.0814580241839,0.4177777777777778,0.0008800903441776,10.071724137931035,0.1390728476821192,,,100,100
726,0.21,sn_kjContinuousBeta_xnjNonNormal,16,7,BebmS (Blind),3,0.1745735734580064,0.9464133079974664,101.30461347500484,0.4474074074074074,0.0015223862930842,14.678620689655173,1.7615894039735098,,2.0,100,100
726,0.21,sn_kjContinuousBeta_xnjNonNormal,16,7,Random Guessing,3,0.1745735734580064,0.9464133079974664,0.0,0.5029741247472542,-0.0006045328953654,52.44413793103448,6.344370860927152,,2.0,100,100
726,0.21,sn_kjContinuousBeta_xnjNonNormal,16,7,SuStaIn (GMM),3,0.1745735734580064,0.9464133079974664,239.10142817894615,0.4325925925925926,0.0113365766384696,17.495172413793103,46.58940397350993,,,100,100
726,0.21,sn_kjContinuousBeta_xnjNonNormal,16,7,SuStaIn (KDE),3,0.1745735734580064,0.9464133079974664,326.628148051103,0.4384511784511784,-4.858556752469858e-05,14.678620689655173,27.158940397350992,,,100,100
726,0.21,sn_kjContinuousBeta_xnjNonNormal,17,7,BebmS,3,0.043372536176736,0.5251578491182451,84.1614311416944,0.3395959595959596,0.5862862892033637,10.386206896551723,1.033112582781457,,,100,100
726,0.21,sn_kjContinuousBeta_xnjNonNormal,17,7,BebmS (Blind),3,0.043372536176736,0.5251578491182451,93.03377837340037,0.3352861952861952,0.7979229723573699,9.795862068965516,0.9735099337748344,,0.0,100,100
726,0.21,sn_kjContinuousBeta_xnjNonNormal,17,7,Random Guessing,3,0.043372536176736,0.5251578491182451,0.0,0.4987614512881309,-0.0009748736201051,53.32689655172414,6.317880794701987,,0.0,100,100
726,0.21,sn_kjContinuousBeta_xnjNonNormal,17,7,SuStaIn (GMM),3,0.043372536176736,0.5251578491182451,222.09074508746463,0.4316498316498317,0.4365348847603514,15.907586206896552,45.58940397350993,,,100,100
726,0.21,sn_kjContinuousBeta_xnjNonNormal,17,7,SuStaIn (KDE),3,0.043372536176736,0.5251578491182451,259.39644604126613,0.4226262626262626,0.0871328601785674,13.121379310344828,27.79470198675497,,,100,100
726,0.21,sn_kjContinuousBeta_xnjNonNormal,18,7,BebmS,3,0.1289439037230694,0.898987232056539,69.97239320675531,0.4347474747474747,0.0001564965936099,9.06206896551724,0.0596026490066225,,,100,100
726,0.21,sn_kjContinuousBeta_xnjNonNormal,18,7,BebmS (Blind),3,0.1289439037230694,0.898987232056539,86.5621167421341,0.4138720538720539,0.0001564965936099,11.598620689655172,1.1986754966887416,,1.0,100,100
726,0.21,sn_kjContinuousBeta_xnjNonNormal,18,7,Random Guessing,3,0.1289439037230694,0.898987232056539,0.0,0.5005831203115049,-0.0013254266477159,52.55172413793103,5.470198675496689,,1.0,100,100
726,0.21,sn_kjContinuousBeta_xnjNonNormal,18,7,SuStaIn (GMM),3,0.1289439037230694,0.898987232056539,340.48539063930514,0.4428282828282828,0.1004997561521493,20.00413793103448,51.47682119205298,,,100,100
726,0.21,sn_kjContinuousBeta_xnjNonNormal,18,7,SuStaIn (KDE),3,0.1289439037230694,0.898987232056539,451.47851734956106,0.5036363636363635,0.0080615909963433,15.784827586206896,29.225165562913908,,,100,100
726,0.21,sn_kjContinuousBeta_xnjNonNormal,19,7,BebmS,3,0.3360645769355367,0.9785631896522986,70.13649017413458,0.352053872053872,-0.0020857893062306,8.175172413793103,0.0066225165562913,,,100,100
726,0.21,sn_kjContinuousBeta_xnjNonNormal,19,7,BebmS (Blind),3,0.3360645769355367,0.9785631896522986,85.24445765813192,0.3893602693602694,0.0,5.819310344827586,0.8145695364238411,,2.0,100,100
726,0.21,sn_kjContinuousBeta_xnjNonNormal,19,7,Random Guessing,3,0.3360645769355367,0.9785631896522986,0.0,0.5062202320088925,0.0011847542220061,52.166896551724136,6.059602649006623,,2.0,100,100
726,0.21,sn_kjContinuousBeta_xnjNonNormal,19,7,SuStaIn (GMM),3,0.3360645769355367,0.9785631896522986,323.9496141076088,0.4309090909090909,0.0002119791035021,15.455172413793104,41.28476821192053,,,100,100
726,0.21,sn_kjContinuousBeta_xnjNonNormal,19,7,SuStaIn (KDE),3,0.3360645769355367,0.9785631896522986,518.6319991906483,0.3820875420875421,-0.0026074960111535,13.733793103448276,24.60927152317881,,,100,100
726,0.21,sn_kjContinuousBeta_xnjNonNormal,20,7,BebmS,3,0.0193822153627493,0.4025722572257226,141.97048768997192,0.3434343434343435,0.3152875474592073,8.96551724137931,0.0662251655629139,,,100,100
726,0.21,sn_kjContinuousBeta_xnjNonNormal,20,7,BebmS (Blind),3,0.0193822153627493,0.4025722572257226,158.7430375178655,0.3054545454545455,0.6449092377586029,6.464827586206897,1.0463576158940395,,2.0,100,100
726,0.21,sn_kjContinuousBeta_xnjNonNormal,20,7,Random Guessing,3,0.0193822153627493,0.4025722572257226,0.0,0.4801240976421046,-0.0029991920110206,52.561379310344826,6.132450331125828,,2.0,100,100
726,0.21,sn_kjContinuousBeta_xnjNonNormal,20,7,SuStaIn (GMM),3,0.0193822153627493,0.4025722572257226,836.4016460180283,0.4323232323232323,0.6085589859392537,17.093793103448277,45.682119205298015,,,100,100
726,0.21,sn_kjContinuousBeta_xnjNonNormal,20,7,SuStaIn (KDE),3,0.0193822153627493,0.4025722572257226,627.4309656977654,0.4367676767676768,0.0732643946346268,15.746206896551724,34.28476821192053,,,100,100
726,0.21,sn_kjContinuousBeta_xnjNonNormal,21,7,BebmS,3,0.2465729082068566,0.968028802880288,141.9224607984225,0.3729292929292929,0.013158237401005,12.455922865013774,0.0,,,100,100
726,0.21,sn_kjContinuousBeta_xnjNonNormal,21,7,BebmS (Blind),3,0.2465729082068566,0.968028802880288,138.94181879758835,0.3760269360269361,0.0024158492393616,10.110192837465563,0.9533333333333334,,1.0,100,100
726,0.21,sn_kjContinuousBeta_xnjNonNormal,21,7,Random Guessing,3,0.2465729082068566,0.968028802880288,0.0,0.47605378248506,0.0015049450839624,52.54269972451791,5.693333333333333,,1.0,100,100
726,0.21,sn_kjContinuousBeta_xnjNonNormal,21,7,SuStaIn (GMM),3,0.2465729082068566,0.968028802880288,681.7252985835075,0.5139393939393939,0.0153513443909541,21.060606060606062,54.60666666666667,,,100,100
726,0.21,sn_kjContinuousBeta_xnjNonNormal,21,7,SuStaIn (KDE),3,0.2465729082068566,0.968028802880288,648.6208001653354,0.441077441077441,-0.0035901592865765,14.275482093663912,34.153333333333336,,,100,100
726,0.21,sn_kjContinuousBeta_xnjNonNormal,22,7,BebmS,3,0.1515234693837119,0.9124019068573525,114.55250046650568,0.4522558922558922,0.0122391688226361,16.05103448275862,0.5827814569536424,,,100,100
726,0.21,sn_kjContinuousBeta_xnjNonNormal,22,7,BebmS (Blind),3,0.1515234693837119,0.9124019068573525,144.25409896771114,0.4522558922558922,0.0004546227156269,10.44551724137931,2.2847682119205297,,1.0,100,100
726,0.21,sn_kjContinuousBeta_xnjNonNormal,22,7,Random Guessing,3,0.1515234693837119,0.9124019068573525,0.0,0.4886833145039895,0.0016656440212388,53.540689655172415,6.052980132450331,,1.0,100,100
726,0.21,sn_kjContinuousBeta_xnjNonNormal,22,7,SuStaIn (GMM),3,0.1515234693837119,0.9124019068573525,537.9178594152132,0.4694949494949496,0.0289294633985466,16.477241379310346,43.682119205298015,,,100,100
726,0.21,sn_kjContinuousBeta_xnjNonNormal,22,7,SuStaIn (KDE),3,0.1515234693837119,0.9124019068573525,553.7154898524284,0.4274074074074074,0.0022643594673037,14.027586206896553,28.927152317880797,,,100,100
726,0.21,sn_kjContinuousBeta_xnjNonNormal,23,7,BebmS,3,0.3896342946607433,0.9893269326932692,136.01080882151922,0.3814141414141414,0.0,6.796143250688705,0.0,,,100,100
726,0.21,sn_kjContinuousBeta_xnjNonNormal,23,7,BebmS (Blind),3,0.3896342946607433,0.9893269326932692,170.3205961704254,0.4518518518518519,0.0039861104356496,17.46831955922865,0.0466666666666666,,1.0,100,100
726,0.21,sn_kjContinuousBeta_xnjNonNormal,23,7,Random Guessing,3,0.3896342946607433,0.9893269326932692,0.0,0.4997403209426452,0.0031522745574528,52.64187327823692,5.886666666666667,,1.0,100,100
726,0.21,sn_kjContinuousBeta_xnjNonNormal,23,7,SuStaIn (GMM),3,0.3896342946607433,0.9893269326932692,427.8153912623723,0.462020202020202,0.0104647722459418,18.446280991735534,46.88666666666666,,,100,100
726,0.21,sn_kjContinuousBeta_xnjNonNormal,23,7,SuStaIn (KDE),3,0.3896342946607433,0.9893269326932692,484.96128563086194,0.4245791245791246,-2.2550104406983404e-05,14.070247933884298,28.626666666666665,,,100,100
726,0.21,sn_kjContinuousBeta_xnjNonNormal,24,7,BebmS,3,0.174837588100871,0.9337880454712136,69.70795849164327,0.3824242424242424,0.0,5.90771349862259,0.1,,,100,100
726,0.21,sn_kjContinuousBeta_xnjNonNormal,24,7,BebmS (Blind),3,0.174837588100871,0.9337880454712136,86.92339251836141,0.362087542087542,0.0009152945601424,10.944903581267218,2.966666666666667,,2.0,100,100
726,0.21,sn_kjContinuousBeta_xnjNonNormal,24,7,Random Guessing,3,0.174837588100871,0.9337880454712136,0.0,0.4993512308716558,-0.0024821251737467,52.98484848484848,5.986666666666666,,2.0,100,100
726,0.21,sn_kjContinuousBeta_xnjNonNormal,24,7,SuStaIn (GMM),3,0.174837588100871,0.9337880454712136,519.820204504331,0.4721212121212121,0.0126165831212293,19.487603305785125,52.59333333333333,,,100,100
726,0.21,sn_kjContinuousBeta_xnjNonNormal,24,7,SuStaIn (KDE),3,0.174837588100871,0.9337880454712136,567.3922600785892,0.4554882154882154,-0.0003839970156254,14.56198347107438,34.53333333333333,,,100,100
726,0.21,sn_kjContinuousBeta_xnjNonNormal,25,7,BebmS,3,0.2988895744681468,0.978035136847018,69.08343951304754,0.3512457912457912,0.0075875791226341,8.738292011019285,0.0333333333333333,,,100,100
726,0.21,sn_kjContinuousBeta_xnjNonNormal,25,7,BebmS (Blind),3,0.2988895744681468,0.978035136847018,88.77220236460367,0.3622895622895623,0.0,5.599173553719008,0.0533333333333333,,2.0,100,100
726,0.21,sn_kjContinuousBeta_xnjNonNormal,25,7,Random Guessing,3,0.2988895744681468,0.978035136847018,0.0,0.4661457459840576,-0.0014289678819859,52.20798898071625,6.42,,2.0,100,100
726,0.21,sn_kjContinuousBeta_xnjNonNormal,25,7,SuStaIn (GMM),3,0.2988895744681468,0.978035136847018,621.9302857200305,0.4251851851851851,0.0036736194347478,17.3099173553719,45.85333333333333,,,100,100
726,0.21,sn_kjContinuousBeta_xnjNonNormal,25,7,SuStaIn (KDE),3,0.2988895744681468,0.978035136847018,580.9049396197001,0.4216835016835017,-0.0011605456019556,15.62121212121212,28.793333333333333,,,100,100
726,0.21,sn_kjContinuousBeta_xnjNonNormal,26,7,BebmS,3,0.2212082456367992,0.965033836717005,68.33964454332987,0.4072727272727272,0.0026853928689439,9.630344827586208,0.0397350993377483,,,100,100
726,0.21,sn_kjContinuousBeta_xnjNonNormal,26,7,BebmS (Blind),3,0.2212082456367992,0.965033836717005,84.5060439546903,0.4222222222222222,-0.0013249447896338,11.645517241379313,3.880794701986755,,2.0,100,100
726,0.21,sn_kjContinuousBeta_xnjNonNormal,26,7,Random Guessing,3,0.2212082456367992,0.965033836717005,0.0,0.5036730821875589,0.0011857925619576,52.36827586206896,6.364238410596027,,2.0,100,100
726,0.21,sn_kjContinuousBeta_xnjNonNormal,26,7,SuStaIn (GMM),3,0.2212082456367992,0.965033836717005,562.0385748823484,0.494006734006734,0.0175044926102005,21.926896551724138,52.25827814569536,,,100,100
726,0.21,sn_kjContinuousBeta_xnjNonNormal,26,7,SuStaIn (KDE),3,0.2212082456367992,0.965033836717005,589.0312764247259,0.4237037037037037,0.0001236701411603,14.787586206896552,31.40397350993377,,,100,100
726,0.21,sn_kjContinuousBeta_xnjNonNormal,27,7,BebmS,3,0.0856264101859031,0.7871600493382671,71.58852459192276,0.3276094276094276,0.2305401642228845,9.037241379310345,0.0,,,100,100
726,0.21,sn_kjContinuousBeta_xnjNonNormal,27,7,BebmS (Blind),3,0.0856264101859031,0.7871600493382671,99.7236494700114,0.3602020202020202,0.249331809981668,9.478620689655171,0.5231788079470199,,3.0,100,100
726,0.21,sn_kjContinuousBeta_xnjNonNormal,27,7,Random Guessing,3,0.0856264101859031,0.7871600493382671,0.0,0.4962606592217311,0.0002408243139595,52.56551724137931,6.059602649006623,,3.0,100,100
726,0.21,sn_kjContinuousBeta_xnjNonNormal,27,7,SuStaIn (GMM),3,0.0856264101859031,0.7871600493382671,215.12875189383823,0.4775757575757575,0.4395604318497433,20.184827586206897,53.80132450331126,,,100,100
726,0.21,sn_kjContinuousBeta_xnjNonNormal,27,7,SuStaIn (KDE),3,0.0856264101859031,0.7871600493382671,235.4886848807335,0.4097643097643098,0.009114140277518,15.402758620689657,29.456953642384107,,,100,100
726,0.21,sn_kjContinuousBeta_xnjNonNormal,28,7,BebmS,3,0.0655887027430098,0.6788558855885588,73.59587316513061,0.3547474747474747,0.319929693583829,10.242424242424242,0.02,,,100,100
726,0.21,sn_kjContinuousBeta_xnjNonNormal,28,7,BebmS (Blind),3,0.0655887027430098,0.6788558855885588,87.78834282954534,0.3397979797979798,0.3135614680444796,8.807162534435262,0.16,,0.0,100,100
726,0.21,sn_kjContinuousBeta_xnjNonNormal,28,7,Random Guessing,3,0.0655887027430098,0.6788558855885588,0.0,0.4708935876081323,-0.0011084416780396,52.80027548209367,5.673333333333333,,0.0,100,100
726,0.21,sn_kjContinuousBeta_xnjNonNormal,28,7,SuStaIn (GMM),3,0.0655887027430098,0.6788558855885588,563.7046217004458,0.4374410774410774,0.3322539739054378,19.12947658402204,48.473333333333336,,,100,100
726,0.21,sn_kjContinuousBeta_xnjNonNormal,28,7,SuStaIn (KDE),3,0.0655887027430098,0.6788558855885588,530.907461965084,0.4291582491582491,0.0495063473762327,15.461432506887052,28.846666666666668,,,100,100
726,0.21,sn_kjContinuousBeta_xnjNonNormal,29,7,BebmS,3,0.0395980226976088,0.5156048938227156,68.93209062814712,0.3269360269360269,0.5435104191739039,7.369146005509642,1.033112582781457,,,100,100
726,0.21,sn_kjContinuousBeta_xnjNonNormal,29,7,BebmS (Blind),3,0.0395980226976088,0.5156048938227156,84.04202679395675,0.3344781144781144,0.4796928777923727,9.389807162534437,0.4503311258278146,,3.0,100,100
726,0.21,sn_kjContinuousBeta_xnjNonNormal,29,7,Random Guessing,3,0.0395980226976088,0.5156048938227156,0.0,0.4788127771274362,-0.0015649047918911,51.9931129476584,5.887417218543046,,3.0,100,100
726,0.21,sn_kjContinuousBeta_xnjNonNormal,29,7,SuStaIn (GMM),3,0.0395980226976088,0.5156048938227156,508.4836677034696,0.5030976430976432,0.2222487358181599,20.72451790633609,52.23841059602649,,,100,100
726,0.21,sn_kjContinuousBeta_xnjNonNormal,29,7,SuStaIn (KDE),3,0.0395980226976088,0.5156048938227156,565.4485307693482,0.4364309764309764,0.3509512349218409,14.568870523415978,31.24503311258278,,,100,100
726,0.21,sn_kjContinuousBeta_xnjNonNormal,30,7,BebmS,3,0.2946866813781556,0.971930526385972,80.0084743420283,0.4059932659932659,0.0,8.333793103448276,1.0927152317880795,,,100,100
726,0.21,sn_kjContinuousBeta_xnjNonNormal,30,7,BebmS (Blind),3,0.2946866813781556,0.971930526385972,117.46508654753367,0.3794612794612795,0.0,9.646896551724138,1.423841059602649,,0.0,100,100
726,0.21,sn_kjContinuousBeta_xnjNonNormal,30,7,Random Guessing,3,0.2946866813781556,0.971930526385972,0.0,0.4856848026313483,-0.0025037206584418,51.95448275862069,5.993377483443709,,0.0,100,100
726,0.21,sn_kjContinuousBeta_xnjNonNormal,30,7,SuStaIn (GMM),3,0.2946866813781556,0.971930526385972,503.94353063901264,0.5087542087542087,0.0046952734322796,20.344827586206897,52.70860927152318,,,100,100
726,0.21,sn_kjContinuousBeta_xnjNonNormal,30,7,SuStaIn (KDE),3,0.2946866813781556,0.971930526385972,554.5371628125508,0.3855218855218855,0.0088582752937849,15.835862068965517,21.88741721854305,,,100,100
726,0.21,sn_kjContinuousBeta_xnjNonNormal,31,7,BebmS,3,0.1263313947464614,0.9028222822282228,81.22366325457891,0.4115151515151515,0.001229609540064,9.914364640883978,0.0331125827814569,,,100,100
726,0.21,sn_kjContinuousBeta_xnjNonNormal,31,7,BebmS (Blind),3,0.1263313947464614,0.9028222822282228,129.61854865153632,0.3546801346801347,0.1055491064277662,9.99171270718232,1.1920529801324504,,1.0,100,100
726,0.21,sn_kjContinuousBeta_xnjNonNormal,31,7,Random Guessing,3,0.1263313947464614,0.9028222822282228,0.0,0.511507060615337,-0.0011711955752086,52.94889502762431,5.516556291390729,,1.0,100,100
726,0.21,sn_kjContinuousBeta_xnjNonNormal,31,7,SuStaIn (GMM),3,0.1263313947464614,0.9028222822282228,334.0234678347905,0.4602020202020202,0.0382461178741415,19.031767955801104,53.32450331125828,,,100,100
726,0.21,sn_kjContinuousBeta_xnjNonNormal,31,7,SuStaIn (KDE),3,0.1263313947464614,0.9028222822282228,277.2562690695127,0.4622895622895622,0.0063260874092094,15.687845303867404,31.58940397350993,,,100,100
726,0.21,sn_kjContinuousBeta_xnjNonNormal,32,7,BebmS,3,0.0141955287996954,0.4052311897856452,68.62519711256027,0.3064646464646465,0.4731310161301962,7.005509641873278,0.1854304635761589,,,100,100
726,0.21,sn_kjContinuousBeta_xnjNonNormal,32,7,BebmS (Blind),3,0.0141955287996954,0.4052311897856452,84.2239481806755,0.3474074074074074,0.2583696079885962,9.319559228650135,0.7417218543046358,,2.0,100,100
726,0.21,sn_kjContinuousBeta_xnjNonNormal,32,7,Random Guessing,3,0.0141955287996954,0.4052311897856452,0.0,0.4989616415506344,-0.0023802589234502,52.0,6.0,,2.0,100,100
726,0.21,sn_kjContinuousBeta_xnjNonNormal,32,7,SuStaIn (GMM),3,0.0141955287996954,0.4052311897856452,83.06619658072789,0.4316498316498316,0.7247660455291106,15.723140495867767,42.41721854304636,,,100,100
726,0.21,sn_kjContinuousBeta_xnjNonNormal,32,7,SuStaIn (KDE),3,0.0141955287996954,0.4052311897856452,127.92164058685304,0.4344781144781144,0.2149282766886135,14.077134986225897,28.62913907284768,,,100,100
726,0.21,sn_kjContinuousBeta_xnjNonNormal,33,7,BebmS,3,0.4603865772913174,0.9908897556422308,83.82807500362397,0.4105050505050505,0.0,6.968275862068966,0.0728476821192053,,,100,100
726,0.21,sn_kjContinuousBeta_xnjNonNormal,33,7,BebmS (Blind),3,0.4603865772913174,0.9908897556422308,108.01528156201044,0.3973063973063973,-0.0009782049825955,11.61103448275862,2.443708609271523,,3.0,100,100
726,0.21,sn_kjContinuousBeta_xnjNonNormal,33,7,Random Guessing,3,0.4603865772913174,0.9908897556422308,0.0,0.5037023147919047,-0.0025020375064315,52.445517241379314,6.066225165562914,,3.0,100,100
726,0.21,sn_kjContinuousBeta_xnjNonNormal,33,7,SuStaIn (GMM),3,0.4603865772913174,0.9908897556422308,682.6727255860965,0.434074074074074,0.0012197167825583,18.60965517241379,49.71523178807947,,,100,100
726,0.21,sn_kjContinuousBeta_xnjNonNormal,33,7,SuStaIn (KDE),3,0.4603865772913174,0.9908897556422308,575.2760290543239,0.4608080808080808,0.0008818166724698,14.00551724137931,27.013245033112582,,,100,100
726,0.21,sn_kjContinuousBeta_xnjNonNormal,34,7,BebmS,3,0.4427233934022185,0.9871693836050272,137.21975485881168,0.4338720538720538,-0.0021245458235335,12.18896551724138,0.0,,,100,100
726,0.21,sn_kjContinuousBeta_xnjNonNormal,34,7,BebmS (Blind),3,0.4427233934022185,0.9871693836050272,177.6590839743614,0.4002020202020202,0.0020361919078566,10.406896551724138,1.0927152317880795,,3.0,100,100
726,0.21,sn_kjContinuousBeta_xnjNonNormal,34,7,Random Guessing,3,0.4427233934022185,0.9871693836050272,0.0,0.5114216728255813,-0.0001810001266747,52.649655172413794,6.178807947019868,,3.0,100,100
726,0.21,sn_kjContinuousBeta_xnjNonNormal,34,7,SuStaIn (GMM),3,0.4427233934022185,0.9871693836050272,732.032875585556,0.4757575757575757,-0.0181927717801324,19.230344827586208,52.49006622516556,,,100,100
726,0.21,sn_kjContinuousBeta_xnjNonNormal,34,7,SuStaIn (KDE),3,0.4427233934022185,0.9871693836050272,437.6692391912142,0.4219528619528619,0.0013872471891857,12.693793103448275,25.655629139072847,,,100,100
726,0.21,sn_kjContinuousBeta_xnjNonNormal,35,7,BebmS,3,0.118663894936412,0.8714324765809914,77.62778438727061,0.331043771043771,0.2170971217427911,5.623448275862069,0.271523178807947,,,100,100
726,0.21,sn_kjContinuousBeta_xnjNonNormal,35,7,BebmS (Blind),3,0.118663894936412,0.8714324765809914,91.62123285134632,0.3816835016835017,0.0768436610545041,7.263448275862069,1.2913907284768211,,3.0,100,100
726,0.21,sn_kjContinuousBeta_xnjNonNormal,35,7,Random Guessing,3,0.118663894936412,0.8714324765809914,0.0,0.4879880456184211,0.0021481173462259,53.65931034482759,5.662251655629139,,3.0,100,100
726,0.21,sn_kjContinuousBeta_xnjNonNormal,35,7,SuStaIn (GMM),3,0.118663894936412,0.8714324765809914,313.70802392164865,0.5337373737373737,0.1648319154393354,18.29379310344828,50.76158940397351,,,100,100
726,0.21,sn_kjContinuousBeta_xnjNonNormal,35,7,SuStaIn (KDE),3,0.118663894936412,0.8714324765809914,339.3433524131775,0.4108417508417508,0.0147982090376839,14.942068965517242,25.158940397350992,,,100,100
726,0.21,sn_kjContinuousBeta_xnjNonNormal,36,7,BebmS,3,0.4412771738562316,0.987985465213188,112.31243682305018,0.4215488215488216,0.0022780754468029,9.278236914600551,0.1655629139072847,,,100,100
726,0.21,sn_kjContinuousBeta_xnjNonNormal,36,7,BebmS (Blind),3,0.4412771738562316,0.987985465213188,128.77286531527838,0.4091582491582491,0.0,13.268595041322314,3.4304635761589406,,3.0,100,100
726,0.21,sn_kjContinuousBeta_xnjNonNormal,36,7,Random Guessing,3,0.4412771738562316,0.987985465213188,0.0,0.5138775897638933,-0.0016963943310399,53.03030303030303,5.960264900662252,,3.0,100,100
726,0.21,sn_kjContinuousBeta_xnjNonNormal,36,7,SuStaIn (GMM),3,0.4412771738562316,0.987985465213188,518.9503302613895,0.4969023569023569,0.0147619329149853,20.84573002754821,56.01986754966888,,,100,100
726,0.21,sn_kjContinuousBeta_xnjNonNormal,36,7,SuStaIn (KDE),3,0.4412771738562316,0.987985465213188,471.1162714203199,0.4283501683501683,-0.000173216568845,14.56749311294766,33.40397350993378,,,100,100
726,0.21,sn_kjContinuousBeta_xnjNonNormal,37,7,BebmS,3,0.1563714662080711,0.8954668800213355,80.22915103435517,0.3781818181818182,-0.0004184502603279,6.603305785123967,0.0,,,100,100
726,0.21,sn_kjContinuousBeta_xnjNonNormal,37,7,BebmS (Blind),3,0.1563714662080711,0.8954668800213355,108.64031643867492,0.4176430976430976,0.000670690819217,10.865013774104684,1.8079470198675496,,1.0,100,100
726,0.21,sn_kjContinuousBeta_xnjNonNormal,37,7,Random Guessing,3,0.1563714662080711,0.8954668800213355,0.0,0.505729307446085,0.0001157790200338,53.13911845730028,5.986754966887418,,1.0,100,100
726,0.21,sn_kjContinuousBeta_xnjNonNormal,37,7,SuStaIn (GMM),3,0.1563714662080711,0.8954668800213355,221.05454237063725,0.4395959595959596,0.2341638849950449,18.0,48.72847682119205,,,100,100
726,0.21,sn_kjContinuousBeta_xnjNonNormal,37,7,SuStaIn (KDE),3,0.1563714662080711,0.8954668800213355,274.7258585651716,0.3917171717171717,0.0102495408084257,13.724517906336088,26.94701986754967,,,100,100
726,0.21,sn_kjContinuousBeta_xnjNonNormal,38,7,BebmS,3,0.436696622531531,0.9913297996466314,69.55279055833816,0.4104377104377104,0.0,8.00137741046832,0.1133333333333333,,,100,100
726,0.21,sn_kjContinuousBeta_xnjNonNormal,38,7,BebmS (Blind),3,0.436696622531531,0.9913297996466314,84.67930544217428,0.4103030303030303,0.0,5.329201101928375,1.68,,2.0,100,100
726,0.21,sn_kjContinuousBeta_xnjNonNormal,38,7,Random Guessing,3,0.436696622531531,0.9913297996466314,0.0,0.4991314642750371,-0.0012922149267488,53.4931129476584,5.566666666666666,,2.0,100,100
726,0.21,sn_kjContinuousBeta_xnjNonNormal,38,7,SuStaIn (GMM),3,0.436696622531531,0.9913297996466314,97.33598822752634,0.4587205387205387,0.0028417358877876,17.367768595041323,49.57333333333333,,,100,100
726,0.21,sn_kjContinuousBeta_xnjNonNormal,38,7,SuStaIn (KDE),3,0.436696622531531,0.9913297996466314,121.09370610316594,0.3569023569023568,0.005390786342992,15.694214876033058,27.793333333333333,,,100,100
726,0.21,sn_kjContinuousBeta_xnjNonNormal,39,7,BebmS,3,0.1676616062856125,0.9303343667700104,69.89124006827673,0.4632323232323232,0.0,13.6,0.0463576158940397,,,100,100
726,0.21,sn_kjContinuousBeta_xnjNonNormal,39,7,BebmS (Blind),3,0.1676616062856125,0.9303343667700104,83.62607186635336,0.3763636363636363,-0.0632243184948295,11.380689655172414,1.2649006622516556,,1.0,100,100
726,0.21,sn_kjContinuousBeta_xnjNonNormal,39,7,Random Guessing,3,0.1676616062856125,0.9303343667700104,0.0,0.5051164659927255,0.0027999399172609,52.18620689655173,5.9801324503311255,,1.0,100,100
726,0.21,sn_kjContinuousBeta_xnjNonNormal,39,7,SuStaIn (GMM),3,0.1676616062856125,0.9303343667700104,539.9522125482559,0.4998653198653198,0.0269507953374196,19.73793103448276,50.788079470198674,,,100,100
726,0.21,sn_kjContinuousBeta_xnjNonNormal,39,7,SuStaIn (KDE),3,0.1676616062856125,0.9303343667700104,612.7091220021248,0.3455218855218855,-0.0042651450896184,14.361379310344828,25.47019867549669,,,100,100
726,0.21,sn_kjContinuousBeta_xnjNonNormal,40,7,BebmS,3,0.2608334563137661,0.971850518385172,68.55410777727762,0.3776430976430976,0.0023425328587651,6.297931034482759,0.0,,,100,100
726,0.21,sn_kjContinuousBeta_xnjNonNormal,40,7,BebmS (Blind),3,0.2608334563137661,0.971850518385172,83.92752976020178,0.4413468013468013,0.0012602357491436,11.79310344827586,4.251655629139073,,2.0,100,100
726,0.21,sn_kjContinuousBeta_xnjNonNormal,40,7,Random Guessing,3,0.2608334563137661,0.971850518385172,0.0,0.4970052812285992,-0.000200011467638,51.928275862068965,6.099337748344371,,2.0,100,100
726,0.21,sn_kjContinuousBeta_xnjNonNormal,41,7,BebmS,3,0.1598178059312047,0.9006140614061406,70.85280677477519,0.4029629629629629,-0.0007100482089403,9.384297520661155,0.0866666666666666,,,100,100
726,0.21,sn_kjContinuousBeta_xnjNonNormal,41,7,BebmS (Blind),3,0.1598178059312047,0.9006140614061406,86.83067580461503,0.3901683501683501,-0.0003325241563654,7.855371900826446,0.9866666666666668,,2.0,100,100
726,0.21,sn_kjContinuousBeta_xnjNonNormal,41,7,Random Guessing,3,0.1598178059312047,0.9006140614061406,0.0,0.5051914064222573,0.0041524795408511,52.7258953168044,5.76,,2.0,100,100
726,0.21,sn_kjContinuousBeta_xnjNonNormal,41,7,SuStaIn (GMM),3,0.1598178059312047,0.9006140614061406,521.5079587578773,0.4701683501683502,0.0463679915179278,17.300275482093664,47.46666666666667,,,100,100
726,0.21,sn_kjContinuousBeta_xnjNonNormal,41,7,SuStaIn (KDE),3,0.1598178059312047,0.9006140614061406,469.9308471083641,0.4538047138047138,0.0031953263822683,15.236914600550964,29.826666666666668,,,100,100
726,0.21,sn_kjContinuousBeta_xnjNonNormal,42,7,BebmS,3,0.4488181121966753,0.9897456412307898,70.64794198671977,0.4175757575757575,0.0,10.732413793103447,0.3245033112582781,,,100,100
726,0.21,sn_kjContinuousBeta_xnjNonNormal,42,7,BebmS (Blind),3,0.4488181121966753,0.9897456412307898,87.49048275947571,0.412996632996633,0.0,10.99448275862069,1.7350993377483444,,1.0,100,100
726,0.21,sn_kjContinuousBeta_xnjNonNormal,42,7,Random Guessing,3,0.4488181121966753,0.9897456412307898,0.0,0.4963806215693764,0.0003001115536279,52.95586206896552,5.609271523178808,,1.0,100,100
726,0.21,sn_kjContinuousBeta_xnjNonNormal,42,7,SuStaIn (GMM),3,0.4488181121966753,0.9897456412307898,601.7919576525688,0.4855892255892255,-0.0016742781168195,18.615172413793104,47.89403973509934,,,100,100
726,0.21,sn_kjContinuousBeta_xnjNonNormal,42,7,SuStaIn (KDE),3,0.4488181121966753,0.9897456412307898,482.90245953798296,0.4414814814814814,-0.0017532658231667,15.859310344827586,38.51655629139073,,,100,100
726,0.21,sn_kjContinuousBeta_xnjNonNormal,43,7,BebmS,3,0.4832538068663986,0.9912044537787112,69.45746510426203,0.4127272727272728,-0.0006557511179138,10.04,0.0,,,100,100
726,0.21,sn_kjContinuousBeta_xnjNonNormal,43,7,BebmS (Blind),3,0.4832538068663986,0.9912044537787112,84.64269647200902,0.3991245791245791,0.0,6.310344827586207,0.0463576158940397,,2.0,100,100
726,0.21,sn_kjContinuousBeta_xnjNonNormal,43,7,Random Guessing,3,0.4832538068663986,0.9912044537787112,0.0,0.5175535220267028,-0.002907093937586,51.384827586206896,5.291390728476821,,2.0,100,100
726,0.21,sn_kjContinuousBeta_xnjNonNormal,43,7,SuStaIn (GMM),3,0.4832538068663986,0.9912044537787112,693.1105298161507,0.4426262626262626,0.0022843277415881,17.128275862068964,42.74834437086093,,,100,100
726,0.21,sn_kjContinuousBeta_xnjNonNormal,43,7,SuStaIn (KDE),3,0.4832538068663986,0.9912044537787112,503.2577114621798,0.4381818181818182,-0.000989446203231,14.438620689655172,33.06622516556291,,,100,100
726,0.21,sn_kjContinuousBeta_xnjNonNormal,44,7,BebmS,3,0.3263397999032414,0.9808407507417408,69.84996753931046,0.4009427609427609,0.0,5.015151515151516,0.1258278145695364,,,100,100
726,0.21,sn_kjContinuousBeta_xnjNonNormal,44,7,BebmS (Blind),3,0.3263397999032414,0.9808407507417408,84.56680765151978,0.3644444444444444,0.0013326532409083,4.086776859504132,0.5960264900662252,,2.0,100,100
726,0.21,sn_kjContinuousBeta_xnjNonNormal,44,7,Random Guessing,3,0.3263397999032414,0.9808407507417408,0.0,0.5091802618200437,-4.065614354502533e-05,53.13498622589532,6.013245033112582,,2.0,100,100
726,0.21,sn_kjContinuousBeta_xnjNonNormal,44,7,SuStaIn (GMM),3,0.3263397999032414,0.9808407507417408,541.0620218873024,0.438989898989899,-0.0013642029641725,16.18870523415978,45.450331125827816,,,100,100
726,0.21,sn_kjContinuousBeta_xnjNonNormal,44,7,SuStaIn (KDE),3,0.3263397999032414,0.9808407507417408,499.6286185622215,0.4243771043771043,0.0004636915488346,15.889807162534437,23.64900662251656,,,100,100
726,0.21,sn_kjContinuousBeta_xnjNonNormal,45,7,BebmS,3,0.0378414137466075,0.5748081474814148,76.67979721625646,0.2428956228956229,0.8651644927191205,5.793388429752066,0.1266666666666666,,,100,100
726,0.21,sn_kjContinuousBeta_xnjNonNormal,45,7,BebmS (Blind),3,0.0378414137466075,0.5748081474814148,95.25111900568008,0.387946127946128,0.0346621721367238,13.053719008264462,0.7333333333333333,,1.0,100,100
726,0.21,sn_kjContinuousBeta_xnjNonNormal,45,7,Random Guessing,3,0.0378414137466075,0.5748081474814148,0.0,0.483003316348203,0.0003391658987044,52.52617079889807,6.16,,1.0,100,100
726,0.21,sn_kjContinuousBeta_xnjNonNormal,45,7,SuStaIn (GMM),3,0.0378414137466075,0.5748081474814148,327.91228926181793,0.4269360269360269,0.4973941018886371,19.108815426997246,51.42666666666667,,,100,100
726,0.21,sn_kjContinuousBeta_xnjNonNormal,45,7,SuStaIn (KDE),3,0.0378414137466075,0.5748081474814148,314.0755269726117,0.408080808080808,0.1574239059042643,14.213498622589531,31.33333333333333,,,100,100
726,0.21,sn_kjContinuousBeta_xnjNonNormal,46,7,BebmS,3,0.3441704866737915,0.9805927259392606,74.27039161125819,0.4425589225589226,-0.0015932554215446,15.064827586206896,0.0728476821192053,,,100,100
726,0.21,sn_kjContinuousBeta_xnjNonNormal,46,7,BebmS (Blind),3,0.3441704866737915,0.9805927259392606,96.12814424037931,0.4118518518518518,0.0017887681766952,13.444137931034485,1.1125827814569536,,1.0,100,100
726,0.21,sn_kjContinuousBeta_xnjNonNormal,46,7,Random Guessing,3,0.3441704866737915,0.9805927259392606,0.0,0.4859126640703052,-0.0011105529367883,51.350344827586206,6.264900662251655,,1.0,100,100
726,0.21,sn_kjContinuousBeta_xnjNonNormal,47,7,BebmS,3,0.4600347138293842,0.9925832583258326,69.64236518144608,0.4461952861952862,0.0043979752735927,11.982093663911844,0.0,,,100,100
726,0.21,sn_kjContinuousBeta_xnjNonNormal,47,7,BebmS (Blind),3,0.4600347138293842,0.9925832583258326,85.04934527079264,0.3736026936026936,0.0035688177633042,5.870523415977962,0.1066666666666666,,1.0,100,100
726,0.21,sn_kjContinuousBeta_xnjNonNormal,47,7,Random Guessing,3,0.4600347138293842,0.9925832583258326,0.0,0.4985963392311147,-0.0028889864068728,52.08815426997245,6.073333333333333,,1.0,100,100
726,0.21,sn_kjContinuousBeta_xnjNonNormal,48,7,BebmS,3,0.4507581075929616,0.9893696036270294,72.56457178195318,0.3627609427609428,0.0,4.215172413793104,0.0463576158940397,,,100,100
726,0.21,sn_kjContinuousBeta_xnjNonNormal,48,7,BebmS (Blind),3,0.4507581075929616,0.9893696036270294,91.6613900065422,0.3874074074074074,0.0010841290627,8.84,4.0198675496688745,,2.0,100,100
726,0.21,sn_kjContinuousBeta_xnjNonNormal,48,7,Random Guessing,3,0.4507581075929616,0.9893696036270294,0.0,0.4930681771817586,0.0058448351944876,53.76137931034483,6.218543046357616,,2.0,100,100
726,0.21,sn_kjContinuousBeta_xnjNonNormal,48,7,SuStaIn (GMM),3,0.4507581075929616,0.9893696036270294,592.46945485274,0.4538047138047138,0.0014019905762558,17.889655172413793,51.03973509933775,,,100,100
726,0.21,sn_kjContinuousBeta_xnjNonNormal,48,7,SuStaIn (KDE),3,0.4507581075929616,0.9893696036270294,592.1967654466629,0.398047138047138,0.0024561004865817,12.364137931034485,27.43708609271523,,,100,100
726,0.21,sn_kjContinuousBeta_xnjNonNormal,49,7,BebmS,3,0.2770317767659979,0.9676340967430076,69.54022400776545,0.409023569023569,0.0,9.926896551724138,0.0662251655629139,,,100,100
726,0.21,sn_kjContinuousBeta_xnjNonNormal,49,7,BebmS (Blind),3,0.2770317767659979,0.9676340967430076,85.45769260724386,0.395959595959596,-0.0002682749764389,8.706206896551723,0.8874172185430463,,0.0,100,100
726,0.21,sn_kjContinuousBeta_xnjNonNormal,49,7,Random Guessing,3,0.2770317767659979,0.9676340967430076,0.0,0.4877001163845964,-0.0001133890498942,52.21241379310345,6.443708609271523,,0.0,100,100
726,0.21,sn_kjContinuousBeta_xnjNonNormal,49,7,SuStaIn (GMM),3,0.2770317767659979,0.9676340967430076,223.37900425990424,0.5217508417508417,0.0038640102845781,19.884137931034484,50.89403973509934,,,100,100
726,0.21,sn_kjContinuousBeta_xnjNonNormal,49,7,SuStaIn (KDE),3,0.2770317767659979,0.9676340967430076,178.26535879373552,0.4221548821548821,0.0030699337852683,15.304827586206896,33.36423841059602,,,100,100
726,0.21,sn_kjContinuousBeta_xnjNormal,0,6,BebmS,3,0.4114483298923225,0.9876761009434276,69.24177259604136,0.3593265993265993,0.0,4.662068965517242,0.0,,,100,100
726,0.21,sn_kjContinuousBeta_xnjNormal,0,6,BebmS (Blind),3,0.4114483298923225,0.9876761009434276,84.31372004350027,0.3971717171717171,-0.0131233988746164,13.500689655172414,0.8807947019867549,,0.0,100,100
726,0.21,sn_kjContinuousBeta_xnjNormal,0,6,Random Guessing,3,0.4114483298923225,0.9876761009434276,0.0,0.5244321559352926,0.0031607512897526,53.40965517241379,6.291390728476821,,0.0,100,100
726,0.21,sn_kjContinuousBeta_xnjNormal,0,6,SuStaIn (GMM),3,0.4114483298923225,0.9876761009434276,143.67448730866116,0.3561616161616161,0.0151986794082576,17.15586206896552,46.52980132450331,,,100,100
726,0.21,sn_kjContinuousBeta_xnjNormal,0,6,SuStaIn (KDE),3,0.4114483298923225,0.9876761009434276,634.7191811283429,0.3708417508417508,-0.0026855783157411,10.212413793103448,18.77483443708609,,,100,100
726,0.21,sn_kjContinuousBeta_xnjNormal,1,6,BebmS,3,0.2249256169585984,0.9550755075507552,69.33015841245651,0.3916498316498316,0.0,9.630344827586208,0.1933333333333333,,,100,100
726,0.21,sn_kjContinuousBeta_xnjNormal,1,6,BebmS (Blind),3,0.2249256169585984,0.9550755075507552,84.26582614183425,0.4107744107744107,0.0,9.444137931034485,1.0933333333333333,,2.0,100,100
726,0.21,sn_kjContinuousBeta_xnjNormal,1,6,Random Guessing,3,0.2249256169585984,0.9550755075507552,0.0,0.479737636923566,0.0022681551436068,53.78344827586207,6.486666666666666,,2.0,100,100
726,0.21,sn_kjContinuousBeta_xnjNormal,1,6,SuStaIn (GMM),3,0.2249256169585984,0.9550755075507552,283.26518967549003,0.355084175084175,0.0566699044937355,14.382068965517242,39.39333333333333,,,100,100
726,0.21,sn_kjContinuousBeta_xnjNormal,1,6,SuStaIn (KDE),3,0.2249256169585984,0.9550755075507552,416.0831275026004,0.292053872053872,0.0048316843945578,8.783448275862069,16.30666666666667,,,100,100
726,0.21,sn_kjContinuousBeta_xnjNormal,2,6,BebmS,3,0.2128414647749437,0.9577424409107578,78.24081459045411,0.3934680134680134,0.0,10.991724137931037,0.1589403973509933,,,100,100
726,0.21,sn_kjContinuousBeta_xnjNormal,2,6,BebmS (Blind),3,0.2128414647749437,0.9577424409107578,103.54431013266246,0.4135353535353536,0.0,10.660689655172414,0.3708609271523179,,2.0,100,100
726,0.21,sn_kjContinuousBeta_xnjNormal,2,6,Random Guessing,3,0.2128414647749437,0.9577424409107578,0.0,0.4972233321052295,0.0033970097663985,52.55172413793103,5.821192052980132,,2.0,100,100
726,0.21,sn_kjContinuousBeta_xnjNormal,2,6,SuStaIn (GMM),3,0.2128414647749437,0.9577424409107578,487.4362480799357,0.4317171717171717,0.2275034635292189,18.51034482758621,46.67549668874173,,,100,100
726,0.21,sn_kjContinuousBeta_xnjNormal,2,6,SuStaIn (KDE),3,0.2128414647749437,0.9577424409107578,584.9608104745547,0.3259259259259259,-0.0006796968122572,11.470344827586208,20.801324503311257,,,100,100
726,0.21,sn_kjContinuousBeta_xnjNormal,3,6,BebmS,3,0.3393462323144235,0.9771470480381372,69.1644873658816,0.4042424242424242,0.0,10.91448275862069,0.0986842105263157,,,100,100
726,0.21,sn_kjContinuousBeta_xnjNormal,3,6,BebmS (Blind),3,0.3393462323144235,0.9771470480381372,85.16422519683837,0.4291582491582491,0.0,12.635862068965515,2.0526315789473686,,2.0,100,100
726,0.21,sn_kjContinuousBeta_xnjNormal,3,6,Random Guessing,3,0.3393462323144235,0.9771470480381372,0.0,0.4893250274481462,0.0020023846094639,53.35448275862069,5.3881578947368425,,2.0,100,100
726,0.21,sn_kjContinuousBeta_xnjNormal,3,6,SuStaIn (GMM),3,0.3393462323144235,0.9771470480381372,544.1473718643189,0.4195286195286195,0.0309407060008451,17.884137931034484,43.34868421052632,,,100,100
726,0.21,sn_kjContinuousBeta_xnjNormal,3,6,SuStaIn (KDE),3,0.3393462323144235,0.9771470480381372,535.5672215739886,0.3257239057239057,0.0004165844905922,8.493793103448276,13.361842105263158,,,100,100
726,0.21,sn_kjContinuousBeta_xnjNormal,4,6,BebmS,3,0.0853615313835855,0.7787618761876187,69.12526868581772,0.3430976430976431,0.5775941947136821,8.553103448275863,0.0264900662251655,,,100,100
726,0.21,sn_kjContinuousBeta_xnjNormal,4,6,BebmS (Blind),3,0.0853615313835855,0.7787618761876187,84.21948037147521,0.3398653198653198,0.598179116697622,10.140689655172414,1.1258278145695364,,1.0,100,100
726,0.21,sn_kjContinuousBeta_xnjNormal,4,6,Random Guessing,3,0.0853615313835855,0.7787618761876187,0.0,0.4938522160509837,0.0001523142854974,52.06068965517241,6.298013245033113,,1.0,100,100
726,0.21,sn_kjContinuousBeta_xnjNormal,4,6,SuStaIn (GMM),3,0.0853615313835855,0.7787618761876187,261.9439519246419,0.3888215488215489,0.7888845597288653,19.43862068965517,47.0728476821192,,,100,100
726,0.21,sn_kjContinuousBeta_xnjNormal,4,6,SuStaIn (KDE),3,0.0853615313835855,0.7787618761876187,466.2270418842634,0.3717171717171717,0.1275546892222626,12.169655172413792,21.94701986754967,,,100,100
726,0.21,sn_kjContinuousBeta_xnjNormal,5,6,BebmS,3,0.088239242552224,0.8004147081374804,68.88673101663589,0.3726599326599327,0.3028481518486664,10.17103448275862,0.1324503311258278,,,100,100
726,0.21,sn_kjContinuousBeta_xnjNormal,5,6,BebmS (Blind),3,0.088239242552224,0.8004147081374804,84.23152001301447,0.3020875420875421,0.650022056080922,10.627586206896552,0.8079470198675497,,3.0,100,100
726,0.21,sn_kjContinuousBeta_xnjNormal,5,6,Random Guessing,3,0.088239242552224,0.8004147081374804,0.0,0.496239480269317,0.0028199565776366,52.59586206896552,6.185430463576159,,3.0,100,100
726,0.21,sn_kjContinuousBeta_xnjNormal,5,6,SuStaIn (GMM),3,0.088239242552224,0.8004147081374804,477.6775317986806,0.3632996632996633,0.8614538255514971,16.83586206896552,43.794701986754966,,,100,100
726,0.21,sn_kjContinuousBeta_xnjNormal,5,6,SuStaIn (KDE),3,0.088239242552224,0.8004147081374804,517.8317120552063,0.3933333333333333,0.0290450129410727,12.460689655172414,18.70198675496689,,,100,100
726,0.21,sn_kjContinuousBeta_xnjNormal,6,6,BebmS,3,0.33882560123061,0.9814088075474214,79.55433520476024,0.4012121212121212,0.0,7.444137931034483,0.0,,,100,100
726,0.21,sn_kjContinuousBeta_xnjNormal,6,6,BebmS (Blind),3,0.33882560123061,0.9814088075474214,102.10164192517598,0.3626936026936027,0.0,3.569655172413793,0.0927152317880794,,1.0,100,100
726,0.21,sn_kjContinuousBeta_xnjNormal,6,6,Random Guessing,3,0.33882560123061,0.9814088075474214,0.0,0.4816996738473398,-0.0018378864626962,52.58896551724138,5.880794701986755,,1.0,100,100
726,0.21,sn_kjContinuousBeta_xnjNormal,6,6,SuStaIn (GMM),3,0.33882560123061,0.9814088075474214,629.592918030421,0.3325252525252525,0.038293735268324,14.395862068965515,39.84105960264901,,,100,100
726,0.21,sn_kjContinuousBeta_xnjNormal,6,6,SuStaIn (KDE),3,0.33882560123061,0.9814088075474214,593.6160341461499,0.2774410774410774,-0.0056022353879617,10.224827586206896,20.27814569536424,,,100,100
726,0.21,sn_kjContinuousBeta_xnjNormal,7,6,BebmS,3,0.4596318266246326,0.9922392239223924,69.40053991476695,0.4058585858585859,0.0,9.372413793103448,0.0132450331125827,,,100,100
726,0.21,sn_kjContinuousBeta_xnjNormal,7,6,BebmS (Blind),3,0.4596318266246326,0.9922392239223924,84.30000765323639,0.4125925925925926,0.0,8.533793103448275,0.0993377483443708,,0.0,100,100
726,0.21,sn_kjContinuousBeta_xnjNormal,7,6,Random Guessing,3,0.4596318266246326,0.9922392239223924,0.0,0.4973275997082656,0.0015859110933618,53.24,5.953642384105961,,0.0,100,100
726,0.21,sn_kjContinuousBeta_xnjNormal,7,6,SuStaIn (GMM),3,0.4596318266246326,0.9922392239223924,582.0945773522059,0.3894949494949495,0.0070133786018516,15.984827586206896,44.18543046357616,,,100,100
726,0.21,sn_kjContinuousBeta_xnjNormal,7,6,SuStaIn (KDE),3,0.4596318266246326,0.9922392239223924,470.0991031130155,0.3251851851851852,-0.0006151927325049,11.515862068965518,18.29139072847682,,,100,100
726,0.21,sn_kjContinuousBeta_xnjNormal,8,6,BebmS,3,0.135425063163262,0.8968750208354169,70.65125938653946,0.3158249158249158,0.2262303861380315,8.94896551724138,0.0,,,100,100
726,0.21,sn_kjContinuousBeta_xnjNormal,8,6,BebmS (Blind),3,0.135425063163262,0.8968750208354169,85.76555571953456,0.3942087542087542,0.0,11.435862068965518,1.0132450331125828,,3.0,100,100
726,0.21,sn_kjContinuousBeta_xnjNormal,8,6,Random Guessing,3,0.135425063163262,0.8968750208354169,0.0,0.5166179327080961,0.0009337372575035,52.9696551724138,5.854304635761589,,3.0,100,100
726,0.21,sn_kjContinuousBeta_xnjNormal,8,6,SuStaIn (GMM),3,0.135425063163262,0.8968750208354169,233.95392219622929,0.2923232323232323,0.5095033804331619,12.615172413793104,40.40397350993378,,,100,100
726,0.21,sn_kjContinuousBeta_xnjNormal,8,6,SuStaIn (KDE),3,0.135425063163262,0.8968750208354169,275.52082449595133,0.3311784511784512,0.03646977737953,11.463448275862069,19.43708609271523,,,100,100
726,0.21,sn_kjContinuousBeta_xnjNormal,9,6,BebmS,3,0.1927430620140547,0.9468933560022668,70.5148948431015,0.4129292929292929,0.004154187295413,12.688275862068966,0.0,,,100,100
726,0.21,sn_kjContinuousBeta_xnjNormal,9,6,BebmS (Blind),3,0.1927430620140547,0.9468933560022668,85.9580514073372,0.4362289562289563,0.0,12.52,1.236842105263158,,2.0,100,100
726,0.21,sn_kjContinuousBeta_xnjNormal,9,6,Random Guessing,3,0.1927430620140547,0.9468933560022668,0.0,0.4839214893229551,-0.0001986712899177,53.066206896551726,6.118421052631579,,2.0,100,100
726,0.21,sn_kjContinuousBeta_xnjNormal,9,6,SuStaIn (GMM),3,0.1927430620140547,0.9468933560022668,127.81916777690252,0.4227609427609427,0.0280261818699269,18.93103448275862,44.38157894736842,,,100,100
726,0.21,sn_kjContinuousBeta_xnjNormal,9,6,SuStaIn (KDE),3,0.1927430620140547,0.9468933560022668,189.2293246547381,0.3521212121212121,0.0064854943391966,12.380689655172414,19.88157894736842,,,100,100
726,0.21,sn_kjContinuousBeta_xnjNormal,10,6,BebmS,3,0.3171376870842489,0.972034536787012,70.01381194988886,0.4481481481481482,0.0,16.579310344827586,0.0,,,100,100
726,0.21,sn_kjContinuousBeta_xnjNormal,10,6,BebmS (Blind),3,0.3171376870842489,0.972034536787012,84.86303826173146,0.4525925925925926,0.0,12.642758620689657,0.0331125827814569,,2.0,100,100
726,0.21,sn_kjContinuousBeta_xnjNormal,10,6,Random Guessing,3,0.3171376870842489,0.972034536787012,0.0,0.4823105001341023,0.0009604591335625,54.12965517241379,6.298013245033113,,2.0,100,100
726,0.21,sn_kjContinuousBeta_xnjNormal,10,6,SuStaIn (GMM),3,0.3171376870842489,0.972034536787012,1077.8423100113869,0.3612794612794612,0.0960663640663053,14.924137931034483,44.3907284768212,,,100,100
726,0.21,sn_kjContinuousBeta_xnjNormal,10,6,SuStaIn (KDE),3,0.3171376870842489,0.972034536787012,828.0010891834895,0.3016835016835016,0.0011032859169413,10.26206896551724,20.49668874172185,,,100,100
726,0.21,sn_kjContinuousBeta_xnjNormal,11,6,BebmS,3,0.4359711367084952,0.9884281761509484,69.80985261201859,0.3799326599326599,-0.0008420952284099,10.31448275862069,0.0,,,100,100
726,0.21,sn_kjContinuousBeta_xnjNormal,11,6,BebmS (Blind),3,0.4359711367084952,0.9884281761509484,85.1566460331281,0.3812794612794613,0.0,5.699310344827587,0.0,,2.0,100,100
726,0.21,sn_kjContinuousBeta_xnjNormal,11,6,Random Guessing,3,0.4359711367084952,0.9884281761509484,0.0,0.5056114539356175,-0.0017499397452788,52.23172413793103,6.184210526315789,,2.0,100,100
726,0.21,sn_kjContinuousBeta_xnjNormal,11,6,SuStaIn (GMM),3,0.4359711367084952,0.9884281761509484,278.76304135719937,0.4377104377104377,0.0003148622742421,22.42896551724138,49.92763157894737,,,100,100
726,0.21,sn_kjContinuousBeta_xnjNormal,11,6,SuStaIn (KDE),3,0.4359711367084952,0.9884281761509484,719.4609057704607,0.3616161616161616,0.0035339784251801,11.12689655172414,19.644736842105264,,,100,100
726,0.21,sn_kjContinuousBeta_xnjNormal,12,6,BebmS,3,0.0347789361603445,0.4758462512917958,81.76872254610062,0.2373063973063973,0.9526185528656504,8.46896551724138,0.0,,,100,100
726,0.21,sn_kjContinuousBeta_xnjNormal,12,6,BebmS (Blind),3,0.0347789361603445,0.4758462512917958,100.06787817080816,0.2313804713804713,0.8987049592266083,6.038620689655173,1.118421052631579,,3.0,100,100
726,0.21,sn_kjContinuousBeta_xnjNormal,12,6,Random Guessing,3,0.0347789361603445,0.4758462512917958,0.0,0.5066215609434445,-0.0006571935995731,52.44137931034483,5.6381578947368425,,3.0,100,100
726,0.21,sn_kjContinuousBeta_xnjNormal,12,6,SuStaIn (GMM),3,0.0347789361603445,0.4758462512917958,732.77454221646,0.3464646464646465,0.9803866964462492,14.593103448275862,40.151315789473685,,,100,100
726,0.21,sn_kjContinuousBeta_xnjNormal,12,6,SuStaIn (KDE),3,0.0347789361603445,0.4758462512917958,661.4086901028951,0.3443771043771044,0.2940207650243007,12.82896551724138,20.230263157894736,,,100,100
726,0.21,sn_kjContinuousBeta_xnjNormal,13,6,BebmS,3,0.2194265141099235,0.9536060272693936,72.63581244150798,0.3905050505050505,0.0,8.230027548209366,0.0,,,100,100
726,0.21,sn_kjContinuousBeta_xnjNormal,13,6,BebmS (Blind),3,0.2194265141099235,0.9536060272693936,88.49488703807195,0.4446464646464647,0.0,13.06749311294766,2.526666666666667,,0.0,100,100
726,0.21,sn_kjContinuousBeta_xnjNormal,13,6,Random Guessing,3,0.2194265141099235,0.9536060272693936,0.0,0.4869415078604373,0.0002666004130913,52.56198347107438,5.78,,0.0,100,100
726,0.21,sn_kjContinuousBeta_xnjNormal,13,6,SuStaIn (GMM),3,0.2194265141099235,0.9536060272693936,616.1414951761564,0.3943434343434344,0.3210127354260679,17.94490358126722,45.22,,,100,100
726,0.21,sn_kjContinuousBeta_xnjNormal,13,6,SuStaIn (KDE),3,0.2194265141099235,0.9536060272693936,582.4944034099578,0.365050505050505,0.0089364408996597,11.15977961432507,18.846666666666668,,,100,100
726,0.21,sn_kjContinuousBeta_xnjNormal,14,6,BebmS,3,0.1727696054565871,0.918119811981198,69.0417459845543,0.4661279461279461,0.0,13.77103448275862,0.0,,,100,100
726,0.21,sn_kjContinuousBeta_xnjNormal,14,6,BebmS (Blind),3,0.1727696054565871,0.918119811981198,95.52251019875207,0.3620202020202021,0.0673422061022014,9.03310344827586,0.0662251655629139,,1.0,100,100
726,0.21,sn_kjContinuousBeta_xnjNormal,14,6,Random Guessing,3,0.1727696054565871,0.918119811981198,0.0,0.4969446917673424,-0.0031464857357726,52.46344827586207,5.973509933774834,,1.0,100,100
726,0.21,sn_kjContinuousBeta_xnjNormal,14,6,SuStaIn (GMM),3,0.1727696054565871,0.918119811981198,1250.0657589276632,0.3788552188552188,0.4050379309640836,15.41793103448276,41.37748344370861,,,100,100
726,0.21,sn_kjContinuousBeta_xnjNormal,14,6,SuStaIn (KDE),3,0.1727696054565871,0.918119811981198,702.7918275396029,0.3704377104377105,0.0408146658797945,11.332413793103449,18.18543046357616,,,100,100
726,0.21,sn_kjContinuousBeta_xnjNormal,15,6,BebmS,3,0.2061876593080363,0.95004033736707,75.1468405365944,0.3752861952861953,0.0,10.727272727272728,0.0662251655629139,,,100,100
726,0.21,sn_kjContinuousBeta_xnjNormal,15,6,BebmS (Blind),3,0.2061876593080363,0.95004033736707,90.31029133796692,0.3612794612794612,0.0021581506545488,11.819559228650135,0.086092715231788,,2.0,100,100
726,0.21,sn_kjContinuousBeta_xnjNormal,15,6,Random Guessing,3,0.2061876593080363,0.95004033736707,0.0,0.4996601777712763,6.144514863295372e-05,53.26997245179064,5.834437086092716,,2.0,100,100
726,0.21,sn_kjContinuousBeta_xnjNormal,15,6,SuStaIn (GMM),3,0.2061876593080363,0.95004033736707,157.64221105972925,0.3639057239057239,0.1940077157668732,16.798898071625345,42.93377483443709,,,100,100
726,0.21,sn_kjContinuousBeta_xnjNormal,15,6,SuStaIn (KDE),3,0.2061876593080363,0.95004033736707,199.38871564070385,0.3059259259259259,0.0370520541403198,11.097796143250688,22.423841059602648,,,100,100
726,0.21,sn_kjContinuousBeta_xnjNormal,16,6,BebmS,3,0.0550526157613747,0.6325312531253126,72.44379763205846,0.3572390572390572,0.3742431044563346,12.939310344827586,0.119205298013245,,,100,100
726,0.21,sn_kjContinuousBeta_xnjNormal,16,6,BebmS (Blind),3,0.0550526157613747,0.6325312531253126,93.85095763603846,0.4534006734006734,0.0002510753249697,14.830344827586208,2.781456953642384,,0.0,100,100
726,0.21,sn_kjContinuousBeta_xnjNormal,16,6,Random Guessing,3,0.0550526157613747,0.6325312531253126,0.0,0.4819990636673488,0.0004462332838256,52.29103448275862,5.423841059602649,,0.0,100,100
726,0.21,sn_kjContinuousBeta_xnjNormal,16,6,SuStaIn (GMM),3,0.0550526157613747,0.6325312531253126,288.3485008716583,0.3583838383838384,0.7915723305060668,15.846896551724138,39.64238410596027,,,100,100
726,0.21,sn_kjContinuousBeta_xnjNormal,16,6,SuStaIn (KDE),3,0.0550526157613747,0.6325312531253126,262.9546454230944,0.2783838383838384,0.2165061152207915,10.58206896551724,15.291390728476822,,,100,100
726,0.21,sn_kjContinuousBeta_xnjNormal,17,6,BebmS,3,0.3723102882636441,0.9807154048738208,74.01914986371995,0.4102356902356902,0.0,10.002758620689654,0.0,,,100,100
726,0.21,sn_kjContinuousBeta_xnjNormal,17,6,BebmS (Blind),3,0.3723102882636441,0.9807154048738208,92.29751180807747,0.4122558922558923,0.0,9.722758620689657,0.847682119205298,,2.0,100,100
726,0.21,sn_kjContinuousBeta_xnjNormal,17,6,Random Guessing,3,0.3723102882636441,0.9807154048738208,0.0,0.4774712746299669,-0.001404069278637,51.89655172413793,6.496688741721854,,2.0,100,100
726,0.21,sn_kjContinuousBeta_xnjNormal,17,6,SuStaIn (GMM),3,0.3723102882636441,0.9807154048738208,241.70069983402888,0.3636363636363636,0.006211195104779,13.860689655172411,34.384105960264904,,,100,100
726,0.21,sn_kjContinuousBeta_xnjNormal,17,6,SuStaIn (KDE),3,0.3723102882636441,0.9807154048738208,237.8698228557905,0.3731313131313131,-0.001587454566477,13.16,21.814569536423843,,,100,100
726,0.21,sn_kjContinuousBeta_xnjNormal,18,6,BebmS,3,0.0956876544248976,0.7952995299529954,68.97545849084854,0.4036363636363636,0.0044586502051816,12.644137931034482,0.0,,,100,100
726,0.21,sn_kjContinuousBeta_xnjNormal,18,6,BebmS (Blind),3,0.0956876544248976,0.7952995299529954,84.4976468205452,0.3769696969696969,-0.0002549202181635,12.073103448275862,0.8278145695364238,,0.0,100,100
726,0.21,sn_kjContinuousBeta_xnjNormal,18,6,Random Guessing,3,0.0956876544248976,0.7952995299529954,0.0,0.4878162821351182,0.0031244806600332,53.17793103448276,5.960264900662252,,0.0,100,100
726,0.21,sn_kjContinuousBeta_xnjNormal,18,6,SuStaIn (GMM),3,0.0956876544248976,0.7952995299529954,540.1872614820799,0.3901010101010101,0.6147668426947759,17.024827586206897,38.51655629139073,,,100,100
726,0.21,sn_kjContinuousBeta_xnjNormal,18,6,SuStaIn (KDE),3,0.0956876544248976,0.7952995299529954,533.3375114997228,0.3562289562289562,0.0560796563857354,13.364137931034485,22.50993377483444,,,100,100
726,0.21,sn_kjContinuousBeta_xnjNormal,19,6,BebmS,3,0.4572940649437703,0.9908177484415108,69.65229241450628,0.3854545454545454,0.0,7.253443526170799,0.1059602649006622,,,100,100
726,0.21,sn_kjContinuousBeta_xnjNormal,19,6,BebmS (Blind),3,0.4572940649437703,0.9908177484415108,85.1702162106832,0.3528619528619528,0.0,5.225895316804408,0.0993377483443708,,1.0,100,100
726,0.21,sn_kjContinuousBeta_xnjNormal,19,6,Random Guessing,3,0.4572940649437703,0.9908177484415108,0.0,0.5050505524094281,0.0020891622496217,51.80440771349862,6.086092715231788,,1.0,100,100
726,0.21,sn_kjContinuousBeta_xnjNormal,19,6,SuStaIn (GMM),3,0.4572940649437703,0.9908177484415108,543.469684334596,0.3118518518518518,0.0135429032468631,13.65977961432507,36.9271523178808,,,100,100
726,0.21,sn_kjContinuousBeta_xnjNormal,19,6,SuStaIn (KDE),3,0.4572940649437703,0.9908177484415108,512.8548171877861,0.3028282828282828,-0.0066142539701859,10.147382920110193,18.62913907284768,,,100,100
726,0.21,sn_kjContinuousBeta_xnjNormal,20,6,BebmS,3,0.4669117532711822,0.9934553455345536,134.71470423936844,0.454949494949495,0.0,13.504827586206895,0.0,,,100,100
726,0.21,sn_kjContinuousBeta_xnjNormal,20,6,BebmS (Blind),3,0.4669117532711822,0.9934553455345536,123.95466047525406,0.402020202020202,0.0,9.76,0.9867549668874172,,1.0,100,100
726,0.21,sn_kjContinuousBeta_xnjNormal,20,6,Random Guessing,3,0.4669117532711822,0.9934553455345536,0.0,0.5042375465895007,-0.0027698745783875,52.40689655172414,6.013245033112582,,1.0,100,100
726,0.21,sn_kjContinuousBeta_xnjNormal,20,6,SuStaIn (GMM),3,0.4669117532711822,0.9934553455345536,686.9727303942044,0.3391245791245791,0.0008936737052582,15.47448275862069,43.4635761589404,,,100,100
726,0.21,sn_kjContinuousBeta_xnjNormal,20,6,SuStaIn (KDE),3,0.4669117532711822,0.9934553455345536,729.5392009854316,0.3147474747474747,0.0021696692063053,11.248275862068963,20.503311258278146,,,100,100
726,0.21,sn_kjContinuousBeta_xnjNormal,21,6,BebmS,3,0.3019105684010834,0.971911857852452,132.95165206193923,0.3893602693602693,0.0,11.851239669421489,0.0596026490066225,,,100,100
726,0.21,sn_kjContinuousBeta_xnjNormal,21,6,BebmS (Blind),3,0.3019105684010834,0.971911857852452,148.68093682130177,0.3762962962962963,0.0,9.409090909090908,0.3443708609271523,,2.0,100,100
726,0.21,sn_kjContinuousBeta_xnjNormal,21,6,Random Guessing,3,0.3019105684010834,0.971911857852452,0.0,0.5035833785161212,0.00232147889743,52.77272727272727,5.847682119205298,,2.0,100,100
726,0.21,sn_kjContinuousBeta_xnjNormal,21,6,SuStaIn (GMM),3,0.3019105684010834,0.971911857852452,750.1528456886609,0.4169023569023569,0.1378125656788148,17.63085399449036,41.735099337748345,,,100,100
726,0.21,sn_kjContinuousBeta_xnjNormal,21,6,SuStaIn (KDE),3,0.3019105684010834,0.971911857852452,644.8834253033002,0.3381818181818182,-0.00178299191302,11.559228650137742,18.21192052980133,,,100,100
726,0.21,sn_kjContinuousBeta_xnjNormal,22,6,BebmS,3,0.1248483066825835,0.8887675434210087,94.66458634932836,0.4455892255892255,0.0,11.195862068965518,0.0,,,100,100
726,0.21,sn_kjContinuousBeta_xnjNormal,22,6,BebmS (Blind),3,0.1248483066825835,0.8887675434210087,119.8126219034195,0.4286195286195286,0.0,11.518620689655172,0.0596026490066225,,2.0,100,100
726,0.21,sn_kjContinuousBeta_xnjNormal,22,6,Random Guessing,3,0.1248483066825835,0.8887675434210087,0.0,0.4838349503164607,-0.0008684010654354,52.45931034482759,5.66887417218543,,2.0,100,100
726,0.21,sn_kjContinuousBeta_xnjNormal,22,6,SuStaIn (GMM),3,0.1248483066825835,0.8887675434210087,505.0728166302045,0.323030303030303,0.522348409386291,13.019310344827586,36.3841059602649,,,100,100
726,0.21,sn_kjContinuousBeta_xnjNormal,22,6,SuStaIn (KDE),3,0.1248483066825835,0.8887675434210087,567.2993461529414,0.3489562289562289,0.0383444776738773,12.32551724137931,16.788079470198674,,,100,100
726,0.21,sn_kjContinuousBeta_xnjNormal,23,6,BebmS,3,0.4679529649705973,0.9898149814981498,97.71769066651662,0.3853872053872054,-0.001088298842204,10.110192837465563,0.0463576158940397,,,100,100
726,0.21,sn_kjContinuousBeta_xnjNormal,23,6,BebmS (Blind),3,0.4679529649705973,0.9898149814981498,123.18422363996504,0.4302356902356902,0.0,9.577134986225897,0.7615894039735099,,2.0,100,100
726,0.21,sn_kjContinuousBeta_xnjNormal,23,6,Random Guessing,3,0.4679529649705973,0.9898149814981498,0.0,0.509325223023545,-0.0017770760115118,53.21763085399449,6.33112582781457,,2.0,100,100
726,0.21,sn_kjContinuousBeta_xnjNormal,23,6,SuStaIn (GMM),3,0.4679529649705973,0.9898149814981498,592.8235694289208,0.4496296296296296,-0.000355272813896,20.08677685950413,47.09933774834437,,,100,100
726,0.21,sn_kjContinuousBeta_xnjNormal,23,6,SuStaIn (KDE),3,0.4679529649705973,0.9898149814981498,611.1078752795855,0.3017508417508417,-0.0007731454397253,9.352617079889807,18.08609271523179,,,100,100
726,0.21,sn_kjContinuousBeta_xnjNormal,24,6,BebmS,3,0.0521267920467306,0.6441190785745241,80.26919460296631,0.2853198653198653,0.4775745249437721,6.503448275862069,0.0132450331125827,,,100,100
726,0.21,sn_kjContinuousBeta_xnjNormal,24,6,BebmS (Blind),3,0.0521267920467306,0.6441190785745241,106.56690402428308,0.3525252525252525,0.6221127741668782,9.813793103448276,4.317880794701987,,1.0,100,100
726,0.21,sn_kjContinuousBeta_xnjNormal,24,6,Random Guessing,3,0.0521267920467306,0.6441190785745241,0.0,0.4830438377467238,-0.0013242760558026,51.16137931034483,5.781456953642384,,1.0,100,100
726,0.21,sn_kjContinuousBeta_xnjNormal,24,6,SuStaIn (GMM),3,0.0521267920467306,0.6441190785745241,305.3784270723661,0.3447138047138047,0.8456507733979279,14.8,40.847682119205295,,,100,100
726,0.21,sn_kjContinuousBeta_xnjNormal,24,6,SuStaIn (KDE),3,0.0521267920467306,0.6441190785745241,341.3747197786967,0.283973063973064,0.3940288011557267,10.70896551724138,19.41721854304636,,,100,100
726,0.21,sn_kjContinuousBeta_xnjNormal,25,6,BebmS,3,0.399127439343923,0.9867080041337468,69.49881347815196,0.4261279461279461,0.0,9.351724137931036,0.1184210526315789,,,100,100
726,0.21,sn_kjContinuousBeta_xnjNormal,25,6,BebmS (Blind),3,0.399127439343923,0.9867080041337468,85.61446924209595,0.4191245791245792,0.0,10.219310344827589,0.1447368421052631,,1.0,100,100
726,0.21,sn_kjContinuousBeta_xnjNormal,25,6,Random Guessing,3,0.399127439343923,0.9867080041337468,0.0,0.4932570528842229,-0.0028333240414077,53.05793103448276,6.269736842105263,,1.0,100,100
726,0.21,sn_kjContinuousBeta_xnjNormal,25,6,SuStaIn (GMM),3,0.399127439343923,0.9867080041337468,541.4559470733006,0.3292255892255892,0.0363411147255259,15.369655172413792,44.76315789473684,,,100,100
726,0.21,sn_kjContinuousBeta_xnjNormal,25,6,SuStaIn (KDE),3,0.399127439343923,0.9867080041337468,655.390285551548,0.3914478114478115,0.0048044497246227,13.195862068965518,23.25,,,100,100
726,0.21,sn_kjContinuousBeta_xnjNormal,26,6,BebmS,3,0.1612072673543651,0.9357242390905756,69.02715804179509,0.4376430976430976,0.0,14.60551724137931,0.0,,,100,100
726,0.21,sn_kjContinuousBeta_xnjNormal,26,6,BebmS (Blind),3,0.1612072673543651,0.9357242390905756,84.3943634947141,0.424040404040404,0.0,7.372413793103449,0.2251655629139073,,2.0,100,100
726,0.21,sn_kjContinuousBeta_xnjNormal,26,6,Random Guessing,3,0.1612072673543651,0.9357242390905756,0.0,0.502539855167635,-0.0006807262784592,52.51724137931034,5.966887417218543,,2.0,100,100
726,0.21,sn_kjContinuousBeta_xnjNormal,26,6,SuStaIn (GMM),3,0.1612072673543651,0.9357242390905756,619.0601638277371,0.3654545454545455,0.0516850654670507,17.077241379310344,42.05960264900662,,,100,100
726,0.21,sn_kjContinuousBeta_xnjNormal,26,6,SuStaIn (KDE),3,0.1612072673543651,0.9357242390905756,594.6141916036606,0.3642424242424242,0.0032441120996332,11.89103448275862,20.24503311258278,,,100,100
726,0.21,sn_kjContinuousBeta_xnjNormal,27,6,BebmS,3,0.1004193365404371,0.8376691002433577,125.32856141726177,0.4078787878787879,0.0,6.102068965517241,0.0,,,100,100
726,0.21,sn_kjContinuousBeta_xnjNormal,27,6,BebmS (Blind),3,0.1004193365404371,0.8376691002433577,150.51262653271357,0.3552188552188552,0.2095831809941448,8.95448275862069,1.8609271523178808,,1.0,100,100
726,0.21,sn_kjContinuousBeta_xnjNormal,27,6,Random Guessing,3,0.1004193365404371,0.8376691002433577,0.0,0.501613376671479,-0.0025799117655677,53.41931034482759,5.781456953642384,,1.0,100,100
726,0.21,sn_kjContinuousBeta_xnjNormal,27,6,SuStaIn (GMM),3,0.1004193365404371,0.8376691002433577,364.7704622387886,0.3076767676767677,0.6238381843801186,12.627586206896552,38.562913907284766,,,100,100
726,0.21,sn_kjContinuousBeta_xnjNormal,27,6,SuStaIn (KDE),3,0.1004193365404371,0.8376691002433577,399.6800197958946,0.3531313131313131,0.0189135199143549,11.375172413793104,20.75496688741722,,,100,100
726,0.21,sn_kjContinuousBeta_xnjNormal,28,6,BebmS,3,0.1597180866942004,0.9047904790479048,73.92270467281341,0.3939393939393938,0.0038628526552132,6.947586206896552,0.0,,,100,100
726,0.21,sn_kjContinuousBeta_xnjNormal,28,6,BebmS (Blind),3,0.1597180866942004,0.9047904790479048,91.74648690621058,0.3962289562289562,0.0,8.281379310344828,0.1390728476821192,,1.0,100,100
726,0.21,sn_kjContinuousBeta_xnjNormal,28,6,Random Guessing,3,0.1597180866942004,0.9047904790479048,0.0,0.5021607446461805,0.0005310165514427,52.75034482758621,6.357615894039735,,1.0,100,100
726,0.21,sn_kjContinuousBeta_xnjNormal,28,6,SuStaIn (GMM),3,0.1597180866942004,0.9047904790479048,628.6220443487167,0.4257239057239057,0.4851272576986625,17.819310344827585,46.67549668874173,,,100,100
726,0.21,sn_kjContinuousBeta_xnjNormal,28,6,SuStaIn (KDE),3,0.1597180866942004,0.9047904790479048,594.9860626618067,0.3628282828282828,0.0184605085606304,11.526896551724136,18.516556291390728,,,100,100
726,0.21,sn_kjContinuousBeta_xnjNormal,29,6,BebmS,3,0.2775803034500336,0.9753148648198152,74.22098050117492,0.3979124579124579,0.0,5.499310344827586,0.0794701986754966,,,100,100
726,0.21,sn_kjContinuousBeta_xnjNormal,29,6,BebmS (Blind),3,0.2775803034500336,0.9753148648198152,91.91107581853866,0.3769023569023569,-0.0001543526100473,4.973793103448276,0.4105960264900662,,2.0,100,100
726,0.21,sn_kjContinuousBeta_xnjNormal,29,6,Random Guessing,3,0.2775803034500336,0.9753148648198152,0.0,0.5056852727039778,-0.0003953069769244,52.74344827586207,6.066225165562914,,2.0,100,100
726,0.21,sn_kjContinuousBeta_xnjNormal,29,6,SuStaIn (GMM),3,0.2775803034500336,0.9753148648198152,536.4704894661903,0.3755555555555556,0.079408383199561,15.96689655172414,40.47019867549669,,,100,100
726,0.21,sn_kjContinuousBeta_xnjNormal,29,6,SuStaIn (KDE),3,0.2775803034500336,0.9753148648198152,609.4119715531667,0.2960942760942761,-0.0023024775730906,10.44,17.357615894039736,,,100,100
726,0.21,sn_kjContinuousBeta_xnjNormal,30,6,BebmS,3,0.0268963749906742,0.4652131879854652,69.53761177857717,0.2438383838383838,0.8296007202930378,5.684573002754821,0.0,,,100,100
726,0.21,sn_kjContinuousBeta_xnjNormal,30,6,BebmS (Blind),3,0.0268963749906742,0.4652131879854652,86.70503995815913,0.2287542087542088,0.8523188421617525,4.986225895316805,0.0533333333333333,,2.0,100,100
726,0.21,sn_kjContinuousBeta_xnjNormal,30,6,Random Guessing,3,0.0268963749906742,0.4652131879854652,0.0,0.4858348749838292,0.0001041109569736,53.85674931129476,5.866666666666666,,2.0,100,100
726,0.21,sn_kjContinuousBeta_xnjNormal,30,6,SuStaIn (GMM),3,0.0268963749906742,0.4652131879854652,332.4386702259381,0.2927946127946128,0.9397925640776154,12.380165289256198,37.38,,,100,100
726,0.21,sn_kjContinuousBeta_xnjNormal,30,6,SuStaIn (KDE),3,0.0268963749906742,0.4652131879854652,351.0527524034182,0.256969696969697,0.7796983976772774,8.085399449035812,17.486666666666668,,,100,100
726,0.21,sn_kjContinuousBeta_xnjNormal,31,6,BebmS,3,0.3669592033435744,0.9822408907557424,78.06617244482041,0.3713131313131313,0.0,6.270344827586207,0.0921052631578947,,,100,100
726,0.21,sn_kjContinuousBeta_xnjNormal,31,6,BebmS (Blind),3,0.3669592033435744,0.9822408907557424,92.14536441167196,0.3931313131313131,0.0,8.13103448275862,0.8552631578947368,,2.0,100,100
726,0.21,sn_kjContinuousBeta_xnjNormal,31,6,Random Guessing,3,0.3669592033435744,0.9822408907557424,0.0,0.4898886678556012,0.0010752583287165,52.08965517241379,6.078947368421052,,2.0,100,100
726,0.21,sn_kjContinuousBeta_xnjNormal,31,6,SuStaIn (GMM),3,0.3669592033435744,0.9822408907557424,345.9856817324956,0.2944781144781145,0.0989776159742069,13.935172413793104,39.18421052631579,,,100,100
726,0.21,sn_kjContinuousBeta_xnjNormal,31,6,SuStaIn (KDE),3,0.3669592033435744,0.9822408907557424,289.4784435550372,0.3237710437710437,0.0076463147744455,11.32,18.375,,,100,100
726,0.21,sn_kjContinuousBeta_xnjNormal,32,6,BebmS,3,0.1184008798975264,0.8565669900323366,97.29479922453562,0.3617508417508417,0.0624309462180264,14.059228650137742,0.0,,,100,100
726,0.21,sn_kjContinuousBeta_xnjNormal,32,6,BebmS (Blind),3,0.1184008798975264,0.8565669900323366,108.56440173387529,0.3877441077441077,0.2083444485909502,12.763085399449036,0.2733333333333333,,2.0,100,100
726,0.21,sn_kjContinuousBeta_xnjNormal,32,6,Random Guessing,3,0.1184008798975264,0.8565669900323366,0.0,0.4883338742950744,0.0022503288550803,53.02203856749311,6.22,,2.0,100,100
726,0.21,sn_kjContinuousBeta_xnjNormal,32,6,SuStaIn (GMM),3,0.1184008798975264,0.8565669900323366,274.51554873387016,0.3298316498316498,0.6099670192528104,15.742424242424242,40.73333333333333,,,100,100
726,0.21,sn_kjContinuousBeta_xnjNormal,32,6,SuStaIn (KDE),3,0.1184008798975264,0.8565669900323366,212.47991511821743,0.3727272727272727,0.0061077554304336,13.136363636363637,21.6,,,100,100
726,0.21,sn_kjContinuousBeta_xnjNormal,33,6,BebmS,3,0.2325017665698427,0.967031369803647,82.06312794288,0.4032323232323232,0.0,11.04551724137931,0.0921052631578947,,,100,100
726,0.21,sn_kjContinuousBeta_xnjNormal,33,6,BebmS (Blind),3,0.2325017665698427,0.967031369803647,99.9103879570961,0.4144107744107744,0.0,11.111724137931034,0.1578947368421052,,0.0,100,100
726,0.21,sn_kjContinuousBeta_xnjNormal,33,6,Random Guessing,3,0.2325017665698427,0.967031369803647,0.0,0.512429990793155,-0.0016690438101184,52.242758620689656,6.059210526315789,,0.0,100,100
726,0.21,sn_kjContinuousBeta_xnjNormal,33,6,SuStaIn (GMM),3,0.2325017665698427,0.967031369803647,519.6527555147807,0.3078787878787878,0.246026415051518,13.56,36.60526315789474,,,100,100
726,0.21,sn_kjContinuousBeta_xnjNormal,33,6,SuStaIn (KDE),3,0.2325017665698427,0.967031369803647,647.3840536514919,0.3136026936026936,0.0071518378443841,12.037241379310345,18.61184210526316,,,100,100
726,0.21,sn_kjContinuousBeta_xnjNormal,34,6,BebmS,3,0.4596194510153014,0.98998299829983,139.2278090397517,0.3801346801346801,0.0,7.904827586206896,0.0132450331125827,,,100,100
726,0.21,sn_kjContinuousBeta_xnjNormal,34,6,BebmS (Blind),3,0.4596194510153014,0.98998299829983,171.31939342021943,0.4195959595959596,-0.0011408080978007,11.175172413793105,0.1390728476821192,,1.0,100,100
726,0.21,sn_kjContinuousBeta_xnjNormal,34,6,Random Guessing,3,0.4596194510153014,0.98998299829983,0.0,0.4984424398053544,-0.0022351482936465,52.78068965517242,6.264900662251655,,1.0,100,100
726,0.21,sn_kjContinuousBeta_xnjNormal,34,6,SuStaIn (GMM),3,0.4596194510153014,0.98998299829983,724.8174610416095,0.35993265993266,0.0150372611029706,15.566896551724138,40.496688741721854,,,100,100
726,0.21,sn_kjContinuousBeta_xnjNormal,34,6,SuStaIn (KDE),3,0.4596194510153014,0.98998299829983,468.0655372460684,0.3478114478114478,0.0012469057296416,10.462068965517242,16.841059602649008,,,100,100
726,0.21,sn_kjContinuousBeta_xnjNormal,35,6,BebmS,3,0.2078685251671843,0.9502856952361904,78.49177613655726,0.4274747474747474,-0.0013071123542056,12.048275862068966,0.0,,,100,100
726,0.21,sn_kjContinuousBeta_xnjNormal,35,6,BebmS (Blind),3,0.2078685251671843,0.9502856952361904,95.67170404990514,0.4014814814814815,0.0,9.303448275862069,0.1059602649006622,,3.0,100,100
726,0.21,sn_kjContinuousBeta_xnjNormal,35,6,Random Guessing,3,0.2078685251671843,0.9502856952361904,0.0,0.4987372424959861,0.0033617677059538,53.01931034482759,5.814569536423841,,3.0,100,100
726,0.21,sn_kjContinuousBeta_xnjNormal,35,6,SuStaIn (GMM),3,0.2078685251671843,0.9502856952361904,385.5681107401848,0.3649831649831649,0.1659243353628103,15.786206896551723,44.09933774834437,,,100,100
726,0.21,sn_kjContinuousBeta_xnjNormal,35,6,SuStaIn (KDE),3,0.2078685251671843,0.9502856952361904,306.4143943786621,0.2984511784511784,0.0017183136124765,11.88,20.17218543046357,,,100,100
726,0.21,sn_kjContinuousBeta_xnjNormal,36,6,BebmS,3,0.3708136283677712,0.9822702270227024,109.31237132549286,0.403030303030303,-0.0008398920408432,9.553719008264462,0.02,,,100,100
726,0.21,sn_kjContinuousBeta_xnjNormal,36,6,BebmS (Blind),3,0.3708136283677712,0.9822702270227024,125.91615039110184,0.4101683501683502,0.0,8.022038567493112,0.58,,2.0,100,100
726,0.21,sn_kjContinuousBeta_xnjNormal,36,6,Random Guessing,3,0.3708136283677712,0.9822702270227024,0.0,0.5072524693813573,-0.001566168406341,53.10743801652893,6.42,,2.0,100,100
726,0.21,sn_kjContinuousBeta_xnjNormal,36,6,SuStaIn (GMM),3,0.3708136283677712,0.9822702270227024,558.9474979400635,0.3626262626262626,0.0198359362037483,15.858126721763083,41.9,,,100,100
726,0.21,sn_kjContinuousBeta_xnjNormal,36,6,SuStaIn (KDE),3,0.3708136283677712,0.9822702270227024,475.5505005399386,0.320942760942761,0.0147313223764379,12.893939393939394,24.08,,,100,100
726,0.21,sn_kjContinuousBeta_xnjNormal,37,6,BebmS,3,0.095248924600906,0.7971157115711571,72.70333454211553,0.3839057239057239,0.2301738769918908,12.253443526170798,0.1466666666666666,,,100,100
726,0.21,sn_kjContinuousBeta_xnjNormal,37,6,BebmS (Blind),3,0.095248924600906,0.7971157115711571,95.69176031748454,0.410976430976431,0.001889743251277,13.09504132231405,0.5333333333333333,,3.0,100,100
726,0.21,sn_kjContinuousBeta_xnjNormal,37,6,Random Guessing,3,0.095248924600906,0.7971157115711571,0.0,0.4934418546522527,-0.0029905396321851,53.048209366391184,5.946666666666666,,3.0,100,100
726,0.21,sn_kjContinuousBeta_xnjNormal,37,6,SuStaIn (GMM),3,0.095248924600906,0.7971157115711571,233.65293155908583,0.4016161616161617,0.8014431211293985,15.40358126721763,39.79333333333334,,,100,100
726,0.21,sn_kjContinuousBeta_xnjNormal,37,6,SuStaIn (KDE),3,0.095248924600906,0.7971157115711571,257.633674454689,0.3319191919191919,0.0999064017188035,9.961432506887052,17.786666666666665,,,100,100
726,0.21,sn_kjContinuousBeta_xnjNormal,38,6,BebmS,3,0.2933910173259753,0.9773310664399774,70.1315819064776,0.4025589225589225,-0.0023194890107783,9.615702479338845,0.02,,,100,100
726,0.21,sn_kjContinuousBeta_xnjNormal,38,6,BebmS (Blind),3,0.2933910173259753,0.9773310664399774,85.72553077538808,0.4029629629629629,0.0,11.950413223140496,0.0,,2.0,100,100
726,0.21,sn_kjContinuousBeta_xnjNormal,38,6,Random Guessing,3,0.2933910173259753,0.9773310664399774,0.0,0.4956885620020309,0.0001210126392676,54.082644628099175,5.68,,2.0,100,100
726,0.21,sn_kjContinuousBeta_xnjNormal,38,6,SuStaIn (GMM),3,0.2933910173259753,0.9773310664399774,237.8367879986763,0.3895622895622896,0.0274185039523734,16.046831955922865,45.81333333333333,,,100,100
726,0.21,sn_kjContinuousBeta_xnjNormal,38,6,SuStaIn (KDE),3,0.2933910173259753,0.9773310664399774,272.9870004057884,0.3356902356902356,0.0142878205623162,10.902203856749312,17.3,,,100,100
726,0.21,sn_kjContinuousBeta_xnjNormal,39,6,BebmS,3,0.4714899502054406,0.99005767243391,92.60411976973216,0.3771717171717171,0.0,6.3324137931034485,0.0,,,100,100
726,0.21,sn_kjContinuousBeta_xnjNormal,39,6,BebmS (Blind),3,0.4714899502054406,0.99005767243391,103.3308813214302,0.3724579124579124,0.0,3.308965517241379,0.2980132450331126,,0.0,100,100
726,0.21,sn_kjContinuousBeta_xnjNormal,39,6,Random Guessing,3,0.4714899502054406,0.99005767243391,0.0,0.492407494314462,0.0002017654840751,53.15172413793103,6.225165562913907,,0.0,100,100
726,0.21,sn_kjContinuousBeta_xnjNormal,39,6,SuStaIn (GMM),3,0.4714899502054406,0.99005767243391,700.4804079890251,0.3038383838383838,0.0002204709684837,11.775172413793104,36.06622516556291,,,100,100
726,0.21,sn_kjContinuousBeta_xnjNormal,39,6,SuStaIn (KDE),3,0.4714899502054406,0.99005767243391,466.1087114493052,0.3205387205387205,0.0009023212108537,10.935172413793104,19.90728476821192,,,100,100
726,0.21,sn_kjContinuousBeta_xnjNormal,40,6,BebmS,3,0.4811190803251677,0.9924739140580724,69.73333151737849,0.3676094276094275,0.0,10.139118457300276,0.0,,,100,100
726,0.21,sn_kjContinuousBeta_xnjNormal,40,6,BebmS (Blind),3,0.4811190803251677,0.9924739140580724,84.88499921957651,0.4255218855218854,0.0,7.863636363636363,0.0463576158940397,,1.0,100,100
726,0.21,sn_kjContinuousBeta_xnjNormal,40,6,Random Guessing,3,0.4811190803251677,0.9924739140580724,0.0,0.5081779226483557,-0.0017552112065397,51.235537190082646,5.6490066225165565,,1.0,100,100
726,0.21,sn_kjContinuousBeta_xnjNormal,40,6,SuStaIn (GMM),3,0.4811190803251677,0.9924739140580724,600.422407845656,0.3640404040404041,0.0238447554473524,15.818181818181818,43.158940397351,,,100,100
726,0.21,sn_kjContinuousBeta_xnjNormal,40,6,SuStaIn (KDE),3,0.4811190803251677,0.9924739140580724,534.0648495952288,0.3115151515151515,0.001533595133669,10.52754820936639,17.56953642384106,,,100,100
726,0.21,sn_kjContinuousBeta_xnjNormal,41,6,BebmS,3,0.150545340016779,0.9122392239223922,70.22540336052576,0.3735353535353535,0.0970167403565044,9.806896551724138,0.0,,,100,100
726,0.21,sn_kjContinuousBeta_xnjNormal,41,6,BebmS (Blind),3,0.150545340016779,0.9122392239223922,84.85232424736023,0.4053198653198653,0.003015349391411,12.972413793103447,1.0463576158940395,,2.0,100,100
726,0.21,sn_kjContinuousBeta_xnjNormal,41,6,Random Guessing,3,0.150545340016779,0.9122392239223922,0.0,0.4920550646817936,-0.0004939439768918,51.96689655172414,5.986754966887418,,2.0,100,100
726,0.21,sn_kjContinuousBeta_xnjNormal,41,6,SuStaIn (GMM),3,0.150545340016779,0.9122392239223922,625.834686434269,0.3443097643097643,0.2815332928451972,15.187586206896553,39.35761589403973,,,100,100
726,0.21,sn_kjContinuousBeta_xnjNormal,41,6,SuStaIn (KDE),3,0.150545340016779,0.9122392239223922,467.7267060995102,0.3245117845117845,0.0194238520140191,12.499310344827586,20.748344370860927,,,100,100
726,0.21,sn_kjContinuousBeta_xnjNormal,42,6,BebmS,3,0.0261157375069443,0.4994592792612594,70.08554421663284,0.2248484848484848,0.96605675305447,4.608275862068965,0.0,,,100,100
726,0.21,sn_kjContinuousBeta_xnjNormal,42,6,BebmS (Blind),3,0.0261157375069443,0.4994592792612594,85.65547007719675,0.332996632996633,0.788616577259662,6.118620689655172,0.2302631578947368,,1.0,100,100
726,0.21,sn_kjContinuousBeta_xnjNormal,42,6,Random Guessing,3,0.0261157375069443,0.4994592792612594,0.0,0.4939089930259999,-2.363775922759516e-05,52.83448275862069,5.684210526315789,,1.0,100,100
726,0.21,sn_kjContinuousBeta_xnjNormal,42,6,SuStaIn (GMM),3,0.0261157375069443,0.4994592792612594,577.8201949278514,0.3225589225589225,0.988347158018878,13.500689655172414,37.17763157894737,,,100,100
726,0.21,sn_kjContinuousBeta_xnjNormal,42,6,SuStaIn (KDE),3,0.0261157375069443,0.4994592792612594,516.8421246886253,0.3392592592592593,0.3958661162405039,12.431724137931036,20.81578947368421,,,100,100
726,0.21,sn_kjContinuousBeta_xnjNormal,43,6,BebmS,3,0.2724419915272243,0.9704877154382104,70.19989223480225,0.3940740740740741,0.0242729597494582,8.81655172413793,0.0,,,100,100
726,0.21,sn_kjContinuousBeta_xnjNormal,43,6,BebmS (Blind),3,0.2724419915272243,0.9704877154382104,85.12105139096577,0.4223569023569024,0.0106254648555654,12.415172413793105,1.1655629139072847,,1.0,100,100
726,0.21,sn_kjContinuousBeta_xnjNormal,43,6,Random Guessing,3,0.2724419915272243,0.9704877154382104,0.0,0.4812408792112528,0.0022645613406981,52.44689655172414,5.7218543046357615,,1.0,100,100
726,0.21,sn_kjContinuousBeta_xnjNormal,43,6,SuStaIn (GMM),3,0.2724419915272243,0.9704877154382104,177.2823444525401,0.330976430976431,0.1095509997333131,16.93655172413793,41.24503311258278,,,100,100
726,0.21,sn_kjContinuousBeta_xnjNormal,43,6,SuStaIn (KDE),3,0.2724419915272243,0.9704877154382104,180.15814646879832,0.2618181818181818,0.0025456639207448,11.17103448275862,21.218543046357617,,,100,100
726,0.21,sn_kjContinuousBeta_xnjNormal,44,6,BebmS,3,0.4606818608528792,0.9886041937527086,70.33230207363765,0.4043097643097643,0.0,11.695172413793104,0.0,,,100,100
726,0.21,sn_kjContinuousBeta_xnjNormal,44,6,BebmS (Blind),3,0.4606818608528792,0.9886041937527086,84.95085415840148,0.3896296296296296,0.0,11.724137931034482,0.2119205298013245,,0.0,100,100
726,0.21,sn_kjContinuousBeta_xnjNormal,44,6,Random Guessing,3,0.4606818608528792,0.9886041937527086,0.0,0.5106519938942157,-0.0014968089725817,51.86344827586207,5.867549668874172,,0.0,100,100
726,0.21,sn_kjContinuousBeta_xnjNormal,44,6,SuStaIn (GMM),3,0.4606818608528792,0.9886041937527086,627.4716089487076,0.3648484848484849,0.0866195154163482,17.97655172413793,41.88741721854305,,,100,100
726,0.21,sn_kjContinuousBeta_xnjNormal,44,6,SuStaIn (KDE),3,0.4606818608528792,0.9886041937527086,540.2639203667641,0.2842424242424242,0.0009458714125218,11.027586206896553,16.774834437086092,,,100,100
726,0.21,sn_kjContinuousBeta_xnjNormal,45,6,BebmS,3,0.1415167994698619,0.9212961296129611,71.57374082406362,0.3942760942760943,0.0090042010758902,9.252413793103448,0.0,,,100,100
726,0.21,sn_kjContinuousBeta_xnjNormal,45,6,BebmS (Blind),3,0.1415167994698619,0.9212961296129611,91.05510536829632,0.3843097643097643,0.006707430665327,11.41103448275862,0.0198675496688741,,1.0,100,100
726,0.21,sn_kjContinuousBeta_xnjNormal,45,6,Random Guessing,3,0.1415167994698619,0.9212961296129611,0.0,0.4900131974098866,-0.0017206352047899,51.85517241379311,6.370860927152318,,1.0,100,100
726,0.21,sn_kjContinuousBeta_xnjNormal,45,6,SuStaIn (GMM),3,0.1415167994698619,0.9212961296129611,543.2585939009984,0.3978451178451179,0.1069571809813677,18.78896551724138,44.86092715231788,,,100,100
726,0.21,sn_kjContinuousBeta_xnjNormal,45,6,SuStaIn (KDE),3,0.1415167994698619,0.9212961296129611,674.7290717681249,0.3522558922558922,-0.001066635117113,12.313103448275864,18.6953642384106,,,100,100
726,0.21,sn_kjContinuousBeta_xnjNormal,46,6,BebmS,3,0.0471295885236695,0.631099109910991,208.54009703795117,0.331986531986532,0.6020714578915066,9.972413793103447,0.1125827814569536,,,100,100
726,0.21,sn_kjContinuousBeta_xnjNormal,46,6,BebmS (Blind),3,0.0471295885236695,0.631099109910991,202.16606003840764,0.3045117845117845,0.4057661573999347,8.231724137931035,0.0662251655629139,,2.0,100,100
726,0.21,sn_kjContinuousBeta_xnjNormal,46,6,Random Guessing,3,0.0471295885236695,0.631099109910991,0.0,0.4920944169291614,0.0003011307443345,52.00137931034483,5.695364238410596,,2.0,100,100
726,0.21,sn_kjContinuousBeta_xnjNormal,46,6,SuStaIn (GMM),3,0.0471295885236695,0.631099109910991,1213.5232577443123,0.3532659932659932,0.8986776232371538,16.502068965517243,42.88079470198676,,,100,100
726,0.21,sn_kjContinuousBeta_xnjNormal,46,6,SuStaIn (KDE),3,0.0471295885236695,0.631099109910991,451.9090625961622,0.3428956228956228,0.3465989530622445,11.991724137931037,19.450331125827816,,,100,100
726,0.21,sn_kjContinuousBeta_xnjNormal,47,6,BebmS,3,0.0509738819185228,0.6363236323632363,70.59879895448685,0.2758249158249158,0.9196848070308028,6.516528925619835,0.0,,,100,100
726,0.21,sn_kjContinuousBeta_xnjNormal,47,6,BebmS (Blind),3,0.0509738819185228,0.6363236323632363,85.04493385155996,0.2878114478114478,0.8367003856494355,6.520661157024794,0.3774834437086092,,2.0,100,100
726,0.21,sn_kjContinuousBeta_xnjNormal,47,6,Random Guessing,3,0.0509738819185228,0.6363236323632363,0.0,0.4685592992949052,0.0031953202997871,51.79476584022039,5.609271523178808,,2.0,100,100
726,0.21,sn_kjContinuousBeta_xnjNormal,47,6,SuStaIn (GMM),3,0.0509738819185228,0.6363236323632363,147.37704015572865,0.3391245791245791,0.8424078419670119,13.34022038567493,36.51655629139073,,,100,100
726,0.21,sn_kjContinuousBeta_xnjNormal,47,6,SuStaIn (KDE),3,0.0509738819185228,0.6363236323632363,160.58281496365865,0.3556902356902356,0.3956130443434688,12.738292011019285,21.5364238410596,,,100,100
726,0.21,sn_kjContinuousBeta_xnjNormal,48,6,BebmS,3,0.1412674410753018,0.9224109077574424,114.77026246388752,0.3863299663299663,0.0,10.085399449035812,0.0,,,100,100
726,0.21,sn_kjContinuousBeta_xnjNormal,48,6,BebmS (Blind),3,0.1412674410753018,0.9224109077574424,154.39467317263285,0.4432996632996633,0.0,11.887052341597796,2.185430463576159,,1.0,100,100
726,0.21,sn_kjContinuousBeta_xnjNormal,48,6,Random Guessing,3,0.1412674410753018,0.9224109077574424,0.0,0.4789678184975809,-0.0021469149162722,52.95730027548209,6.503311258278146,,1.0,100,100
726,0.21,sn_kjContinuousBeta_xnjNormal,48,6,SuStaIn (GMM),3,0.1412674410753018,0.9224109077574424,686.0537952582041,0.3656565656565656,0.0956585924659399,16.225895316804408,41.71523178807947,,,100,100
726,0.21,sn_kjContinuousBeta_xnjNormal,48,6,SuStaIn (KDE),3,0.1412674410753018,0.9224109077574424,453.2524854024251,0.3583164983164983,-0.001792717127006,13.165289256198347,23.68211920529801,,,100,100
726,0.21,sn_kjContinuousBeta_xnjNormal,49,6,BebmS,3,0.2453427704834073,0.965999266593326,74.66273284355799,0.4539393939393939,0.0021023068474513,15.39448275862069,0.0,,,100,100
726,0.21,sn_kjContinuousBeta_xnjNormal,49,6,BebmS (Blind),3,0.2453427704834073,0.965999266593326,90.98436104853948,0.4078787878787879,0.0,12.14896551724138,0.0066225165562913,,2.0,100,100
726,0.21,sn_kjContinuousBeta_xnjNormal,49,6,Random Guessing,3,0.2453427704834073,0.965999266593326,0.0,0.4952569153601672,0.0049743098821886,52.32827586206896,6.490066225165563,,2.0,100,100
726,0.21,sn_kjContinuousBeta_xnjNormal,49,6,SuStaIn (GMM),3,0.2453427704834073,0.965999266593326,577.8990685979526,0.3731313131313131,0.1044600222788469,18.753103448275866,45.67549668874173,,,100,100
726,0.21,sn_kjContinuousBeta_xnjNormal,49,6,SuStaIn (KDE),3,0.2453427704834073,0.965999266593326,584.0007758895556,0.3091582491582492,-0.0089873142780571,11.311724137931034,19.2317880794702,,,100,100
726,0.21,sn_kjOrdinalDM_xnjNonNormal,0,2,BebmS,3,0.0779102892654733,0.7188918891889189,71.02776336272558,0.4035016835016835,0.4827413774057867,19.25068870523416,0.0,,,100,100
726,0.21,sn_kjOrdinalDM_xnjNonNormal,0,2,BebmS (Blind),3,0.0779102892654733,0.7188918891889189,85.18097464640935,0.3598653198653198,0.6204027966705433,14.396694214876034,1.5364238410596027,,2.0,100,100
726,0.21,sn_kjOrdinalDM_xnjNonNormal,0,2,Random Guessing,3,0.0779102892654733,0.7188918891889189,0.0,0.4922341001999418,-0.000656962051329,36.96280991735537,6.397350993377484,,2.0,100,100
726,0.21,sn_kjOrdinalDM_xnjNonNormal,0,2,SuStaIn (GMM),3,0.0779102892654733,0.7188918891889189,135.8927086631457,0.4837710437710438,0.1713592824018253,30.08264462809917,50.36423841059602,,,100,100
726,0.21,sn_kjOrdinalDM_xnjNonNormal,0,2,SuStaIn (KDE),3,0.0779102892654733,0.7188918891889189,138.18584945599238,0.4764983164983165,0.0085865477974138,16.77961432506887,30.251655629139076,,,100,100
726,0.21,sn_kjOrdinalDM_xnjNonNormal,1,2,BebmS,3,0.220203324041211,0.9524779144581124,68.95482275485992,0.3806734006734006,0.0,11.238620689655171,0.1920529801324503,,,100,100
726,0.21,sn_kjOrdinalDM_xnjNonNormal,1,2,BebmS (Blind),3,0.220203324041211,0.9524779144581124,87.29064811070761,0.4353535353535354,0.0002934536538116,16.137931034482758,4.364238410596027,,2.0,100,100
726,0.21,sn_kjOrdinalDM_xnjNonNormal,1,2,Random Guessing,3,0.220203324041211,0.9524779144581124,0.0,0.4866389739575763,0.0014214558163735,36.3751724137931,6.245033112582782,,2.0,100,100
726,0.21,sn_kjOrdinalDM_xnjNonNormal,1,2,SuStaIn (GMM),3,0.220203324041211,0.9524779144581124,172.79556506474813,0.4754882154882154,0.0076414439160437,29.00689655172414,50.74172185430464,,,100,100
726,0.21,sn_kjOrdinalDM_xnjNonNormal,1,2,SuStaIn (KDE),3,0.220203324041211,0.9524779144581124,160.36745379368463,0.4350841750841751,0.010781880330166,22.593103448275865,37.11258278145695,,,100,100
726,0.21,sn_kjOrdinalDM_xnjNonNormal,2,2,BebmS,3,0.2127461831543926,0.9521658832549922,118.71899166107178,0.4071380471380471,0.0126307684760385,14.591724137931037,0.0463576158940397,,,100,100
726,0.21,sn_kjOrdinalDM_xnjNonNormal,2,2,BebmS (Blind),3,0.2127461831543926,0.9521658832549922,145.365001475811,0.3908417508417508,0.0095402172349047,16.168275862068967,1.0264900662251657,,2.0,100,100
726,0.21,sn_kjOrdinalDM_xnjNonNormal,2,2,Random Guessing,3,0.2127461831543926,0.9521658832549922,0.0,0.5007351954436341,0.0005571894296581,36.26068965517241,6.198675496688741,,2.0,100,100
726,0.21,sn_kjOrdinalDM_xnjNonNormal,2,2,SuStaIn (GMM),3,0.2127461831543926,0.9521658832549922,610.1301708102226,0.4692929292929293,0.0038935376232841,31.231724137931035,54.5364238410596,,,100,100
726,0.21,sn_kjOrdinalDM_xnjNonNormal,2,2,SuStaIn (KDE),3,0.2127461831543926,0.9521658832549922,934.505461339156,0.3808080808080807,-0.0023511736765362,13.787586206896552,22.05298013245033,,,100,100
726,0.21,sn_kjOrdinalDM_xnjNonNormal,3,2,BebmS,3,0.1017459816507748,0.8373277327732773,69.19133094151815,0.3628282828282828,0.0339277511433955,12.642758620689657,0.0397350993377483,,,100,100
726,0.21,sn_kjOrdinalDM_xnjNonNormal,3,2,BebmS (Blind),3,0.1017459816507748,0.8373277327732773,84.20844718615214,0.347070707070707,0.094174096681536,10.020689655172411,1.423841059602649,,2.0,100,100
726,0.21,sn_kjOrdinalDM_xnjNonNormal,3,2,Random Guessing,3,0.1017459816507748,0.8373277327732773,0.0,0.4989635303063798,-0.0015726080200376,37.91724137931035,6.2052980132450335,,2.0,100,100
726,0.21,sn_kjOrdinalDM_xnjNonNormal,3,2,SuStaIn (GMM),3,0.1017459816507748,0.8373277327732773,441.7895276506742,0.4549494949494949,0.1293850845723544,25.01655172413793,46.88079470198676,,,100,100
726,0.21,sn_kjOrdinalDM_xnjNonNormal,3,2,SuStaIn (KDE),3,0.1017459816507748,0.8373277327732773,632.4160133004189,0.4237037037037037,0.0143914807823671,17.64551724137931,26.748344370860927,,,100,100
726,0.21,sn_kjOrdinalDM_xnjNonNormal,4,2,BebmS,3,0.4181647304880282,0.9898256492315898,101.5582555214564,0.4194612794612795,0.0,15.640495867768594,0.1721854304635761,,,100,100
726,0.21,sn_kjOrdinalDM_xnjNonNormal,4,2,BebmS (Blind),3,0.4181647304880282,0.9898256492315898,112.01932469209036,0.4292929292929293,-0.000819416643853,20.5137741046832,1.490066225165563,,1.0,100,100
726,0.21,sn_kjOrdinalDM_xnjNonNormal,4,2,Random Guessing,3,0.4181647304880282,0.9898256492315898,0.0,0.4934458692867491,-0.0006811742787416,36.23278236914601,5.569536423841059,,1.0,100,100
726,0.21,sn_kjOrdinalDM_xnjNonNormal,4,2,SuStaIn (GMM),3,0.4181647304880282,0.9898256492315898,220.0467897772789,0.4192592592592593,9.998633753768892e-05,25.78787878787879,49.026490066225165,,,100,100
726,0.21,sn_kjOrdinalDM_xnjNonNormal,4,2,SuStaIn (KDE),3,0.4181647304880282,0.9898256492315898,271.09928649663925,0.4517171717171717,-0.0004145757863127,23.907713498622588,39.25827814569536,,,100,100
726,0.21,sn_kjOrdinalDM_xnjNonNormal,5,2,BebmS,3,0.3904177406191546,0.987006700670067,68.17647653023401,0.3962962962962963,0.0,9.758620689655173,0.609271523178808,,,100,100
726,0.21,sn_kjOrdinalDM_xnjNonNormal,5,2,BebmS (Blind),3,0.3904177406191546,0.987006700670067,84.10318305095036,0.4292929292929293,-0.0008345233692462,13.998620689655173,3.9205298013245033,,3.0,100,100
726,0.21,sn_kjOrdinalDM_xnjNonNormal,5,2,Random Guessing,3,0.3904177406191546,0.987006700670067,0.0,0.4852300137794611,0.0011084902906946,36.46896551724138,6.894039735099338,,3.0,100,100
726,0.21,sn_kjOrdinalDM_xnjNonNormal,5,2,SuStaIn (GMM),3,0.3904177406191546,0.987006700670067,514.8247950792313,0.4231649831649832,-0.0044893626374241,24.69655172413793,46.94701986754967,,,100,100
726,0.21,sn_kjOrdinalDM_xnjNonNormal,5,2,SuStaIn (KDE),3,0.3904177406191546,0.987006700670067,517.9886320988337,0.4012121212121212,0.0053481614632544,26.619310344827586,47.211920529801326,,,100,100
726,0.21,sn_kjOrdinalDM_xnjNonNormal,6,2,BebmS,3,0.0339766176951654,0.5237817115044838,68.79669369061789,0.2276094276094276,0.8873342645975265,6.664827586206896,0.0,,,100,100
726,0.21,sn_kjOrdinalDM_xnjNonNormal,6,2,BebmS (Blind),3,0.0339766176951654,0.5237817115044838,84.88558997710545,0.3352188552188552,0.5894590268546865,8.540689655172415,0.2119205298013245,,1.0,100,100
726,0.21,sn_kjOrdinalDM_xnjNonNormal,6,2,Random Guessing,3,0.0339766176951654,0.5237817115044838,0.0,0.4886773505841357,0.0033279904933726,36.608275862068965,6.152317880794702,,1.0,100,100
726,0.21,sn_kjOrdinalDM_xnjNonNormal,6,2,SuStaIn (GMM),3,0.0339766176951654,0.5237817115044838,466.89472623666126,0.4239730639730639,0.3833359247558526,23.98758620689655,46.37086092715232,,,100,100
726,0.21,sn_kjOrdinalDM_xnjNonNormal,6,2,SuStaIn (KDE),3,0.0339766176951654,0.5237817115044838,541.6785893877347,0.392996632996633,0.1357451334863039,18.783448275862067,34.90728476821192,,,100,100
726,0.21,sn_kjOrdinalDM_xnjNonNormal,7,2,BebmS,3,0.1879866954308711,0.9454638797213054,69.99801667531331,0.3653198653198653,-0.0028966055130672,4.782068965517241,0.0794701986754966,,,100,100
726,0.21,sn_kjOrdinalDM_xnjNonNormal,7,2,BebmS (Blind),3,0.1879866954308711,0.9454638797213054,85.80107890367508,0.4063973063973063,-0.0028966055130672,13.176551724137932,1.47682119205298,,1.0,100,100
726,0.21,sn_kjOrdinalDM_xnjNonNormal,7,2,Random Guessing,3,0.1879866954308711,0.9454638797213054,0.0,0.4835400155968114,0.0053786046975674,36.56413793103448,6.562913907284768,,1.0,100,100
726,0.21,sn_kjOrdinalDM_xnjNonNormal,7,2,SuStaIn (GMM),3,0.1879866954308711,0.9454638797213054,258.4773998141289,0.4038383838383838,-0.0020400088063858,29.535172413793106,53.01324503311258,,,100,100
726,0.21,sn_kjOrdinalDM_xnjNonNormal,7,2,SuStaIn (KDE),3,0.1879866954308711,0.9454638797213054,269.2492212295532,0.3707070707070707,0.0033296576026985,19.750344827586208,33.71523178807947,,,100,100
726,0.21,sn_kjOrdinalDM_xnjNonNormal,8,2,BebmS,3,0.296161919695648,0.977896456312298,69.56042116085688,0.3612121212121212,0.0127903496587223,12.20551724137931,0.1125827814569536,,,100,100
726,0.21,sn_kjOrdinalDM_xnjNonNormal,8,2,BebmS (Blind),3,0.296161919695648,0.977896456312298,84.85563883781433,0.4530639730639731,0.0013114838730173,13.303448275862069,4.913907284768212,,2.0,100,100
726,0.21,sn_kjOrdinalDM_xnjNonNormal,8,2,Random Guessing,3,0.296161919695648,0.977896456312298,0.0,0.497519272596806,-0.0004870763672824,36.2496551724138,5.801324503311259,,2.0,100,100
726,0.21,sn_kjOrdinalDM_xnjNonNormal,8,2,SuStaIn (GMM),3,0.296161919695648,0.977896456312298,500.5034441113472,0.4392592592592592,0.0063918237942527,29.07862068965517,50.25827814569536,,,100,100
726,0.21,sn_kjOrdinalDM_xnjNonNormal,8,2,SuStaIn (KDE),3,0.296161919695648,0.977896456312298,509.71268808841705,0.4321885521885522,0.0008809290632787,19.521379310344827,33.32450331125828,,,100,100
726,0.21,sn_kjOrdinalDM_xnjNonNormal,9,2,BebmS,3,0.2909319348485188,0.9665806580658066,105.91137990554174,0.4302356902356902,-0.0007355914348379,17.8099173553719,0.0463576158940397,,,100,100
726,0.21,sn_kjOrdinalDM_xnjNonNormal,9,2,BebmS (Blind),3,0.2909319348485188,0.9665806580658066,136.28367680311203,0.4257912457912458,0.0025333640614453,15.652892561983473,2.066225165562914,,3.0,100,100
726,0.21,sn_kjOrdinalDM_xnjNonNormal,9,2,Random Guessing,3,0.2909319348485188,0.9665806580658066,0.0,0.5027414583827462,0.0011510194164135,35.29752066115702,5.324503311258278,,3.0,100,100
726,0.21,sn_kjOrdinalDM_xnjNonNormal,9,2,SuStaIn (GMM),3,0.2909319348485188,0.9665806580658066,506.8885619521141,0.492996632996633,0.0003942237415478,28.977961432506888,50.629139072847686,,,100,100
726,0.21,sn_kjOrdinalDM_xnjNonNormal,9,2,SuStaIn (KDE),3,0.2909319348485188,0.9665806580658066,517.0761487205823,0.4224915824915825,-0.0026441604046833,19.325068870523417,30.77483443708609,,,100,100
726,0.21,sn_kjOrdinalDM_xnjNonNormal,10,2,BebmS,3,0.2595435253599114,0.969026235956929,70.63782405455908,0.3744781144781144,0.0,6.776859504132231,0.0794701986754966,,,100,100
726,0.21,sn_kjOrdinalDM_xnjNonNormal,10,2,BebmS (Blind),3,0.2595435253599114,0.969026235956929,83.98557442426682,0.3673400673400673,-0.0172384128954014,9.74793388429752,1.5033112582781456,,3.0,100,100
726,0.21,sn_kjOrdinalDM_xnjNonNormal,10,2,Random Guessing,3,0.2595435253599114,0.969026235956929,0.0,0.4910979816313525,-0.0038036323194557,37.960055096418735,6.059602649006623,,3.0,100,100
726,0.21,sn_kjOrdinalDM_xnjNonNormal,10,2,SuStaIn (GMM),3,0.2595435253599114,0.969026235956929,905.4857425491016,0.4255218855218854,0.0476375732198954,26.75068870523416,51.75496688741722,,,100,100
726,0.21,sn_kjOrdinalDM_xnjNonNormal,10,2,SuStaIn (KDE),3,0.2595435253599114,0.969026235956929,821.8245864311854,0.3773063973063973,-0.0011342436069457,18.59917355371901,34.66887417218543,,,100,100
726,0.21,sn_kjOrdinalDM_xnjNonNormal,11,2,BebmS,3,0.2105704221890763,0.9555342200886756,70.79677447477977,0.3903703703703704,0.0001397407737645,10.049723756906078,0.0397350993377483,,,100,100
726,0.21,sn_kjOrdinalDM_xnjNonNormal,11,2,BebmS (Blind),3,0.2105704221890763,0.9555342200886756,87.8871750275294,0.4177104377104377,-0.0017784364116018,14.25,0.9536423841059604,,3.0,100,100
726,0.21,sn_kjOrdinalDM_xnjNonNormal,11,2,Random Guessing,3,0.2105704221890763,0.9555342200886756,0.0,0.5172653006828186,0.0002409469507668,37.69613259668508,6.357615894039735,,3.0,100,100
726,0.21,sn_kjOrdinalDM_xnjNonNormal,11,2,SuStaIn (GMM),3,0.2105704221890763,0.9555342200886756,634.8433052579562,0.4700336700336701,0.0097991851582308,25.290055248618785,45.66225165562914,,,100,100
726,0.21,sn_kjOrdinalDM_xnjNonNormal,11,2,SuStaIn (KDE),3,0.2105704221890763,0.9555342200886756,911.8452890356382,0.4258585858585859,0.0019879343713233,22.560773480662984,38.11920529801324,,,100,100
726,0.21,sn_kjOrdinalDM_xnjNonNormal,12,2,BebmS,3,0.4496086291561495,0.9926232623262328,82.39891302982966,0.4396632996632996,5.822576537258948e-05,19.673103448275864,0.1589403973509933,,,100,100
726,0.21,sn_kjOrdinalDM_xnjNonNormal,12,2,BebmS (Blind),3,0.4496086291561495,0.9926232623262328,104.90980923573176,0.4288888888888889,-0.0007951413261612,12.707586206896552,1.9205298013245036,,1.0,100,100
726,0.21,sn_kjOrdinalDM_xnjNonNormal,12,2,Random Guessing,3,0.4496086291561495,0.9926232623262328,0.0,0.5083154203433234,0.0011173480501903,38.10206896551724,5.801324503311259,,1.0,100,100
726,0.21,sn_kjOrdinalDM_xnjNonNormal,12,2,SuStaIn (GMM),3,0.4496086291561495,0.9926232623262328,642.1887849529584,0.46006734006734,-0.0003962613395392,27.09103448275862,49.86754966887417,,,100,100
726,0.21,sn_kjOrdinalDM_xnjNonNormal,12,2,SuStaIn (KDE),3,0.4496086291561495,0.9926232623262328,663.122068019708,0.4576430976430976,0.0022381737416947,19.52413793103448,33.13245033112583,,,100,100
726,0.21,sn_kjOrdinalDM_xnjNonNormal,13,2,BebmS,3,0.1019630095225469,0.8627622762276228,72.32075648705164,0.408013468013468,0.0046846490441179,15.36914600550964,0.0,,,100,100
726,0.21,sn_kjOrdinalDM_xnjNonNormal,13,2,BebmS (Blind),3,0.1019630095225469,0.8627622762276228,87.32280693054199,0.3894276094276094,0.1326406073781967,15.84022038567493,4.675496688741722,,0.0,100,100
726,0.21,sn_kjOrdinalDM_xnjNonNormal,13,2,Random Guessing,3,0.1019630095225469,0.8627622762276228,0.0,0.4907383560205292,0.0008701870149497,35.87741046831956,5.887417218543046,,0.0,100,100
726,0.21,sn_kjOrdinalDM_xnjNonNormal,13,2,SuStaIn (GMM),3,0.1019630095225469,0.8627622762276228,498.9993187348048,0.4887542087542087,0.0467200484012296,30.46005509641873,54.86092715231788,,,100,100
726,0.21,sn_kjOrdinalDM_xnjNonNormal,13,2,SuStaIn (KDE),3,0.1019630095225469,0.8627622762276228,595.4388940850894,0.5012121212121212,0.0203626407774766,20.202479338842974,32.35761589403973,,,100,100
726,0.21,sn_kjOrdinalDM_xnjNonNormal,14,2,BebmS,3,0.4775345723647725,0.99002566923359,98.94342319170634,0.4472727272727272,0.0020768700657341,15.414600550964188,0.36,,,100,100
726,0.21,sn_kjOrdinalDM_xnjNonNormal,14,2,BebmS (Blind),3,0.4775345723647725,0.99002566923359,145.3152727365494,0.4001346801346801,0.0004427133767611,15.568870523415978,1.3,,1.0,100,100
726,0.21,sn_kjOrdinalDM_xnjNonNormal,14,2,Random Guessing,3,0.4775345723647725,0.99002566923359,0.0,0.4776697681374406,-0.0006181327618647,37.37190082644628,5.82,,1.0,100,100
726,0.21,sn_kjOrdinalDM_xnjNonNormal,14,2,SuStaIn (GMM),3,0.4775345723647725,0.99002566923359,560.937084098657,0.4602020202020202,-0.0045880046407493,32.49724517906336,57.13333333333333,,,100,100
726,0.21,sn_kjOrdinalDM_xnjNonNormal,14,2,SuStaIn (KDE),3,0.4775345723647725,0.99002566923359,604.8805586536726,0.3954882154882155,0.0029972782254596,15.59504132231405,27.56,,,100,100
726,0.21,sn_kjOrdinalDM_xnjNonNormal,15,2,BebmS,3,0.3529940985285979,0.978157815781578,69.85930418173471,0.417104377104377,0.0001422342967975,13.444903581267218,0.1125827814569536,,,100,100
726,0.21,sn_kjOrdinalDM_xnjNonNormal,15,2,BebmS (Blind),3,0.3529940985285979,0.978157815781578,104.61112226247788,0.3795286195286195,-0.0004980731621592,9.881542699724518,1.3708609271523178,,1.0,100,100
726,0.21,sn_kjOrdinalDM_xnjNonNormal,15,2,Random Guessing,3,0.3529940985285979,0.978157815781578,0.0,0.5152570703165925,0.0013003479842353,35.117079889807165,5.6490066225165565,,1.0,100,100
726,0.21,sn_kjOrdinalDM_xnjNonNormal,15,2,SuStaIn (GMM),3,0.3529940985285979,0.978157815781578,932.6260915001234,0.4962289562289562,-0.0003997720533744,30.26584022038568,54.25827814569536,,,100,100
726,0.21,sn_kjOrdinalDM_xnjNonNormal,15,2,SuStaIn (KDE),3,0.3529940985285979,0.978157815781578,933.6815469702084,0.4282828282828283,0.0050891002692008,18.929752066115704,31.456953642384107,,,100,100
726,0.21,sn_kjOrdinalDM_xnjNonNormal,16,2,BebmS,3,0.3624397989693507,0.9807900790079008,145.8777101755142,0.4135353535353536,0.0,11.333793103448276,0.2913907284768212,,,100,100
726,0.21,sn_kjOrdinalDM_xnjNonNormal,16,2,BebmS (Blind),3,0.3624397989693507,0.9807900790079008,172.24141738812128,0.4313131313131313,-0.0005152184946639,15.921379310344827,0.6556291390728477,,1.0,100,100
726,0.21,sn_kjOrdinalDM_xnjNonNormal,16,2,Random Guessing,3,0.3624397989693507,0.9807900790079008,0.0,0.5020005178610859,-0.0011499453271433,38.06068965517241,5.913907284768212,,1.0,100,100
726,0.21,sn_kjOrdinalDM_xnjNonNormal,16,2,SuStaIn (GMM),3,0.3624397989693507,0.9807900790079008,537.1487099051476,0.4107070707070707,-0.0024243542411154,23.96551724137931,42.84105960264901,,,100,100
726,0.21,sn_kjOrdinalDM_xnjNonNormal,16,2,SuStaIn (KDE),3,0.3624397989693507,0.9807900790079008,521.4396731853485,0.4228282828282828,-0.0031529421684884,18.79586206896552,29.66887417218543,,,100,100
726,0.21,sn_kjOrdinalDM_xnjNonNormal,17,2,BebmS,3,0.2552785722872337,0.9672127212721272,147.49121252298357,0.4039730639730639,0.0008249407375483,10.99586776859504,0.2980132450331126,,,100,100
726,0.21,sn_kjOrdinalDM_xnjNonNormal,17,2,BebmS (Blind),3,0.2552785722872337,0.9672127212721272,174.08830082813898,0.4230976430976431,-0.0014140129217601,9.585399449035812,1.2980132450331126,,3.0,100,100
726,0.21,sn_kjOrdinalDM_xnjNonNormal,17,2,Random Guessing,3,0.2552785722872337,0.9672127212721272,0.0,0.4854464742702671,0.0009128941028421,36.074380165289256,6.105960264900662,,3.0,100,100
726,0.21,sn_kjOrdinalDM_xnjNonNormal,17,2,SuStaIn (GMM),3,0.2552785722872337,0.9672127212721272,487.3365726629893,0.4414814814814815,0.0106788500400649,27.931129476584022,51.84105960264901,,,100,100
726,0.21,sn_kjOrdinalDM_xnjNonNormal,17,2,SuStaIn (KDE),3,0.2552785722872337,0.9672127212721272,470.6164867758751,0.4426262626262626,0.0041886208117454,15.760330578512397,27.90066225165563,,,100,100
726,0.21,sn_kjOrdinalDM_xnjNonNormal,18,2,BebmS,3,0.0857635998363335,0.8065833249991666,93.8575410525004,0.3742087542087542,0.1984684794762283,17.477241379310346,0.2185430463576159,,,100,100
726,0.21,sn_kjOrdinalDM_xnjNonNormal,18,2,BebmS (Blind),3,0.0857635998363335,0.8065833249991666,110.56145001252492,0.3290909090909091,0.4857366570487901,17.84,0.4370860927152318,,2.0,100,100
726,0.21,sn_kjOrdinalDM_xnjNonNormal,18,2,Random Guessing,3,0.0857635998363335,0.8065833249991666,0.0,0.4914677779744841,-0.002901858525777,37.32551724137931,5.874172185430464,,2.0,100,100
726,0.21,sn_kjOrdinalDM_xnjNonNormal,18,2,SuStaIn (GMM),3,0.0857635998363335,0.8065833249991666,154.718968017896,0.4721885521885522,0.127694519583832,25.248275862068965,43.93377483443709,,,100,100
726,0.21,sn_kjOrdinalDM_xnjNonNormal,18,2,SuStaIn (KDE),3,0.0857635998363335,0.8065833249991666,169.9832960128784,0.424040404040404,0.0249791827303624,19.762758620689656,34.920529801324506,,,100,100
726,0.21,sn_kjOrdinalDM_xnjNonNormal,19,2,BebmS,3,0.3396578325871762,0.9828169483615028,69.75285336971282,0.4292255892255892,-0.0012916055994827,14.740689655172414,1.0,,,100,100
726,0.21,sn_kjOrdinalDM_xnjNonNormal,19,2,BebmS (Blind),3,0.3396578325871762,0.9828169483615028,84.2379425406456,0.4153535353535353,-0.0012916055994827,8.980689655172414,0.0,,1.0,100,100
726,0.21,sn_kjOrdinalDM_xnjNonNormal,19,2,Random Guessing,3,0.3396578325871762,0.9828169483615028,0.0,0.5244308064616444,-0.0024792404671976,38.19310344827586,5.920529801324503,,1.0,100,100
726,0.21,sn_kjOrdinalDM_xnjNonNormal,19,2,SuStaIn (GMM),3,0.3396578325871762,0.9828169483615028,516.9555425524711,0.4674074074074074,0.0060018811323515,25.42206896551724,48.71523178807947,,,100,100
726,0.21,sn_kjOrdinalDM_xnjNonNormal,19,2,SuStaIn (KDE),3,0.3396578325871762,0.9828169483615028,505.0485281308492,0.4053198653198653,-9.98090869284332e-05,15.991724137931037,28.198675496688743,,,100,100
726,0.21,sn_kjOrdinalDM_xnjNonNormal,20,2,BebmS,3,0.3736920869795453,0.9849184918491848,69.52528743346532,0.417037037037037,0.0035447837589,12.57596685082873,0.0,,,100,100
726,0.21,sn_kjOrdinalDM_xnjNonNormal,20,2,BebmS (Blind),3,0.3736920869795453,0.9849184918491848,84.82216455936432,0.4438383838383838,-0.0013732153620879,16.44889502762431,5.264900662251655,,2.0,100,100
726,0.21,sn_kjOrdinalDM_xnjNonNormal,20,2,Random Guessing,3,0.3736920869795453,0.9849184918491848,0.0,0.4984544238873821,-0.0013579124605668,35.89364640883978,6.112582781456954,,2.0,100,100
726,0.21,sn_kjOrdinalDM_xnjNonNormal,20,2,SuStaIn (GMM),3,0.3736920869795453,0.9849184918491848,467.3808008869489,0.4465319865319865,-5.238521704759978e-05,25.906077348066297,47.58278145695364,,,100,100
726,0.21,sn_kjOrdinalDM_xnjNonNormal,20,2,SuStaIn (KDE),3,0.3736920869795453,0.9849184918491848,465.1239587306976,0.3948148148148148,-0.0008545870468745,15.320441988950275,29.40397350993377,,,100,100
726,0.21,sn_kjOrdinalDM_xnjNonNormal,21,2,BebmS,3,0.0481861744065855,0.6350648398173151,140.6636041522026,0.2966329966329966,0.868815045750416,11.609655172413794,1.76,,,100,100
726,0.21,sn_kjOrdinalDM_xnjNonNormal,21,2,BebmS (Blind),3,0.0481861744065855,0.6350648398173151,142.94197175502777,0.2835690235690236,0.8078887450891064,12.406896551724138,1.3666666666666667,,0.0,100,100
726,0.21,sn_kjOrdinalDM_xnjNonNormal,21,2,Random Guessing,3,0.0481861744065855,0.6350648398173151,0.0,0.4884301659949027,9.771222098983132e-05,35.95862068965517,5.54,,0.0,100,100
726,0.21,sn_kjOrdinalDM_xnjNonNormal,21,2,SuStaIn (GMM),3,0.0481861744065855,0.6350648398173151,854.8692032535871,0.4624915824915825,0.6390995147386669,24.56551724137931,44.66666666666666,,,100,100
726,0.21,sn_kjOrdinalDM_xnjNonNormal,21,2,SuStaIn (KDE),3,0.0481861744065855,0.6350648398173151,643.7608507871628,0.4713131313131313,0.0758780729436097,20.263448275862068,33.06666666666667,,,100,100
726,0.21,sn_kjOrdinalDM_xnjNonNormal,22,2,BebmS,3,0.1000563225365752,0.8475607560756075,75.29472243785858,0.3566329966329967,0.2312569817900372,13.516528925619834,0.2450331125827814,,,100,100
726,0.21,sn_kjOrdinalDM_xnjNonNormal,22,2,BebmS (Blind),3,0.1000563225365752,0.8475607560756075,88.59710487922032,0.3574410774410774,0.2346666349740066,12.320936639118456,0.2781456953642384,,3.0,100,100
726,0.21,sn_kjOrdinalDM_xnjNonNormal,22,2,Random Guessing,3,0.1000563225365752,0.8475607560756075,0.0,0.4964135056650222,0.0032524771879345,37.6831955922865,5.688741721854305,,3.0,100,100
726,0.21,sn_kjOrdinalDM_xnjNonNormal,22,2,SuStaIn (GMM),3,0.1000563225365752,0.8475607560756075,150.55859233140944,0.4188552188552188,0.3187732224541255,27.15840220385675,47.13907284768212,,,100,100
726,0.21,sn_kjOrdinalDM_xnjNonNormal,22,2,SuStaIn (KDE),3,0.1000563225365752,0.8475607560756075,182.5252249956131,0.4015488215488216,0.0159740736268294,18.560606060606062,34.258278145695364,,,100,100
726,0.21,sn_kjOrdinalDM_xnjNonNormal,23,2,BebmS,3,0.3665540218701021,0.984966496649665,92.91261042753855,0.4032323232323232,0.0,12.557851239669422,0.4105960264900662,,,100,100
726,0.21,sn_kjOrdinalDM_xnjNonNormal,23,2,BebmS (Blind),3,0.3665540218701021,0.984966496649665,117.67999966144562,0.4192592592592592,0.0059326308239529,15.93801652892562,4.927152317880795,,0.0,100,100
726,0.21,sn_kjOrdinalDM_xnjNonNormal,23,2,Random Guessing,3,0.3665540218701021,0.984966496649665,0.0,0.4975423416758888,0.0007606146404221,37.10192837465565,5.562913907284768,,0.0,100,100
726,0.21,sn_kjOrdinalDM_xnjNonNormal,23,2,SuStaIn (GMM),3,0.3665540218701021,0.984966496649665,745.574848028024,0.4647811447811447,0.0161246841437359,25.09366391184573,46.18543046357616,,,100,100
726,0.21,sn_kjOrdinalDM_xnjNonNormal,23,2,SuStaIn (KDE),3,0.3665540218701021,0.984966496649665,667.2432555158933,0.4049158249158249,-0.0020712835652442,17.61707988980716,29.105960264900663,,,100,100
726,0.21,sn_kjOrdinalDM_xnjNonNormal,24,2,BebmS,3,0.3284100576807361,0.9792992632596592,70.2896655678749,0.3936026936026935,-0.0030400744320459,13.430344827586207,0.1655629139072847,,,100,100
726,0.21,sn_kjOrdinalDM_xnjNonNormal,24,2,BebmS (Blind),3,0.3284100576807361,0.9792992632596592,85.52908744017283,0.3445791245791246,0.0153004249917504,11.987586206896552,1.2119205298013245,,1.0,100,100
726,0.21,sn_kjOrdinalDM_xnjNonNormal,24,2,Random Guessing,3,0.3284100576807361,0.9792992632596592,0.0,0.5070968786917497,-0.0006724615104258,35.76413793103448,5.549668874172186,,1.0,100,100
726,0.21,sn_kjOrdinalDM_xnjNonNormal,25,2,BebmS,3,0.1828095496584517,0.9306170617061706,69.0294880191485,0.4132659932659933,-0.0001983573034184,13.368275862068966,0.0,,,100,100
726,0.21,sn_kjOrdinalDM_xnjNonNormal,25,2,BebmS (Blind),3,0.1828095496584517,0.9306170617061706,84.85803489287694,0.4338720538720538,-0.0002997435829361,8.331034482758621,0.1655629139072847,,1.0,100,100
726,0.21,sn_kjOrdinalDM_xnjNonNormal,25,2,Random Guessing,3,0.1828095496584517,0.9306170617061706,0.0,0.4936863270018963,-0.0029188376086813,36.41793103448276,5.741721854304636,,1.0,100,100
726,0.21,sn_kjOrdinalDM_xnjNonNormal,25,2,SuStaIn (GMM),3,0.1828095496584517,0.9306170617061706,547.2477850794792,0.4793939393939394,0.001018217064459,26.095172413793104,47.03973509933775,,,100,100
726,0.21,sn_kjOrdinalDM_xnjNonNormal,25,2,SuStaIn (KDE),3,0.1828095496584517,0.9306170617061706,671.770978820324,0.458047138047138,0.0342376176795003,20.17103448275862,34.70198675496689,,,100,100
726,0.21,sn_kjOrdinalDM_xnjNonNormal,26,2,BebmS,3,0.3584135894185866,0.9847424742474248,69.48958922227224,0.4457239057239057,0.0,19.33379310344828,0.0264900662251655,,,100,100
726,0.21,sn_kjOrdinalDM_xnjNonNormal,26,2,BebmS (Blind),3,0.3584135894185866,0.9847424742474248,84.21838966608047,0.3871380471380471,-0.0061397509776907,10.274482758620689,2.6490066225165565,,3.0,100,100
726,0.21,sn_kjOrdinalDM_xnjNonNormal,26,2,Random Guessing,3,0.3584135894185866,0.9847424742474248,0.0,0.4951211547248693,-2.001724041294944e-05,37.77655172413793,6.046357615894039,,3.0,100,100
726,0.21,sn_kjOrdinalDM_xnjNonNormal,26,2,SuStaIn (GMM),3,0.3584135894185866,0.9847424742474248,567.5588944951693,0.4729292929292929,0.018010514912123,26.499310344827585,49.34437086092715,,,100,100
726,0.21,sn_kjOrdinalDM_xnjNonNormal,26,2,SuStaIn (KDE),3,0.3584135894185866,0.9847424742474248,682.3402031580607,0.4402693602693602,0.0006210276937052,16.59862068965517,29.033112582781456,,,100,100
726,0.21,sn_kjOrdinalDM_xnjNonNormal,27,2,BebmS,3,0.014744888296444,0.3856558989232256,69.24235327641169,0.3740067340067339,0.5071545058265932,14.28,0.1655629139072847,,,100,100
726,0.21,sn_kjOrdinalDM_xnjNonNormal,27,2,BebmS (Blind),3,0.014744888296444,0.3856558989232256,84.46149725914002,0.2389225589225589,0.8207263705852397,7.308965517241379,1.781456953642384,,2.0,100,100
726,0.21,sn_kjOrdinalDM_xnjNonNormal,27,2,Random Guessing,3,0.014744888296444,0.3856558989232256,0.0,0.4871899708110885,1.1799483030994551e-05,36.317241379310346,6.576158940397351,,2.0,100,100
726,0.21,sn_kjOrdinalDM_xnjNonNormal,27,2,SuStaIn (GMM),3,0.014744888296444,0.3856558989232256,688.0939104159673,0.4499663299663299,0.2860927387294152,24.08551724137931,44.20529801324504,,,100,100
726,0.21,sn_kjOrdinalDM_xnjNonNormal,27,2,SuStaIn (KDE),3,0.014744888296444,0.3856558989232256,571.6460407614708,0.4455218855218856,0.3283375654064017,16.438620689655174,28.6158940397351,,,100,100
726,0.21,sn_kjOrdinalDM_xnjNonNormal,28,2,BebmS,3,0.1921505379386976,0.943869053572024,69.01467398405075,0.3771043771043771,-0.0274661692022825,18.04827586206897,0.0264900662251655,,,100,100
726,0.21,sn_kjOrdinalDM_xnjNonNormal,28,2,BebmS (Blind),3,0.1921505379386976,0.943869053572024,84.04714922507604,0.4418855218855218,0.1126562792106863,22.053793103448275,3.3178807947019866,,0.0,100,100
726,0.21,sn_kjOrdinalDM_xnjNonNormal,28,2,Random Guessing,3,0.1921505379386976,0.943869053572024,0.0,0.5053315644211583,-0.0002364381170868,38.180689655172415,5.966887417218543,,0.0,100,100
726,0.21,sn_kjOrdinalDM_xnjNonNormal,28,2,SuStaIn (GMM),3,0.1921505379386976,0.943869053572024,546.7492643396059,0.5077441077441077,0.0344382083832112,27.45379310344828,50.03973509933775,,,100,100
726,0.21,sn_kjOrdinalDM_xnjNonNormal,28,2,SuStaIn (KDE),3,0.1921505379386976,0.943869053572024,558.0366380016009,0.405117845117845,-0.0002785919779871,21.126896551724137,34.602649006622514,,,100,100
726,0.21,sn_kjOrdinalDM_xnjNonNormal,29,2,BebmS,3,0.0702724792034905,0.7865039837317065,74.45929627021154,0.3032323232323232,0.3856234462352724,8.50344827586207,0.1788079470198675,,,100,100
726,0.21,sn_kjOrdinalDM_xnjNonNormal,29,2,BebmS (Blind),3,0.0702724792034905,0.7865039837317065,91.56801535288491,0.3344781144781145,0.3252465377308826,9.572413793103449,2.9072847682119205,,3.0,100,100
726,0.21,sn_kjOrdinalDM_xnjNonNormal,29,2,Random Guessing,3,0.0702724792034905,0.7865039837317065,0.0,0.4935248256313018,0.0094144471031729,36.96689655172414,6.245033112582782,,3.0,100,100
726,0.21,sn_kjOrdinalDM_xnjNonNormal,29,2,SuStaIn (GMM),3,0.0702724792034905,0.7865039837317065,647.6163640419642,0.4683501683501683,0.0992198810409928,25.572413793103447,49.17880794701987,,,100,100
726,0.21,sn_kjOrdinalDM_xnjNonNormal,29,2,SuStaIn (KDE),3,0.0702724792034905,0.7865039837317065,591.6696831742922,0.4582491582491583,-0.0029627083782572,18.784827586206895,32.2317880794702,,,100,100
726,0.21,sn_kjOrdinalDM_xnjNonNormal,30,2,BebmS,3,0.2315570222604212,0.953923392339234,68.88848141034444,0.4235016835016835,5.862269230633972e-05,13.34297520661157,0.4304635761589404,,,100,100
726,0.21,sn_kjOrdinalDM_xnjNonNormal,30,2,BebmS (Blind),3,0.2315570222604212,0.953923392339234,83.71714144945145,0.4243097643097643,5.862269230633972e-05,16.00413223140496,3.562913907284768,,3.0,100,100
726,0.21,sn_kjOrdinalDM_xnjNonNormal,30,2,Random Guessing,3,0.2315570222604212,0.953923392339234,0.0,0.4852768500966416,0.0028104366580217,37.34022038567493,5.900662251655629,,3.0,100,100
726,0.21,sn_kjOrdinalDM_xnjNonNormal,30,2,SuStaIn (GMM),3,0.2315570222604212,0.953923392339234,494.1049592812856,0.4771717171717171,0.0248545509067953,31.199724517906336,53.55629139072848,,,100,100
726,0.21,sn_kjOrdinalDM_xnjNonNormal,30,2,SuStaIn (KDE),3,0.2315570222604212,0.953923392339234,566.4998096505801,0.3979124579124579,0.0030384796910255,18.90909090909091,35.503311258278146,,,100,100
726,0.21,sn_kjOrdinalDM_xnjNonNormal,31,2,BebmS,3,0.247756710260672,0.964020402040204,82.91878999074301,0.3989225589225589,0.0022723368004769,14.104827586206897,0.2649006622516556,,,100,100
726,0.21,sn_kjOrdinalDM_xnjNonNormal,31,2,BebmS (Blind),3,0.247756710260672,0.964020402040204,101.51048504114152,0.3873400673400673,0.0014633211506691,10.838620689655173,3.509933774834437,,2.0,100,100
726,0.21,sn_kjOrdinalDM_xnjNonNormal,31,2,Random Guessing,3,0.247756710260672,0.964020402040204,0.0,0.4896288888920488,-0.0025010568917729,36.24551724137931,5.6158940397351,,2.0,100,100
726,0.21,sn_kjOrdinalDM_xnjNonNormal,32,2,BebmS,3,0.4441692295581392,0.99013501350135,70.57132652600606,0.3841750841750841,0.0054241609558393,12.31448275862069,0.1854304635761589,,,100,100
726,0.21,sn_kjOrdinalDM_xnjNonNormal,32,2,BebmS (Blind),3,0.4441692295581392,0.99013501350135,87.87984711329142,0.3967003367003367,0.0044571076561499,12.71448275862069,0.9536423841059604,,3.0,100,100
726,0.21,sn_kjOrdinalDM_xnjNonNormal,32,2,Random Guessing,3,0.4441692295581392,0.99013501350135,0.0,0.5238307623437591,-0.001314599192021,35.87862068965517,5.741721854304636,,3.0,100,100
726,0.21,sn_kjOrdinalDM_xnjNonNormal,32,2,SuStaIn (GMM),3,0.4441692295581392,0.99013501350135,172.3320229291916,0.5018855218855219,-0.0030423470054744,32.67448275862069,52.86754966887417,,,100,100
726,0.21,sn_kjOrdinalDM_xnjNonNormal,32,2,SuStaIn (KDE),3,0.4441692295581392,0.99013501350135,195.80590243736904,0.3675420875420875,-0.0017965291972154,19.433103448275865,33.549668874172184,,,100,100
726,0.21,sn_kjOrdinalDM_xnjNonNormal,33,2,BebmS,3,0.2007052049229072,0.9485628562856284,82.17085915406545,0.3940740740740741,-0.0018892380150025,9.179310344827586,0.0066225165562913,,,100,100
726,0.21,sn_kjOrdinalDM_xnjNonNormal,33,2,BebmS (Blind),3,0.2007052049229072,0.9485628562856284,101.29610860745112,0.4468686868686868,0.0022264266638078,13.197241379310343,0.913907284768212,,0.0,100,100
726,0.21,sn_kjOrdinalDM_xnjNonNormal,33,2,Random Guessing,3,0.2007052049229072,0.9485628562856284,0.0,0.516268196271778,-0.0021174590925353,37.03586206896552,6.132450331125828,,0.0,100,100
726,0.21,sn_kjOrdinalDM_xnjNonNormal,34,2,BebmS,3,0.3564868948273877,0.9850705070507052,81.9559734861056,0.3981144781144781,0.000155649536796,15.03310344827586,0.0,,,100,100
726,0.21,sn_kjOrdinalDM_xnjNonNormal,34,2,BebmS (Blind),3,0.3564868948273877,0.9850705070507052,100.70503123998644,0.4063299663299664,0.0,11.86896551724138,1.3178807947019868,,1.0,100,100
726,0.21,sn_kjOrdinalDM_xnjNonNormal,34,2,Random Guessing,3,0.3564868948273877,0.9850705070507052,0.0,0.527409932136191,0.0011862922851523,37.93241379310345,5.821192052980132,,1.0,100,100
726,0.21,sn_kjOrdinalDM_xnjNonNormal,34,2,SuStaIn (GMM),3,0.3564868948273877,0.9850705070507052,704.9461635788282,0.4598653198653199,0.0042302953796079,25.61379310344828,48.07947019867549,,,100,100
726,0.21,sn_kjOrdinalDM_xnjNonNormal,34,2,SuStaIn (KDE),3,0.3564868948273877,0.9850705070507052,558.9485475182533,0.4151515151515152,-0.0019012900903974,20.07448275862069,33.98675496688742,,,100,100
726,0.21,sn_kjOrdinalDM_xnjNonNormal,35,2,BebmS,3,0.3346463797654688,0.978016468313498,137.7633458773295,0.4477441077441078,0.0,16.104827586206895,0.7814569536423841,,,100,100
726,0.21,sn_kjOrdinalDM_xnjNonNormal,35,2,BebmS (Blind),3,0.3346463797654688,0.978016468313498,177.3910809357961,0.3728619528619528,-0.0033606025869642,14.344827586206897,1.099337748344371,,1.0,100,100
726,0.21,sn_kjOrdinalDM_xnjNonNormal,35,2,Random Guessing,3,0.3346463797654688,0.978016468313498,0.0,0.4784514769029166,0.0006734166868557,37.31586206896552,6.152317880794702,,1.0,100,100
726,0.21,sn_kjOrdinalDM_xnjNonNormal,35,2,SuStaIn (GMM),3,0.3346463797654688,0.978016468313498,811.4359007199605,0.3872053872053873,0.0129900155991611,26.481379310344828,48.83443708609271,,,100,100
726,0.21,sn_kjOrdinalDM_xnjNonNormal,35,2,SuStaIn (KDE),3,0.3346463797654688,0.978016468313498,466.9626873135567,0.3956228956228956,-0.0022540322129921,16.706206896551723,30.5364238410596,,,100,100
726,0.21,sn_kjOrdinalDM_xnjNonNormal,36,2,BebmS,3,0.3895501564121467,0.9878067806780678,112.63325166304908,0.4032323232323232,0.0001404687438764,10.408275862068963,0.0921052631578947,,,100,100
726,0.21,sn_kjOrdinalDM_xnjNonNormal,36,2,BebmS (Blind),3,0.3895501564121467,0.9878067806780678,125.0668080806732,0.4172390572390572,-0.0008111418339342,14.633103448275865,1.2171052631578947,,1.0,100,100
726,0.21,sn_kjOrdinalDM_xnjNonNormal,36,2,Random Guessing,3,0.3895501564121467,0.9878067806780678,0.0,0.5059668135290049,-0.0016604255947165,35.97379310344827,5.664473684210527,,1.0,100,100
726,0.21,sn_kjOrdinalDM_xnjNonNormal,37,2,BebmS,3,0.21389035274742,0.9562569590292362,115.1646662592888,0.3949494949494949,0.0,12.166896551724138,0.4105960264900662,,,100,100
726,0.21,sn_kjOrdinalDM_xnjNonNormal,37,2,BebmS (Blind),3,0.21389035274742,0.9562569590292362,152.86129328012467,0.4244444444444444,0.0249823810474007,15.677241379310344,2.4172185430463577,,2.0,100,100
726,0.21,sn_kjOrdinalDM_xnjNonNormal,37,2,Random Guessing,3,0.21389035274742,0.9562569590292362,0.0,0.4957062905016475,-0.00213077298977,35.59862068965517,5.543046357615894,,2.0,100,100
726,0.21,sn_kjOrdinalDM_xnjNonNormal,37,2,SuStaIn (GMM),3,0.21389035274742,0.9562569590292362,600.9359377662341,0.4839730639730639,0.0013459594977958,30.230344827586208,50.59602649006622,,,100,100
726,0.21,sn_kjOrdinalDM_xnjNonNormal,37,2,SuStaIn (KDE),3,0.21389035274742,0.9562569590292362,431.0191970388095,0.3854545454545454,0.0013203613891937,15.775172413793104,26.72185430463576,,,100,100
726,0.21,sn_kjOrdinalDM_xnjNonNormal,38,2,BebmS,3,0.1829710961352894,0.93995932926626,70.13352129062017,0.3508417508417509,0.2413728635545649,13.13655172413793,0.0,,,100,100
726,0.21,sn_kjOrdinalDM_xnjNonNormal,38,2,BebmS (Blind),3,0.1829710961352894,0.93995932926626,85.3200425028801,0.3947474747474748,0.0019777690167846,15.102068965517242,1.3245033112582782,,1.0,100,100
726,0.21,sn_kjOrdinalDM_xnjNonNormal,38,2,Random Guessing,3,0.1829710961352894,0.93995932926626,0.0,0.4869558169858601,-0.0007013965209637,36.59448275862069,6.410596026490066,,1.0,100,100
726,0.21,sn_kjOrdinalDM_xnjNonNormal,38,2,SuStaIn (GMM),3,0.1829710961352894,0.93995932926626,183.27996586958568,0.5123232323232323,0.0240265931458186,30.71586206896552,53.64900662251656,,,100,100
726,0.21,sn_kjOrdinalDM_xnjNonNormal,38,2,SuStaIn (KDE),3,0.1829710961352894,0.93995932926626,227.61096030871076,0.4318518518518519,0.0080612602620203,17.573793103448274,31.662251655629134,,,100,100
726,0.21,sn_kjOrdinalDM_xnjNonNormal,40,2,BebmS,3,0.1988056737838786,0.952064539787312,69.69470790624618,0.4703703703703704,-0.0024017513969304,24.286896551724137,0.2582781456953642,,,100,100
726,0.21,sn_kjOrdinalDM_xnjNonNormal,40,2,BebmS (Blind),3,0.1988056737838786,0.952064539787312,86.16139943599701,0.4012794612794613,-0.0256437321365604,16.93103448275862,3.708609271523178,,1.0,100,100
726,0.21,sn_kjOrdinalDM_xnjNonNormal,40,2,Random Guessing,3,0.1988056737838786,0.952064539787312,0.0,0.4897270490023294,0.0016773232707337,35.10068965517242,6.2052980132450335,,1.0,100,100
726,0.21,sn_kjOrdinalDM_xnjNonNormal,40,2,SuStaIn (GMM),3,0.1988056737838786,0.952064539787312,561.4148686607679,0.4986531986531986,0.0100404586844982,35.45379310344828,57.437086092715234,,,100,100
726,0.21,sn_kjOrdinalDM_xnjNonNormal,40,2,SuStaIn (KDE),3,0.1988056737838786,0.952064539787312,588.7494704683621,0.3688888888888889,-0.0157958549292781,19.216551724137933,33.65562913907285,,,100,100
726,0.21,sn_kjOrdinalDM_xnjNonNormal,41,2,BebmS,3,0.2746130106983694,0.9726532653265326,69.69084544181824,0.435016835016835,-0.0011724888874034,16.322314049586776,1.0529801324503312,,,100,100
726,0.21,sn_kjOrdinalDM_xnjNonNormal,41,2,BebmS (Blind),3,0.2746130106983694,0.9726532653265326,84.75400754213334,0.4666666666666666,0.0008706075821146,20.363636363636363,3.5033112582781456,,0.0,100,100
726,0.21,sn_kjOrdinalDM_xnjNonNormal,41,2,Random Guessing,3,0.2746130106983694,0.9726532653265326,0.0,0.4877857943691959,-0.0015513931919312,37.15289256198347,6.582781456953643,,0.0,100,100
726,0.21,sn_kjOrdinalDM_xnjNonNormal,41,2,SuStaIn (GMM),3,0.2746130106983694,0.9726532653265326,502.39704430500666,0.4244444444444444,0.0120967615717296,24.181818181818183,46.63576158940398,,,100,100
726,0.21,sn_kjOrdinalDM_xnjNonNormal,41,2,SuStaIn (KDE),3,0.2746130106983694,0.9726532653265326,541.4784242987632,0.4571717171717172,0.0016764453048603,12.778236914600551,23.60927152317881,,,100,100
726,0.21,sn_kjOrdinalDM_xnjNonNormal,42,2,BebmS,3,0.4553357576794208,0.9886788678867888,69.03197838465373,0.38,-0.0018815710739488,9.198620689655172,0.08,,,100,100
726,0.21,sn_kjOrdinalDM_xnjNonNormal,42,2,BebmS (Blind),3,0.4553357576794208,0.9886788678867888,83.89706509908041,0.4527272727272727,-0.0006542324302645,17.893793103448274,5.733333333333333,,0.0,100,100
726,0.21,sn_kjOrdinalDM_xnjNonNormal,42,2,Random Guessing,3,0.4553357576794208,0.9886788678867888,0.0,0.4961891643990763,-0.0018644149894839,35.77103448275862,5.8133333333333335,,0.0,100,100
726,0.21,sn_kjOrdinalDM_xnjNonNormal,42,2,SuStaIn (GMM),3,0.4553357576794208,0.9886788678867888,553.343197508653,0.5121212121212121,0.0076176853467425,23.12,41.12,,,100,100
726,0.21,sn_kjOrdinalDM_xnjNonNormal,42,2,SuStaIn (KDE),3,0.4553357576794208,0.9886788678867888,488.46841082175575,0.4352188552188552,-0.0019136373263841,22.04,31.473333333333333,,,100,100
726,0.21,sn_kjOrdinalDM_xnjNonNormal,43,2,BebmS,3,0.0165861631506329,0.4246117945127846,69.58915011882782,0.2309090909090909,0.8987740566339409,8.18206896551724,0.390728476821192,,,100,100
726,0.21,sn_kjOrdinalDM_xnjNonNormal,43,2,BebmS (Blind),3,0.0165861631506329,0.4246117945127846,84.97439065376918,0.2457239057239057,0.883585529797117,6.860689655172414,3.4900662251655628,,3.0,100,100
726,0.21,sn_kjOrdinalDM_xnjNonNormal,43,2,Random Guessing,3,0.0165861631506329,0.4246117945127846,0.0,0.4734071840729443,0.0009783929092855,36.644137931034486,5.6490066225165565,,3.0,100,100
726,0.21,sn_kjOrdinalDM_xnjNonNormal,43,2,SuStaIn (GMM),3,0.0165861631506329,0.4246117945127846,604.2983857711156,0.4396632996632996,0.7922549765082595,24.689655172413797,46.59602649006622,,,100,100
726,0.21,sn_kjOrdinalDM_xnjNonNormal,43,2,SuStaIn (KDE),3,0.0165861631506329,0.4246117945127846,557.7033185164133,0.3968350168350167,0.5058720248151385,15.434482758620687,27.70860927152318,,,100,100
726,0.21,sn_kjOrdinalDM_xnjNonNormal,44,2,BebmS,3,0.2877799323621136,0.9653672033870052,71.35771782795588,0.4550841750841751,9.691976096007993e-05,16.385674931129476,0.36,,,100,100
726,0.21,sn_kjOrdinalDM_xnjNonNormal,44,2,BebmS (Blind),3,0.2877799323621136,0.9653672033870052,88.78118408123652,0.393131313131313,-0.0093304493123648,13.422865013774103,0.2,,1.0,100,100
726,0.21,sn_kjOrdinalDM_xnjNonNormal,44,2,Random Guessing,3,0.2877799323621136,0.9653672033870052,0.0,0.5116013190303473,-0.0017947469740328,37.01101928374656,5.54,,1.0,100,100
726,0.21,sn_kjOrdinalDM_xnjNonNormal,44,2,SuStaIn (GMM),3,0.2877799323621136,0.9653672033870052,596.8067726333936,0.4519191919191919,-0.0007905671462291,27.206611570247933,46.96666666666667,,,100,100
726,0.21,sn_kjOrdinalDM_xnjNonNormal,44,2,SuStaIn (KDE),3,0.2877799323621136,0.9653672033870052,501.71975146134696,0.4562962962962962,-0.0039707712817899,19.234159779614323,29.906666666666663,,,100,100
726,0.21,sn_kjOrdinalDM_xnjNonNormal,45,2,BebmS,3,0.1783498576677159,0.9422102210221022,82.74932501713435,0.3854545454545455,0.0,9.90896551724138,0.0264900662251655,,,100,100
726,0.21,sn_kjOrdinalDM_xnjNonNormal,45,2,BebmS (Blind),3,0.1783498576677159,0.9422102210221022,98.38521446784335,0.3982491582491582,-0.0003895165398285,8.161379310344827,0.5099337748344371,,1.0,100,100
726,0.21,sn_kjOrdinalDM_xnjNonNormal,45,2,Random Guessing,3,0.1783498576677159,0.9422102210221022,0.0,0.4834905310609996,0.0094156925300326,36.3351724137931,6.1655629139072845,,1.0,100,100
726,0.21,sn_kjOrdinalDM_xnjNonNormal,45,2,SuStaIn (GMM),3,0.1783498576677159,0.9422102210221022,299.15614044268926,0.4963636363636363,0.0058607741936746,26.41655172413793,44.99337748344371,,,100,100
726,0.21,sn_kjOrdinalDM_xnjNonNormal,45,2,SuStaIn (KDE),3,0.1783498576677159,0.9422102210221022,256.2491807500521,0.4393939393939394,0.0029384606771157,20.17655172413793,34.682119205298015,,,100,100
726,0.21,sn_kjOrdinalDM_xnjNonNormal,46,2,BebmS,3,0.4069230465697331,0.9871373804047072,76.18990792830785,0.3693602693602693,0.0,5.75206611570248,0.1324503311258278,,,100,100
726,0.21,sn_kjOrdinalDM_xnjNonNormal,46,2,BebmS (Blind),3,0.4069230465697331,0.9871373804047072,100.86865833997726,0.4216161616161615,0.0044460948914188,12.845730027548209,0.7284768211920529,,2.0,100,100
726,0.21,sn_kjOrdinalDM_xnjNonNormal,46,2,Random Guessing,3,0.4069230465697331,0.9871373804047072,0.0,0.4919103310665469,-0.0014150114483756,36.94903581267218,6.258278145695364,,2.0,100,100
726,0.21,sn_kjOrdinalDM_xnjNonNormal,46,2,SuStaIn (GMM),3,0.4069230465697331,0.9871373804047072,324.658594806989,0.4491582491582491,0.0023425875182705,25.62809917355372,49.788079470198674,,,100,100
726,0.21,sn_kjOrdinalDM_xnjNonNormal,46,2,SuStaIn (KDE),3,0.4069230465697331,0.9871373804047072,334.4665366172791,0.4114478114478115,-0.0073611123029819,14.493112947658402,23.77483443708609,,,100,100
726,0.21,sn_kjOrdinalDM_xnjNonNormal,47,2,BebmS,3,0.2563971200881696,0.971077107710771,85.40861144860585,0.4126599326599326,0.0009393863733526,20.783448275862067,1.2317880794701987,,,100,100
726,0.21,sn_kjOrdinalDM_xnjNonNormal,47,2,BebmS (Blind),3,0.2563971200881696,0.971077107710771,100.489071393013,0.4618181818181817,0.0007317206345491,21.744827586206892,1.9337748344370864,,1.0,100,100
726,0.21,sn_kjOrdinalDM_xnjNonNormal,47,2,Random Guessing,3,0.2563971200881696,0.971077107710771,0.0,0.4981473796707207,-0.0003268779201025,35.12965517241379,5.602649006622516,,1.0,100,100
726,0.21,sn_kjOrdinalDM_xnjNonNormal,47,2,SuStaIn (GMM),3,0.2563971200881696,0.971077107710771,215.99649432897567,0.4843097643097643,0.0350088707845659,31.71172413793104,52.4635761589404,,,100,100
726,0.21,sn_kjOrdinalDM_xnjNonNormal,47,2,SuStaIn (KDE),3,0.2563971200881696,0.971077107710771,278.7828461845716,0.4381144781144781,-0.0037804528497976,24.33103448275862,38.35761589403973,,,100,100
726,0.21,sn_kjOrdinalDM_xnjNonNormal,48,2,BebmS,3,0.0427338799297299,0.6278107810781078,69.70535254875819,0.2550841750841751,0.865610818530086,9.097796143250688,0.2251655629139073,,,100,100
726,0.21,sn_kjOrdinalDM_xnjNonNormal,48,2,BebmS (Blind),3,0.0427338799297299,0.6278107810781078,85.0032191157341,0.2465993265993266,0.6022265973924836,6.862258953168044,1.1721854304635762,,2.0,100,100
726,0.21,sn_kjOrdinalDM_xnjNonNormal,48,2,Random Guessing,3,0.0427338799297299,0.6278107810781078,0.0,0.4928295714545362,-0.0002456901577271,37.27272727272727,5.9072847682119205,,2.0,100,100
726,0.21,sn_kjOrdinalDM_xnjNonNormal,48,2,SuStaIn (GMM),3,0.0427338799297299,0.6278107810781078,182.36805300712587,0.4512457912457912,0.4949547093239435,25.1900826446281,49.01986754966888,,,100,100
726,0.21,sn_kjOrdinalDM_xnjNonNormal,48,2,SuStaIn (KDE),3,0.0427338799297299,0.6278107810781078,192.59888327916465,0.4117845117845118,0.131440134465141,15.75068870523416,25.874172185430464,,,100,100
726,0.21,sn_kjOrdinalDM_xnjNonNormal,49,2,BebmS,3,0.3937479841971112,0.9864039737307064,75.14316687981288,0.4582491582491583,0.0,13.74517906336088,1.2317880794701987,,,100,100
726,0.21,sn_kjOrdinalDM_xnjNonNormal,49,2,BebmS (Blind),3,0.3937479841971112,0.9864039737307064,101.77143171230952,0.4127272727272726,-0.0005968174100075,15.265840220385677,2.6754966887417218,,1.0,100,100
726,0.21,sn_kjOrdinalDM_xnjNonNormal,49,2,Random Guessing,3,0.3937479841971112,0.9864039737307064,0.0,0.5235445346606092,0.0044005322181914,35.86914600550964,5.9072847682119205,,1.0,100,100
726,0.21,sn_kjOrdinalDM_xnjNormal,0,1,BebmS,3,0.0597735674848247,0.6713217988465513,101.1421799659729,0.3630976430976431,0.2638801839330116,17.362258953168045,0.0,,,100,100
726,0.21,sn_kjOrdinalDM_xnjNormal,0,1,BebmS (Blind),3,0.0597735674848247,0.6713217988465513,122.38883570830028,0.3954208754208754,0.6920702292842013,18.764462809917354,1.0,,1.0,100,100
726,0.21,sn_kjOrdinalDM_xnjNormal,0,1,Random Guessing,3,0.0597735674848247,0.6713217988465513,0.0,0.4783392158407942,-0.0016533563323018,37.35261707988981,5.629139072847682,,1.0,100,100
726,0.21,sn_kjOrdinalDM_xnjNormal,0,1,SuStaIn (GMM),3,0.0597735674848247,0.6713217988465513,145.12096282641093,0.3863299663299663,0.893968251643035,21.848484848484848,43.37748344370861,,,100,100
726,0.21,sn_kjOrdinalDM_xnjNormal,0,1,SuStaIn (KDE),3,0.0597735674848247,0.6713217988465513,242.38137182792028,0.3696969696969696,0.2358565556771825,18.038567493112943,19.814569536423843,,,100,100
726,0.21,sn_kjOrdinalDM_xnjNormal,1,1,BebmS,3,0.411707852948084,0.9876147614761476,68.53156458934149,0.4402020202020202,0.0,19.28965517241379,2.6357615894039736,,,100,100
726,0.21,sn_kjOrdinalDM_xnjNormal,1,1,BebmS (Blind),3,0.411707852948084,0.9876147614761476,83.61645237604777,0.4313131313131313,0.0,20.34344827586207,0.0662251655629139,,3.0,100,100
726,0.21,sn_kjOrdinalDM_xnjNormal,1,1,Random Guessing,3,0.411707852948084,0.9876147614761476,0.0,0.4709261026322096,-0.0020135721121174,36.20551724137931,5.768211920529802,,3.0,100,100
726,0.21,sn_kjOrdinalDM_xnjNormal,1,1,SuStaIn (GMM),3,0.411707852948084,0.9876147614761476,81.29945553541184,0.4127946127946127,0.0209614175741466,23.33379310344828,41.48344370860927,,,100,100
726,0.21,sn_kjOrdinalDM_xnjNormal,1,1,SuStaIn (KDE),3,0.411707852948084,0.9876147614761476,114.66434944868088,0.3269360269360269,0.0036438793086245,16.48551724137931,17.39072847682119,,,100,100
726,0.21,sn_kjOrdinalDM_xnjNormal,2,1,BebmS,3,0.0973243147978122,0.835911591159116,69.29082800944646,0.3653872053872054,0.5769708865291119,16.907586206896553,0.0198675496688741,,,100,100
726,0.21,sn_kjOrdinalDM_xnjNormal,2,1,BebmS (Blind),3,0.0973243147978122,0.835911591159116,84.25163727998734,0.4056565656565656,0.6126640654572973,22.561379310344822,0.3178807947019867,,1.0,100,100
726,0.21,sn_kjOrdinalDM_xnjNormal,2,1,Random Guessing,3,0.0973243147978122,0.835911591159116,0.0,0.4899716222006015,-0.0017182689310018,34.87310344827586,5.71523178807947,,1.0,100,100
726,0.21,sn_kjOrdinalDM_xnjNormal,2,1,SuStaIn (GMM),3,0.0973243147978122,0.835911591159116,251.4871666431427,0.3939393939393938,0.4630648240554444,21.84413793103448,34.211920529801326,,,100,100
726,0.21,sn_kjOrdinalDM_xnjNormal,2,1,SuStaIn (KDE),3,0.0973243147978122,0.835911591159116,312.2940902074178,0.3714478114478114,0.0766786990030461,22.69793103448276,24.033112582781456,,,100,100
726,0.21,sn_kjOrdinalDM_xnjNormal,3,1,BebmS,3,0.438283892451889,0.9906417308397506,69.08684006929397,0.4185185185185185,0.0,14.548209366391184,0.0,,,100,100
726,0.21,sn_kjOrdinalDM_xnjNormal,3,1,BebmS (Blind),3,0.438283892451889,0.9906417308397506,84.51517743666967,0.4156902356902356,0.0,13.980716253443529,0.0,,1.0,100,100
726,0.21,sn_kjOrdinalDM_xnjNormal,3,1,Random Guessing,3,0.438283892451889,0.9906417308397506,0.0,0.4923324458433389,-0.0020096018106921,35.96831955922865,6.158940397350993,,1.0,100,100
726,0.21,sn_kjOrdinalDM_xnjNormal,3,1,SuStaIn (GMM),3,0.438283892451889,0.9906417308397506,464.1994845549265,0.3917845117845117,0.0016968356725725,26.537190082644628,46.437086092715234,,,100,100
726,0.21,sn_kjOrdinalDM_xnjNormal,3,1,SuStaIn (KDE),3,0.438283892451889,0.9906417308397506,539.9215680797895,0.3870033670033669,-0.0005857567725964,22.673553719008265,20.728476821192054,,,100,100
726,0.21,sn_kjOrdinalDM_xnjNormal,4,1,BebmS,3,0.4339080647107454,0.9898576524319098,69.38703587849935,0.387946127946128,0.0002372163467771,13.973829201101928,0.0066225165562913,,,100,100
726,0.21,sn_kjOrdinalDM_xnjNormal,4,1,BebmS (Blind),3,0.4339080647107454,0.9898576524319098,85.31943003733953,0.4416835016835017,-0.0009632328336371,15.863636363636363,0.271523178807947,,2.0,100,100
726,0.21,sn_kjOrdinalDM_xnjNormal,4,1,Random Guessing,3,0.4339080647107454,0.9898576524319098,0.0,0.5141121138659216,-0.0009958458689665,36.78787878787879,6.185430463576159,,2.0,100,100
726,0.21,sn_kjOrdinalDM_xnjNormal,4,1,SuStaIn (GMM),3,0.4339080647107454,0.9898576524319098,423.1147059082985,0.4194612794612795,-0.0003898536145134,23.88292011019284,40.74834437086093,,,100,100
726,0.21,sn_kjOrdinalDM_xnjNormal,4,1,SuStaIn (KDE),3,0.4339080647107454,0.9898576524319098,524.1466675400734,0.3296296296296296,0.0028116682216021,16.575757575757574,17.198675496688743,,,100,100
726,0.21,sn_kjOrdinalDM_xnjNormal,5,1,BebmS,3,0.2565207673844899,0.963988398839884,68.9182561357816,0.4261279461279461,-0.0036837743694679,16.545454545454547,0.0,,,100,100
726,0.21,sn_kjOrdinalDM_xnjNormal,5,1,BebmS (Blind),3,0.2565207673844899,0.963988398839884,83.9125695625941,0.468013468013468,0.0,20.852617079889807,3.3666666666666667,,1.0,100,100
726,0.21,sn_kjOrdinalDM_xnjNormal,5,1,Random Guessing,3,0.2565207673844899,0.963988398839884,0.0,0.4898286716513728,-0.0013886434595122,36.93112947658402,5.6,,1.0,100,100
726,0.21,sn_kjOrdinalDM_xnjNormal,5,1,SuStaIn (GMM),3,0.2565207673844899,0.963988398839884,479.0198267579079,0.3337373737373737,0.131124089656244,16.15840220385675,34.693333333333335,,,100,100
726,0.21,sn_kjOrdinalDM_xnjNormal,5,1,SuStaIn (KDE),3,0.2565207673844899,0.963988398839884,516.8999792257945,0.3481481481481481,-0.0039848688325461,18.674931129476583,20.38,,,100,100
726,0.21,sn_kjOrdinalDM_xnjNormal,6,1,BebmS,3,0.0850019396994767,0.7873574024069073,69.106023534139,0.2752188552188552,0.4804182190515071,10.435862068965518,0.08,,,100,100
726,0.21,sn_kjOrdinalDM_xnjNormal,6,1,BebmS (Blind),3,0.0850019396994767,0.7873574024069073,83.19512432813644,0.3575084175084175,0.3821484740348495,15.44551724137931,2.84,,1.0,100,100
726,0.21,sn_kjOrdinalDM_xnjNormal,6,1,Random Guessing,3,0.0850019396994767,0.7873574024069073,0.0,0.4959086034525899,0.0010028395913217,35.0551724137931,5.42,,1.0,100,100
726,0.21,sn_kjOrdinalDM_xnjNormal,6,1,SuStaIn (GMM),3,0.0850019396994767,0.7873574024069073,489.9219125548999,0.3882828282828283,0.5809705956597832,22.158620689655173,39.21333333333333,,,100,100
726,0.21,sn_kjOrdinalDM_xnjNormal,6,1,SuStaIn (KDE),3,0.0850019396994767,0.7873574024069073,541.5751130461692,0.3657239057239057,0.0373685555135908,21.695172413793102,21.01333333333333,,,100,100
726,0.21,sn_kjOrdinalDM_xnjNormal,7,1,BebmS,3,0.4554261793843108,0.9892362569590292,69.36189321279525,0.4175084175084175,0.0,13.904827586206896,0.0,,,100,100
726,0.21,sn_kjOrdinalDM_xnjNormal,7,1,BebmS (Blind),3,0.4554261793843108,0.9892362569590292,88.7222907145818,0.4036363636363636,0.0,14.677241379310344,1.6158940397350994,,3.0,100,100
726,0.21,sn_kjOrdinalDM_xnjNormal,7,1,Random Guessing,3,0.4554261793843108,0.9892362569590292,0.0,0.5127455443147777,-0.0021653905845848,35.98896551724138,5.913907284768212,,3.0,100,100
726,0.21,sn_kjOrdinalDM_xnjNormal,7,1,SuStaIn (GMM),3,0.4554261793843108,0.9892362569590292,540.0110796689987,0.4017508417508417,0.0135537434266892,25.42896551724138,44.40397350993378,,,100,100
726,0.21,sn_kjOrdinalDM_xnjNormal,7,1,SuStaIn (KDE),3,0.4554261793843108,0.9892362569590292,506.9239667336146,0.3292929292929293,0.0075911613199869,17.235862068965517,17.278145695364238,,,100,100
726,0.21,sn_kjOrdinalDM_xnjNormal,8,1,BebmS,3,0.3841648386741674,0.9834090075674234,69.13054627974829,0.3846464646464646,0.0,10.746206896551724,0.0,,,100,100
726,0.21,sn_kjOrdinalDM_xnjNormal,8,1,BebmS (Blind),3,0.3841648386741674,0.9834090075674234,83.73823008139928,0.4527946127946128,0.0,12.664827586206895,0.0198675496688741,,1.0,100,100
726,0.21,sn_kjOrdinalDM_xnjNormal,8,1,Random Guessing,3,0.3841648386741674,0.9834090075674234,0.0,0.5294326255555292,-0.0020441553706027,38.55310344827586,5.562913907284768,,1.0,100,100
726,0.21,sn_kjOrdinalDM_xnjNormal,8,1,SuStaIn (GMM),3,0.3841648386741674,0.9834090075674234,511.1135867873828,0.3501683501683502,0.0977664920137388,20.17241379310345,37.99337748344371,,,100,100
726,0.21,sn_kjOrdinalDM_xnjNormal,8,1,SuStaIn (KDE),3,0.3841648386741674,0.9834090075674234,536.1535917282105,0.3068686868686868,-0.0028258185370731,16.502068965517243,19.2317880794702,,,100,100
726,0.21,sn_kjOrdinalDM_xnjNormal,9,1,BebmS,3,0.0793052789765396,0.7476600993432677,79.99838679234186,0.3713804713804713,0.2015807441170171,13.77793103448276,0.1721854304635761,,,100,100
726,0.21,sn_kjOrdinalDM_xnjNormal,9,1,BebmS (Blind),3,0.0793052789765396,0.7476600993432677,95.1829702456792,0.3588552188552188,0.3027591493863506,13.837241379310344,0.7682119205298014,,2.0,100,100
726,0.21,sn_kjOrdinalDM_xnjNormal,9,1,Random Guessing,3,0.0793052789765396,0.7476600993432677,0.0,0.4918186142188818,-0.0002790254150526,37.62758620689655,6.139072847682119,,2.0,100,100
726,0.21,sn_kjOrdinalDM_xnjNormal,9,1,SuStaIn (GMM),3,0.0793052789765396,0.7476600993432677,278.6265025814374,0.358047138047138,0.8826571875340372,18.998620689655173,36.05298013245033,,,100,100
726,0.21,sn_kjOrdinalDM_xnjNormal,9,1,SuStaIn (KDE),3,0.0793052789765396,0.7476600993432677,291.9674065272013,0.3552861952861952,0.0668835202468299,21.615172413793104,21.556291390728475,,,100,100
726,0.21,sn_kjOrdinalDM_xnjNormal,10,1,BebmS,3,0.449618691808486,0.9902630263026304,70.20572440624237,0.392996632996633,0.0,7.542068965517242,0.0,,,100,100
726,0.21,sn_kjOrdinalDM_xnjNormal,10,1,BebmS (Blind),3,0.449618691808486,0.9902630263026304,85.36716379324595,0.3729292929292929,0.0053553725128983,10.732413793103447,2.132450331125828,,2.0,100,100
726,0.21,sn_kjOrdinalDM_xnjNormal,10,1,Random Guessing,3,0.449618691808486,0.9902630263026304,0.0,0.4965541806029802,-0.0023733366156394,36.08275862068965,5.801324503311259,,2.0,100,100
726,0.21,sn_kjOrdinalDM_xnjNormal,10,1,SuStaIn (GMM),3,0.449618691808486,0.9902630263026304,110.56772642930348,0.3151515151515151,0.0027895869379873,18.38206896551724,37.91390728476821,,,100,100
726,0.21,sn_kjOrdinalDM_xnjNormal,10,1,SuStaIn (KDE),3,0.449618691808486,0.9902630263026304,167.01332391103108,0.352996632996633,0.0019720167671961,18.881379310344823,20.337748344370866,,,100,100
726,0.21,sn_kjOrdinalDM_xnjNormal,11,1,BebmS,3,0.4866423379242598,0.9913831383138314,69.67533545096715,0.4123232323232322,0.0,12.953168044077136,0.0,,,100,100
726,0.21,sn_kjOrdinalDM_xnjNormal,11,1,BebmS (Blind),3,0.4866423379242598,0.9913831383138314,83.94773848851521,0.4124579124579124,0.0,15.590909090909092,0.4768211920529801,,3.0,100,100
726,0.21,sn_kjOrdinalDM_xnjNormal,11,1,Random Guessing,3,0.4866423379242598,0.9913831383138314,0.0,0.4880821063410872,-0.0023691098778371,37.02892561983471,5.874172185430464,,3.0,100,100
726,0.21,sn_kjOrdinalDM_xnjNormal,11,1,SuStaIn (GMM),3,0.4866423379242598,0.9913831383138314,660.8674416104952,0.371043771043771,0.0041518348745156,19.111570247933884,38.28476821192053,,,100,100
726,0.21,sn_kjOrdinalDM_xnjNormal,11,1,SuStaIn (KDE),3,0.4866423379242598,0.9913831383138314,920.3110195716222,0.311043771043771,-0.0018595637303717,15.18870523415978,18.62913907284768,,,100,100
726,0.21,sn_kjOrdinalDM_xnjNormal,12,1,BebmS,3,0.2074664475597309,0.962950961762843,82.26827662785848,0.443030303030303,-0.0005705393803887,21.310344827586206,0.0,,,100,100
726,0.21,sn_kjOrdinalDM_xnjNormal,12,1,BebmS (Blind),3,0.2074664475597309,0.962950961762843,101.39429796934128,0.4582491582491583,0.0,23.111724137931034,2.806666666666666,,1.0,100,100
726,0.21,sn_kjOrdinalDM_xnjNormal,12,1,Random Guessing,3,0.2074664475597309,0.962950961762843,0.0,0.4886279159594881,-0.002152106087731,37.53793103448276,6.366666666666666,,1.0,100,100
726,0.21,sn_kjOrdinalDM_xnjNormal,12,1,SuStaIn (GMM),3,0.2074664475597309,0.962950961762843,605.6906656265259,0.4407407407407407,0.0351034605226548,25.17655172413793,40.71333333333333,,,100,100
726,0.21,sn_kjOrdinalDM_xnjNormal,12,1,SuStaIn (KDE),3,0.2074664475597309,0.962950961762843,636.16607452631,0.3189225589225589,0.0028531156097166,19.27310344827586,20.38,,,100,100
726,0.21,sn_kjOrdinalDM_xnjNormal,13,1,BebmS,3,0.084626424109855,0.8054845484548455,71.96830893357595,0.3294276094276094,0.4889076231301487,11.830344827586208,0.0,,,100,100
726,0.21,sn_kjOrdinalDM_xnjNormal,13,1,BebmS (Blind),3,0.084626424109855,0.8054845484548455,85.7598646402359,0.2654545454545454,0.3819267463671149,10.612413793103448,0.1920529801324503,,2.0,100,100
726,0.21,sn_kjOrdinalDM_xnjNormal,13,1,Random Guessing,3,0.084626424109855,0.8054845484548455,0.0,0.5074446219152485,0.0017105335162343,37.13931034482759,6.2052980132450335,,2.0,100,100
726,0.21,sn_kjOrdinalDM_xnjNormal,13,1,SuStaIn (GMM),3,0.084626424109855,0.8054845484548455,616.6531479875247,0.3108417508417508,0.7483350061983729,17.092413793103447,34.48344370860927,,,100,100
726,0.21,sn_kjOrdinalDM_xnjNormal,13,1,SuStaIn (KDE),3,0.084626424109855,0.8054845484548455,627.9423793315888,0.3106397306397306,0.08808078380677,17.708965517241378,21.82119205298013,,,100,100
726,0.21,sn_kjOrdinalDM_xnjNormal,14,1,BebmS,3,0.0394788946363183,0.5768376837683769,73.50568162202835,0.3078787878787878,0.4073685005378279,10.66206896551724,0.152317880794702,,,100,100
726,0.21,sn_kjOrdinalDM_xnjNormal,14,1,BebmS (Blind),3,0.0394788946363183,0.5768376837683769,89.79634439945221,0.2651851851851851,0.9692988569605232,10.739310344827588,1.5364238410596027,,3.0,100,100
726,0.21,sn_kjOrdinalDM_xnjNormal,14,1,Random Guessing,3,0.0394788946363183,0.5768376837683769,0.0,0.4732014320589501,0.0032514671509541,35.58896551724138,6.125827814569536,,3.0,100,100
726,0.21,sn_kjOrdinalDM_xnjNormal,14,1,SuStaIn (GMM),3,0.0394788946363183,0.5768376837683769,634.053972585996,0.3555555555555555,0.9552497103746797,18.300689655172413,33.9271523178808,,,100,100
726,0.21,sn_kjOrdinalDM_xnjNormal,14,1,SuStaIn (KDE),3,0.0394788946363183,0.5768376837683769,620.7720812797546,0.3864646464646464,0.0926557606641796,21.252413793103447,23.47682119205298,,,100,100
726,0.21,sn_kjOrdinalDM_xnjNormal,15,1,BebmS,3,0.0286280119224656,0.4334900156682335,69.75385415156683,0.2773063973063973,0.8781029136216918,10.31129476584022,0.2119205298013245,,,100,100
726,0.21,sn_kjOrdinalDM_xnjNormal,15,1,BebmS (Blind),3,0.0286280119224656,0.4334900156682335,105.63699259757996,0.3322558922558922,0.4515314851019684,16.86914600550964,1.0596026490066226,,3.0,100,100
726,0.21,sn_kjOrdinalDM_xnjNormal,15,1,Random Guessing,3,0.0286280119224656,0.4334900156682335,0.0,0.4844355068179707,0.0055515731747569,37.0,6.450331125827814,,3.0,100,100
726,0.21,sn_kjOrdinalDM_xnjNormal,15,1,SuStaIn (GMM),3,0.0286280119224656,0.4334900156682335,1008.8492142796516,0.3383164983164983,0.8925501462300369,12.59228650137741,25.337748344370866,,,100,100
726,0.21,sn_kjOrdinalDM_xnjNormal,15,1,SuStaIn (KDE),3,0.0286280119224656,0.4334900156682335,881.206953104337,0.284040404040404,0.7037689893153191,17.546831955922865,18.94039735099338,,,100,100
726,0.21,sn_kjOrdinalDM_xnjNormal,16,1,BebmS,3,0.1267086689454255,0.8623942394239424,72.12087992032369,0.3917171717171717,0.0,8.638620689655172,0.0,,,100,100
726,0.21,sn_kjOrdinalDM_xnjNormal,16,1,BebmS (Blind),3,0.1267086689454255,0.8623942394239424,93.08918054103852,0.4026262626262626,0.0007053034278076,15.555862068965515,1.0927152317880795,,1.0,100,100
726,0.21,sn_kjOrdinalDM_xnjNormal,16,1,Random Guessing,3,0.1267086689454255,0.8623942394239424,0.0,0.5047845914487344,-0.0011584974943062,36.32827586206896,5.629139072847682,,1.0,100,100
726,0.21,sn_kjOrdinalDM_xnjNormal,16,1,SuStaIn (GMM),3,0.1267086689454255,0.8623942394239424,232.23439942995708,0.3466666666666667,0.3515914389706768,17.169655172413794,34.682119205298015,,,100,100
726,0.21,sn_kjOrdinalDM_xnjNormal,16,1,SuStaIn (KDE),3,0.1267086689454255,0.8623942394239424,261.8843362649282,0.3695622895622896,0.0566205260697809,21.04827586206897,22.62251655629139,,,100,100
726,0.21,sn_kjOrdinalDM_xnjNormal,17,1,BebmS,3,0.04522332446296,0.5747174717471747,81.86944810152053,0.243030303030303,0.9230769864490128,9.773793103448275,0.0,,,100,100
726,0.21,sn_kjOrdinalDM_xnjNormal,17,1,BebmS (Blind),3,0.04522332446296,0.5747174717471747,101.15514283180237,0.4051851851851851,0.3683609594733983,21.147586206896552,12.013245033112582,,0.0,100,100
726,0.21,sn_kjOrdinalDM_xnjNormal,17,1,Random Guessing,3,0.04522332446296,0.5747174717471747,0.0,0.4797465626031323,-0.0022064008761812,35.60551724137931,5.695364238410596,,0.0,100,100
726,0.21,sn_kjOrdinalDM_xnjNormal,17,1,SuStaIn (GMM),3,0.04522332446296,0.5747174717471747,204.60889942248664,0.4364309764309764,0.9382611156655464,25.204137931034484,45.03973509933775,,,100,100
726,0.21,sn_kjOrdinalDM_xnjNormal,17,1,SuStaIn (KDE),3,0.04522332446296,0.5747174717471747,251.5463457226753,0.3134680134680134,0.2530725454655896,16.337931034482757,18.05960264900662,,,100,100
726,0.21,sn_kjOrdinalDM_xnjNormal,18,1,BebmS,3,0.2683191388788497,0.9601826849351602,97.96289122104643,0.4053872053872053,0.0369910203309784,20.751724137931035,0.0066225165562913,,,100,100
726,0.21,sn_kjOrdinalDM_xnjNormal,18,1,BebmS (Blind),3,0.2683191388788497,0.9601826849351602,118.6314737478892,0.4487542087542087,0.1016107407644742,24.16,1.4105960264900663,,2.0,100,100
726,0.21,sn_kjOrdinalDM_xnjNormal,18,1,Random Guessing,3,0.2683191388788497,0.9601826849351602,0.0,0.4786565709318739,-0.0024921972680191,36.13379310344828,6.245033112582782,,2.0,100,100
726,0.21,sn_kjOrdinalDM_xnjNormal,18,1,SuStaIn (GMM),3,0.2683191388788497,0.9601826849351602,181.1657563010852,0.4736026936026936,0.0941399335877547,29.02344827586207,45.609271523178805,,,100,100
726,0.21,sn_kjOrdinalDM_xnjNormal,18,1,SuStaIn (KDE),3,0.2683191388788497,0.9601826849351602,245.30797736644743,0.376026936026936,-0.0018968035738412,21.04689655172414,22.37086092715232,,,100,100
726,0.21,sn_kjOrdinalDM_xnjNormal,19,1,BebmS,3,0.1554727127297427,0.9211227789445612,68.79997767607371,0.3967676767676768,0.0070600153136373,6.596418732782369,0.0,,,100,100
726,0.21,sn_kjOrdinalDM_xnjNormal,19,1,BebmS (Blind),3,0.1554727127297427,0.9211227789445612,85.03894691864649,0.4148148148148148,0.0545331553434062,15.976584022038567,0.8940397350993378,,1.0,100,100
726,0.21,sn_kjOrdinalDM_xnjNormal,19,1,Random Guessing,3,0.1554727127297427,0.9211227789445612,0.0,0.4872799889562391,-0.0011123062196701,36.88842975206612,5.172185430463577,,1.0,100,100
726,0.21,sn_kjOrdinalDM_xnjNormal,19,1,SuStaIn (GMM),3,0.1554727127297427,0.9211227789445612,524.8436399022738,0.3550841750841751,0.2318207028155098,20.00964187327824,38.06622516556291,,,100,100
726,0.21,sn_kjOrdinalDM_xnjNormal,19,1,SuStaIn (KDE),3,0.1554727127297427,0.9211227789445612,532.9974397977193,0.3993265993265993,-0.0001101902912412,22.47245179063361,22.456953642384107,,,100,100
726,0.21,sn_kjOrdinalDM_xnjNormal,20,1,BebmS,3,0.4250424435860284,0.988993566023269,69.98886667887369,0.4119191919191919,0.0,12.12396694214876,0.0,,,100,100
726,0.21,sn_kjOrdinalDM_xnjNormal,20,1,BebmS (Blind),3,0.4250424435860284,0.988993566023269,84.9755107164383,0.4488215488215488,0.0,22.93388429752066,3.98,,3.0,100,100
726,0.21,sn_kjOrdinalDM_xnjNormal,20,1,Random Guessing,3,0.4250424435860284,0.988993566023269,0.0,0.5001518578115037,-0.0007915795133467,35.2534435261708,6.026666666666666,,3.0,100,100
726,0.21,sn_kjOrdinalDM_xnjNormal,20,1,SuStaIn (GMM),3,0.4250424435860284,0.988993566023269,568.5523836493492,0.4023569023569024,0.0021518068595245,27.681818181818183,48.82,,,100,100
726,0.21,sn_kjOrdinalDM_xnjNormal,20,1,SuStaIn (KDE),3,0.4250424435860284,0.988993566023269,510.8131404002508,0.3075420875420875,0.0115210150310705,19.173553719008265,20.106666666666666,,,100,100
726,0.21,sn_kjOrdinalDM_xnjNormal,21,1,BebmS,3,0.4338120346988022,0.9872200553388673,133.90417311986286,0.4113131313131313,0.0,11.947658402203857,0.0331125827814569,,,100,100
726,0.21,sn_kjOrdinalDM_xnjNormal,21,1,BebmS (Blind),3,0.4338120346988022,0.9872200553388673,145.56217792828878,0.4123905723905723,0.0,13.493112947658402,0.3245033112582781,,2.0,100,100
726,0.21,sn_kjOrdinalDM_xnjNormal,21,1,Random Guessing,3,0.4338120346988022,0.9872200553388673,0.0,0.4832556422093444,-0.0004627262379914,37.19972451790633,5.781456953642384,,2.0,100,100
726,0.21,sn_kjOrdinalDM_xnjNormal,21,1,SuStaIn (GMM),3,0.4338120346988022,0.9872200553388673,697.7517061193784,0.2997306397306397,0.152605007192202,15.146005509641872,30.76158940397351,,,100,100
726,0.21,sn_kjOrdinalDM_xnjNormal,21,1,SuStaIn (KDE),3,0.4338120346988022,0.9872200553388673,711.1396823247273,0.3556228956228955,-0.0012648387278034,19.426997245179063,22.43046357615894,,,100,100
726,0.21,sn_kjOrdinalDM_xnjNormal,22,1,BebmS,3,0.4441765155507302,0.9882868286828684,70.1169767022133,0.4444444444444444,0.0,14.477961432506888,0.0,,,100,100
726,0.21,sn_kjOrdinalDM_xnjNormal,22,1,BebmS (Blind),3,0.4441765155507302,0.9882868286828684,85.50510431528092,0.4367676767676768,0.0,15.173553719008265,0.4733333333333333,,3.0,100,100
726,0.21,sn_kjOrdinalDM_xnjNormal,22,1,Random Guessing,3,0.4441765155507302,0.9882868286828684,0.0,0.5022012532516874,0.0018684043214051,35.90909090909091,6.1,,3.0,100,100
726,0.21,sn_kjOrdinalDM_xnjNormal,22,1,SuStaIn (GMM),3,0.4441765155507302,0.9882868286828684,115.85172519683836,0.3958249158249158,0.0307302275107632,23.59228650137741,38.806666666666665,,,100,100
726,0.21,sn_kjOrdinalDM_xnjNormal,22,1,SuStaIn (KDE),3,0.4441765155507302,0.9882868286828684,154.883473332723,0.3351515151515151,0.0047965023045506,20.774104683195592,23.65333333333333,,,100,100
726,0.21,sn_kjOrdinalDM_xnjNormal,23,1,BebmS,3,0.1589605159520046,0.8975657565756575,91.66891775131224,0.4455892255892256,0.0256921978144001,21.721379310344822,0.0728476821192053,,,100,100
726,0.21,sn_kjOrdinalDM_xnjNormal,23,1,BebmS (Blind),3,0.1589605159520046,0.8975657565756575,113.87673751910528,0.4232323232323232,0.213336961728639,23.98896551724138,1.086092715231788,,0.0,100,100
726,0.21,sn_kjOrdinalDM_xnjNormal,23,1,Random Guessing,3,0.1589605159520046,0.8975657565756575,0.0,0.5093391090978278,0.0014231669923597,35.87448275862069,6.006622516556291,,0.0,100,100
726,0.21,sn_kjOrdinalDM_xnjNormal,23,1,SuStaIn (GMM),3,0.1589605159520046,0.8975657565756575,683.5041593233744,0.3505723905723905,0.3437037647824063,20.859310344827588,35.9271523178808,,,100,100
726,0.21,sn_kjOrdinalDM_xnjNormal,23,1,SuStaIn (KDE),3,0.1589605159520046,0.8975657565756575,556.6265780369441,0.3835690235690236,0.0297819006238338,22.39034482758621,24.516556291390728,,,100,100
726,0.21,sn_kjOrdinalDM_xnjNormal,24,1,BebmS,3,0.155577265074137,0.9237230389705636,138.8294329047203,0.3637037037037037,0.3091771421656064,13.564137931034482,0.0,,,100,100
726,0.21,sn_kjOrdinalDM_xnjNormal,24,1,BebmS (Blind),3,0.155577265074137,0.9237230389705636,169.57524369160333,0.361952861952862,0.2519846675364509,13.513103448275862,0.0331125827814569,,0.0,100,100
726,0.21,sn_kjOrdinalDM_xnjNormal,24,1,Random Guessing,3,0.155577265074137,0.9237230389705636,0.0,0.5004198612664926,0.0029653971581005,37.15448275862069,5.774834437086093,,0.0,100,100
726,0.21,sn_kjOrdinalDM_xnjNormal,24,1,SuStaIn (GMM),3,0.155577265074137,0.9237230389705636,479.1480332533519,0.2915824915824915,0.3806327498631257,17.23862068965517,36.76158940397351,,,100,100
726,0.21,sn_kjOrdinalDM_xnjNormal,24,1,SuStaIn (KDE),3,0.155577265074137,0.9237230389705636,434.1946493784587,0.3150841750841751,0.0293674554484681,16.033103448275863,16.86092715231788,,,100,100
726,0.21,sn_kjOrdinalDM_xnjNormal,25,1,BebmS,3,0.0442072008801158,0.5393005967263393,68.58268347581227,0.2764983164983165,0.6565535341649428,10.415172413793105,0.0198675496688741,,,100,100
726,0.21,sn_kjOrdinalDM_xnjNormal,25,1,BebmS (Blind),3,0.0442072008801158,0.5393005967263393,83.96938842137655,0.258989898989899,0.8779124433762655,11.809655172413793,0.0794701986754966,,1.0,100,100
726,0.21,sn_kjOrdinalDM_xnjNormal,25,1,Random Guessing,3,0.0442072008801158,0.5393005967263393,0.0,0.4892932487609273,-0.0020914679809833,37.10758620689655,5.377483443708609,,1.0,100,100
726,0.21,sn_kjOrdinalDM_xnjNormal,25,1,SuStaIn (GMM),3,0.0442072008801158,0.5393005967263393,546.0138936479887,0.3142760942760942,0.9352300893333896,17.028965517241378,34.556291390728475,,,100,100
726,0.21,sn_kjOrdinalDM_xnjNormal,25,1,SuStaIn (KDE),3,0.0442072008801158,0.5393005967263393,635.0412916064263,0.357979797979798,0.332225920328402,15.798620689655172,18.94039735099338,,,100,100
726,0.21,sn_kjOrdinalDM_xnjNormal,26,1,BebmS,3,0.3768168053440537,0.9844864486448645,69.11968241532644,0.4094276094276094,0.0,14.015172413793104,0.0264900662251655,,,100,100
726,0.21,sn_kjOrdinalDM_xnjNormal,26,1,BebmS (Blind),3,0.3768168053440537,0.9844864486448645,84.14115853706996,0.4554882154882154,0.0,15.686896551724136,1.033112582781457,,0.0,100,100
726,0.21,sn_kjOrdinalDM_xnjNormal,26,1,Random Guessing,3,0.3768168053440537,0.9844864486448645,0.0,0.4911811470239851,0.0044478210588491,35.87724137931035,6.2052980132450335,,0.0,100,100
726,0.21,sn_kjOrdinalDM_xnjNormal,26,1,SuStaIn (GMM),3,0.3768168053440537,0.9844864486448645,591.6135079503059,0.3613468013468013,0.0547502960849937,20.131034482758626,36.80794701986755,,,100,100
726,0.21,sn_kjOrdinalDM_xnjNormal,26,1,SuStaIn (KDE),3,0.3768168053440537,0.9844864486448645,640.5641098419825,0.3857912457912458,0.0014582474059273,19.61655172413793,20.986754966887418,,,100,100
726,0.21,sn_kjOrdinalDM_xnjNormal,27,1,BebmS,3,0.3146318565440952,0.9765549888322166,69.12825745344162,0.3742760942760942,0.0330981527084111,15.844137931034483,0.0,,,100,100
726,0.21,sn_kjOrdinalDM_xnjNormal,27,1,BebmS (Blind),3,0.3146318565440952,0.9765549888322166,85.0796657125155,0.4173737373737374,0.0,18.35034482758621,2.6490066225165565,,0.0,100,100
726,0.21,sn_kjOrdinalDM_xnjNormal,27,1,Random Guessing,3,0.3146318565440952,0.9765549888322166,0.0,0.4923895286240785,-0.0003359789076148,37.39586206896552,5.635761589403973,,0.0,100,100
726,0.21,sn_kjOrdinalDM_xnjNormal,27,1,SuStaIn (GMM),3,0.3146318565440952,0.9765549888322166,630.2654287497203,0.3774410774410774,0.0170308979419093,21.762758620689656,42.41721854304636,,,100,100
726,0.21,sn_kjOrdinalDM_xnjNormal,27,1,SuStaIn (KDE),3,0.3146318565440952,0.9765549888322166,600.6933271447817,0.3160942760942761,0.0021786736334914,18.37103448275862,21.735099337748345,,,100,100
726,0.21,sn_kjOrdinalDM_xnjNormal,28,1,BebmS,3,0.0773167363101521,0.7604960496049605,73.61447849671046,0.4248484848484848,0.0,20.304407713498623,0.0,,,100,100
726,0.21,sn_kjOrdinalDM_xnjNormal,28,1,BebmS (Blind),3,0.0773167363101521,0.7604960496049605,95.91542079846064,0.3457912457912457,0.2553763499936635,13.969696969696969,0.7733333333333333,,1.0,100,100
726,0.21,sn_kjOrdinalDM_xnjNormal,28,1,Random Guessing,3,0.0773167363101521,0.7604960496049605,0.0,0.4935399002415505,-0.0021016098119478,36.46969696969697,5.82,,1.0,100,100
726,0.21,sn_kjOrdinalDM_xnjNormal,28,1,SuStaIn (GMM),3,0.0773167363101521,0.7604960496049605,655.3165692528089,0.4137373737373737,0.3543662391210381,25.298898071625345,41.74,,,100,100
726,0.21,sn_kjOrdinalDM_xnjNormal,28,1,SuStaIn (KDE),3,0.0773167363101521,0.7604960496049605,588.9496990203858,0.3686868686868687,0.0800430358681062,18.96969696969697,18.39333333333333,,,100,100
726,0.21,sn_kjOrdinalDM_xnjNormal,29,1,BebmS,3,0.3761542723036161,0.9844331099776644,75.13078030347825,0.3674747474747474,0.0003785190627601,9.73655172413793,0.0,,,100,100
726,0.21,sn_kjOrdinalDM_xnjNormal,29,1,BebmS (Blind),3,0.3761542723036161,0.9844331099776644,90.69298122723896,0.4528619528619528,0.0,14.231724137931035,1.0662251655629138,,1.0,100,100
726,0.21,sn_kjOrdinalDM_xnjNormal,29,1,Random Guessing,3,0.3761542723036161,0.9844331099776644,0.0,0.4967867468716743,-0.0010325034029601,35.656551724137934,6.198675496688741,,1.0,100,100
726,0.21,sn_kjOrdinalDM_xnjNormal,29,1,SuStaIn (GMM),3,0.3761542723036161,0.9844331099776644,421.0216370066007,0.4032323232323232,0.0631346178712862,24.219310344827587,40.20529801324504,,,100,100
726,0.21,sn_kjOrdinalDM_xnjNormal,29,1,SuStaIn (KDE),3,0.3761542723036161,0.9844331099776644,704.9962149063746,0.355084175084175,-0.0005259371482178,19.98896551724138,20.33112582781457,,,100,100
726,0.21,sn_kjOrdinalDM_xnjNormal,30,1,BebmS,3,0.10404263784154,0.8364129746307964,69.39704291025798,0.3629629629629629,0.331634597862244,15.796143250688706,0.2866666666666667,,,100,100
726,0.21,sn_kjOrdinalDM_xnjNormal,30,1,BebmS (Blind),3,0.10404263784154,0.8364129746307964,84.56535584131876,0.3726599326599326,0.3159506598775743,15.420110192837466,0.3733333333333333,,0.0,100,100
726,0.21,sn_kjOrdinalDM_xnjNormal,30,1,Random Guessing,3,0.10404263784154,0.8364129746307964,0.0,0.4756753460339729,0.0012161143946456,36.72451790633609,6.086666666666667,,0.0,100,100
726,0.21,sn_kjOrdinalDM_xnjNormal,30,1,SuStaIn (GMM),3,0.10404263784154,0.8364129746307964,559.6859275142352,0.3918518518518518,0.5882527575888136,25.26170798898072,44.586666666666666,,,100,100
726,0.21,sn_kjOrdinalDM_xnjNormal,30,1,SuStaIn (KDE),3,0.10404263784154,0.8364129746307964,540.6384215195974,0.3187878787878788,0.0573018491195623,17.641873278236915,19.953333333333333,,,100,100
726,0.21,sn_kjOrdinalDM_xnjNormal,31,1,BebmS,3,0.4289943198364874,0.9917858452511916,74.40923424959183,0.4346801346801347,0.0,12.488275862068964,0.0,,,100,100
726,0.21,sn_kjOrdinalDM_xnjNormal,31,1,BebmS (Blind),3,0.4289943198364874,0.9917858452511916,94.92257917722068,0.4474747474747475,0.0,17.13655172413793,2.289473684210526,,0.0,100,100
726,0.21,sn_kjOrdinalDM_xnjNormal,31,1,Random Guessing,3,0.4289943198364874,0.9917858452511916,0.0,0.4963059590496739,0.0005048381670801,36.15310344827586,6.6381578947368425,,0.0,100,100
726,0.21,sn_kjOrdinalDM_xnjNormal,31,1,SuStaIn (GMM),3,0.4289943198364874,0.9917858452511916,232.94325917164485,0.3235016835016835,0.0106965722121511,17.019310344827588,34.48684210526316,,,100,100
726,0.21,sn_kjOrdinalDM_xnjNormal,31,1,SuStaIn (KDE),3,0.4289943198364874,0.9917858452511916,297.54173280000686,0.3825589225589225,-0.0006884155277501,21.58896551724138,25.782894736842103,,,100,100
726,0.21,sn_kjOrdinalDM_xnjNormal,32,1,BebmS,3,0.0657179927947008,0.7304850485048505,131.91655169328052,0.4235016835016834,0.1321166229664556,16.49586776859504,0.0198675496688741,,,100,100
726,0.21,sn_kjOrdinalDM_xnjNormal,32,1,BebmS (Blind),3,0.0657179927947008,0.7304850485048505,153.83258646329244,0.3981818181818182,0.0,15.800275482093664,1.225165562913907,,2.0,100,100
726,0.21,sn_kjOrdinalDM_xnjNormal,32,1,Random Guessing,3,0.0657179927947008,0.7304850485048505,0.0,0.4797932016843809,0.0002199586441005,36.400826446281,6.456953642384106,,2.0,100,100
726,0.21,sn_kjOrdinalDM_xnjNormal,32,1,SuStaIn (GMM),3,0.0657179927947008,0.7304850485048505,332.6698302984238,0.3578451178451178,0.9090895321161724,22.517906336088156,40.52317880794702,,,100,100
726,0.21,sn_kjOrdinalDM_xnjNormal,32,1,SuStaIn (KDE),3,0.0657179927947008,0.7304850485048505,392.102369761467,0.3248484848484849,0.1221283497087289,17.286501377410467,19.456953642384107,,,100,100
726,0.21,sn_kjOrdinalDM_xnjNormal,33,1,BebmS,3,0.2390952582013946,0.9625375870920424,81.72326370080312,0.4515151515151515,0.0,17.82896551724138,0.1390728476821192,,,100,100
726,0.21,sn_kjOrdinalDM_xnjNormal,33,1,BebmS (Blind),3,0.2390952582013946,0.9625375870920424,99.70569943586985,0.3816161616161617,0.0593972715363012,16.22896551724138,0.3443708609271523,,1.0,100,100
726,0.21,sn_kjOrdinalDM_xnjNormal,33,1,Random Guessing,3,0.2390952582013946,0.9625375870920424,0.0,0.5050670660523527,-0.0011854565461934,36.04689655172414,6.397350993377484,,1.0,100,100
726,0.21,sn_kjOrdinalDM_xnjNormal,33,1,SuStaIn (GMM),3,0.2390952582013946,0.9625375870920424,536.7628554304441,0.3998653198653198,0.2656576492806368,24.58206896551724,41.450331125827816,,,100,100
726,0.21,sn_kjOrdinalDM_xnjNormal,33,1,SuStaIn (KDE),3,0.2390952582013946,0.9625375870920424,632.6578236977259,0.3052525252525253,-0.0022374258481226,18.05103448275862,19.06622516556292,,,100,100
726,0.21,sn_kjOrdinalDM_xnjNormal,34,1,BebmS,3,0.1841887835234045,0.943903723705704,81.55073368549347,0.3995959595959595,0.0041623189798802,16.17103448275862,0.0,,,100,100
726,0.21,sn_kjOrdinalDM_xnjNormal,34,1,BebmS (Blind),3,0.1841887835234045,0.943903723705704,100.00783309936524,0.4313804713804714,0.00723287760694,21.117241379310343,0.5855263157894737,,0.0,100,100
726,0.21,sn_kjOrdinalDM_xnjNormal,34,1,Random Guessing,3,0.1841887835234045,0.943903723705704,0.0,0.482570832813958,-0.0017847479858124,36.8896551724138,5.677631578947368,,0.0,100,100
726,0.21,sn_kjOrdinalDM_xnjNormal,34,1,SuStaIn (GMM),3,0.1841887835234045,0.943903723705704,639.5976630051931,0.4236363636363636,0.1448808943177471,22.660689655172416,40.3421052631579,,,100,100
726,0.21,sn_kjOrdinalDM_xnjNormal,34,1,SuStaIn (KDE),3,0.1841887835234045,0.943903723705704,577.7058997988701,0.3213468013468013,0.0196099671065149,16.98896551724138,17.769736842105264,,,100,100
726,0.21,sn_kjOrdinalDM_xnjNormal,35,1,BebmS,3,0.1101221882925721,0.8611887855452212,138.26709722677867,0.4339393939393939,0.0026162709483065,19.477241379310342,0.0264900662251655,,,100,100
726,0.21,sn_kjOrdinalDM_xnjNormal,35,1,BebmS (Blind),3,0.1101221882925721,0.8611887855452212,169.42520989576977,0.3667340067340067,0.2828667414189275,15.05103448275862,0.2781456953642384,,3.0,100,100
726,0.21,sn_kjOrdinalDM_xnjNormal,35,1,Random Guessing,3,0.1101221882925721,0.8611887855452212,0.0,0.4811785161556134,-0.0003984468086021,35.86344827586207,6.185430463576159,,3.0,100,100
726,0.21,sn_kjOrdinalDM_xnjNormal,35,1,SuStaIn (GMM),3,0.1101221882925721,0.8611887855452212,753.2961524367332,0.3163636363636363,0.4729587199631224,15.997241379310346,32.609271523178805,,,100,100
726,0.21,sn_kjOrdinalDM_xnjNormal,35,1,SuStaIn (KDE),3,0.1101221882925721,0.8611887855452212,465.14825257460274,0.3481481481481481,0.0016967417238947,20.15448275862069,18.165562913907284,,,100,100
726,0.21,sn_kjOrdinalDM_xnjNormal,36,1,BebmS,3,0.3874019618013839,0.9823235656899024,104.72181706825891,0.3750841750841751,0.0008932171901565,13.846896551724138,0.0728476821192053,,,100,100
726,0.21,sn_kjOrdinalDM_xnjNormal,36,1,BebmS (Blind),3,0.3874019618013839,0.9823235656899024,129.6250518163045,0.4523905723905724,0.0,21.50896551724138,0.8609271523178808,,3.0,100,100
726,0.21,sn_kjOrdinalDM_xnjNormal,36,1,Random Guessing,3,0.3874019618013839,0.9823235656899024,0.0,0.4970540478690215,-0.0019819860817725,36.464827586206894,5.973509933774834,,3.0,100,100
726,0.21,sn_kjOrdinalDM_xnjNormal,36,1,SuStaIn (GMM),3,0.3874019618013839,0.9823235656899024,438.03301054239273,0.4315151515151514,0.069832187308605,24.85103448275862,43.77483443708609,,,100,100
726,0.21,sn_kjOrdinalDM_xnjNormal,36,1,SuStaIn (KDE),3,0.3874019618013839,0.9823235656899024,471.4134448925654,0.3431649831649832,0.0043101121842304,18.04689655172414,19.662251655629134,,,100,100
726,0.21,sn_kjOrdinalDM_xnjNormal,37,1,BebmS,3,0.4694250001713557,0.9916151615161516,72.94421956539153,0.4255892255892256,0.0,17.17241379310345,0.0662251655629139,,,100,100
726,0.21,sn_kjOrdinalDM_xnjNormal,37,1,BebmS (Blind),3,0.4694250001713557,0.9916151615161516,86.08185996214549,0.4121212121212121,0.0,12.397241379310344,0.8609271523178808,,2.0,100,100
726,0.21,sn_kjOrdinalDM_xnjNormal,37,1,Random Guessing,3,0.4694250001713557,0.9916151615161516,0.0,0.5157531296445576,0.0018360841149844,36.26620689655172,5.874172185430464,,2.0,100,100
726,0.21,sn_kjOrdinalDM_xnjNormal,37,1,SuStaIn (GMM),3,0.4694250001713557,0.9916151615161516,163.58501160939534,0.4085521885521885,0.0025496824714269,22.685517241379312,39.086092715231786,,,100,100
726,0.21,sn_kjOrdinalDM_xnjNormal,37,1,SuStaIn (KDE),3,0.4694250001713557,0.9916151615161516,129.71108621358871,0.3046464646464646,0.0066469828049895,16.764137931034483,19.00662251655629,,,100,100
726,0.21,sn_kjOrdinalDM_xnjNormal,38,1,BebmS,3,0.1840398524945023,0.9436343634363435,69.8929179430008,0.3850505050505051,0.0380582428822338,11.274104683195592,0.0,,,100,100
726,0.21,sn_kjOrdinalDM_xnjNormal,38,1,BebmS (Blind),3,0.1840398524945023,0.9436343634363435,84.65467615127564,0.4052525252525252,0.0,8.646005509641872,1.0264900662251657,,1.0,100,100
726,0.21,sn_kjOrdinalDM_xnjNormal,38,1,Random Guessing,3,0.1840398524945023,0.9436343634363435,0.0,0.4838994718706955,0.0002064765278235,36.39669421487604,5.9072847682119205,,1.0,100,100
726,0.21,sn_kjOrdinalDM_xnjNormal,38,1,SuStaIn (GMM),3,0.1840398524945023,0.9436343634363435,191.8416578610738,0.376026936026936,0.1288692771357936,22.451790633608816,42.25165562913907,,,100,100
726,0.21,sn_kjOrdinalDM_xnjNormal,38,1,SuStaIn (KDE),3,0.1840398524945023,0.9436343634363435,213.75860801140468,0.3442424242424242,0.0028964976073579,18.86088154269973,21.1523178807947,,,100,100
726,0.21,sn_kjOrdinalDM_xnjNormal,39,1,BebmS,3,0.3083363471094307,0.9717091709170916,71.54492617845536,0.3932659932659932,-9.247107553657064e-05,11.898071625344352,0.0,,,100,100
726,0.21,sn_kjOrdinalDM_xnjNormal,39,1,BebmS (Blind),3,0.3083363471094307,0.9717091709170916,89.19474955797196,0.4358249158249158,0.0013274115671015,16.581267217630852,3.913907284768212,,1.0,100,100
726,0.21,sn_kjOrdinalDM_xnjNormal,39,1,Random Guessing,3,0.3083363471094307,0.9717091709170916,0.0,0.5055830442814684,0.0045174517784366,37.56473829201102,5.735099337748345,,1.0,100,100
726,0.21,sn_kjOrdinalDM_xnjNormal,39,1,SuStaIn (GMM),3,0.3083363471094307,0.9717091709170916,591.6705204129219,0.3297643097643097,0.2409873667173598,17.611570247933884,35.90066225165563,,,100,100
726,0.21,sn_kjOrdinalDM_xnjNormal,39,1,SuStaIn (KDE),3,0.3083363471094307,0.9717091709170916,520.74370358785,0.327070707070707,0.0064353983675999,18.53168044077135,20.21192052980133,,,100,100
726,0.21,sn_kjOrdinalDM_xnjNormal,40,1,BebmS,3,0.0561591849685712,0.7177824449111578,71.78429656028747,0.4418181818181818,0.0300467463189473,16.911845730027547,0.0333333333333333,,,100,100
726,0.21,sn_kjOrdinalDM_xnjNormal,40,1,BebmS (Blind),3,0.0561591849685712,0.7177824449111578,87.90643358627955,0.3841750841750841,0.5000862370909709,15.56473829201102,1.6733333333333331,,2.0,100,100
726,0.21,sn_kjOrdinalDM_xnjNormal,40,1,Random Guessing,3,0.0561591849685712,0.7177824449111578,0.0,0.4907853088609397,0.0026249375823895,34.55509641873278,5.42,,2.0,100,100
726,0.21,sn_kjOrdinalDM_xnjNormal,40,1,SuStaIn (GMM),3,0.0561591849685712,0.7177824449111578,633.3179008960724,0.4078114478114478,0.8360229766106407,25.93801652892562,42.35333333333333,,,100,100
726,0.21,sn_kjOrdinalDM_xnjNormal,40,1,SuStaIn (KDE),3,0.0561591849685712,0.7177824449111578,533.5862014015515,0.3684848484848484,0.0242191118591542,20.614325068870524,22.24,,,100,100
726,0.21,sn_kjOrdinalDM_xnjNormal,41,1,BebmS,3,0.1678891955789126,0.9178557855785578,69.27865679264069,0.4226262626262626,-0.0001909230904438,14.008275862068963,0.0728476821192053,,,100,100
726,0.21,sn_kjOrdinalDM_xnjNormal,41,1,BebmS (Blind),3,0.1678891955789126,0.9178557855785578,85.5826862692833,0.4145454545454545,0.0,12.70896551724138,0.2450331125827814,,1.0,100,100
726,0.21,sn_kjOrdinalDM_xnjNormal,41,1,Random Guessing,3,0.1678891955789126,0.9178557855785578,0.0,0.4904400502595141,-0.0007705234157083,37.81931034482759,6.556291390728477,,1.0,100,100
726,0.21,sn_kjOrdinalDM_xnjNormal,41,1,SuStaIn (GMM),3,0.1678891955789126,0.9178557855785578,565.3191524585088,0.362087542087542,0.1864039780759261,18.96413793103448,39.3046357615894,,,100,100
726,0.21,sn_kjOrdinalDM_xnjNormal,41,1,SuStaIn (KDE),3,0.1678891955789126,0.9178557855785578,584.487630323569,0.3265319865319865,0.0077246616006851,17.182068965517242,19.986754966887418,,,100,100
726,0.21,sn_kjOrdinalDM_xnjNormal,42,1,BebmS,3,0.1335539924418373,0.8985871920525386,98.83193082412085,0.3645791245791246,0.0716638640313325,16.79448275862069,0.2847682119205298,,,100,100
726,0.21,sn_kjOrdinalDM_xnjNormal,42,1,BebmS (Blind),3,0.1335539924418373,0.8985871920525386,114.24127465486526,0.4304377104377104,0.0004883914943149,11.776551724137931,0.1986754966887417,,1.0,100,100
726,0.21,sn_kjOrdinalDM_xnjNormal,42,1,Random Guessing,3,0.1335539924418373,0.8985871920525386,0.0,0.4854431984265428,-0.0028147155552452,36.24689655172413,6.278145695364239,,1.0,100,100
726,0.21,sn_kjOrdinalDM_xnjNormal,42,1,SuStaIn (GMM),3,0.1335539924418373,0.8985871920525386,641.4670944611231,0.4108417508417508,0.3782976165285859,18.906206896551723,32.77483443708609,,,100,100
726,0.21,sn_kjOrdinalDM_xnjNormal,42,1,SuStaIn (KDE),3,0.1335539924418373,0.8985871920525386,436.5462391932805,0.3531986531986532,0.0171991451798766,19.288275862068964,20.920529801324506,,,100,100
726,0.21,sn_kjOrdinalDM_xnjNormal,43,1,BebmS,3,0.1578541158504145,0.9261979531286462,105.1769366423289,0.4327946127946128,0.1833872564870391,22.64,0.0,,,100,100
726,0.21,sn_kjOrdinalDM_xnjNormal,43,1,BebmS (Blind),3,0.1578541158504145,0.9261979531286462,134.91813530524573,0.4354882154882155,0.1617920880609479,21.85103448275862,0.9205298013245032,,1.0,100,100
726,0.21,sn_kjOrdinalDM_xnjNormal,43,1,Random Guessing,3,0.1578541158504145,0.9261979531286462,0.0,0.5004569626998426,0.0019946381641571,36.73379310344828,6.430463576158941,,1.0,100,100
726,0.21,sn_kjOrdinalDM_xnjNormal,43,1,SuStaIn (GMM),3,0.1578541158504145,0.9261979531286462,330.87979599634804,0.4024242424242424,0.3578152594808116,24.22758620689655,42.88741721854305,,,100,100
726,0.21,sn_kjOrdinalDM_xnjNormal,43,1,SuStaIn (KDE),3,0.1578541158504145,0.9261979531286462,242.55912213722863,0.3437037037037037,0.006639329987384,15.129655172413791,16.90066225165563,,,100,100
726,0.21,sn_kjOrdinalDM_xnjNormal,44,1,BebmS,3,0.2362005322521876,0.9645377871120444,69.71731923818588,0.432053872053872,0.0,19.46005509641873,1.086092715231788,,,100,100
726,0.21,sn_kjOrdinalDM_xnjNormal,44,1,BebmS (Blind),3,0.2362005322521876,0.9645377871120444,84.69860286315283,0.4119865319865319,0.0,14.74517906336088,0.0132450331125827,,2.0,100,100
726,0.21,sn_kjOrdinalDM_xnjNormal,44,1,Random Guessing,3,0.2362005322521876,0.9645377871120444,0.0,0.4873532185383389,-0.002540110738924,34.488980716253444,5.609271523178808,,2.0,100,100
726,0.21,sn_kjOrdinalDM_xnjNormal,44,1,SuStaIn (GMM),3,0.2362005322521876,0.9645377871120444,569.3845730861028,0.4185185185185185,0.1210756336986322,22.520661157024797,34.549668874172184,,,100,100
726,0.21,sn_kjOrdinalDM_xnjNormal,44,1,SuStaIn (KDE),3,0.2362005322521876,0.9645377871120444,500.7952065229416,0.3082828282828282,0.008749836712628,16.194214876033058,15.741721854304636,,,100,100
726,0.21,sn_kjOrdinalDM_xnjNormal,45,1,BebmS,3,0.3413842239162387,0.97991799179918,138.2459747592608,0.4174410774410774,0.0,13.241046831955924,0.0132450331125827,,,100,100
726,0.21,sn_kjOrdinalDM_xnjNormal,45,1,BebmS (Blind),3,0.3413842239162387,0.97991799179918,149.9295013189316,0.4614814814814814,0.0,19.349862258953166,2.2317880794701987,,2.0,100,100
726,0.21,sn_kjOrdinalDM_xnjNormal,45,1,Random Guessing,3,0.3413842239162387,0.97991799179918,0.0,0.4832567532766554,0.000290271764328,37.672176308539946,6.271523178807947,,2.0,100,100
726,0.21,sn_kjOrdinalDM_xnjNormal,45,1,SuStaIn (GMM),3,0.3413842239162387,0.97991799179918,265.7504284222921,0.3761616161616161,0.0827632237233374,20.37190082644628,37.91390728476821,,,100,100
726,0.21,sn_kjOrdinalDM_xnjNormal,45,1,SuStaIn (KDE),3,0.3413842239162387,0.97991799179918,264.60366030534107,0.3301683501683501,0.0026750999266205,17.556473829201103,20.4635761589404,,,100,100
726,0.21,sn_kjOrdinalDM_xnjNormal,46,1,BebmS,3,0.3936693483440312,0.9888548854885488,74.42328154246012,0.4348148148148148,0.0,19.87190082644628,0.0927152317880794,,,100,100
726,0.21,sn_kjOrdinalDM_xnjNormal,46,1,BebmS (Blind),3,0.3936693483440312,0.9888548854885488,94.29134447574616,0.4463973063973063,0.0,19.049586776859503,2.185430463576159,,2.0,100,100
726,0.21,sn_kjOrdinalDM_xnjNormal,46,1,Random Guessing,3,0.3936693483440312,0.9888548854885488,0.0,0.5070297816378458,-0.0017340831198898,36.54683195592286,5.549668874172186,,2.0,100,100
726,0.21,sn_kjOrdinalDM_xnjNormal,46,1,SuStaIn (GMM),3,0.3936693483440312,0.9888548854885488,386.6712714274725,0.4334006734006734,0.0301744925762528,28.57162534435262,46.735099337748345,,,100,100
726,0.21,sn_kjOrdinalDM_xnjNormal,46,1,SuStaIn (KDE),3,0.3936693483440312,0.9888548854885488,326.4529824376106,0.3487542087542087,-0.0018081033375409,19.914600550964188,22.27814569536424,,,100,100
726,0.21,sn_kjOrdinalDM_xnjNormal,47,1,BebmS,3,0.0339357487660989,0.5691995866253292,70.42340108156205,0.3329292929292929,0.2616275363115374,9.741046831955924,0.0,,,100,100
726,0.21,sn_kjOrdinalDM_xnjNormal,47,1,BebmS (Blind),3,0.0339357487660989,0.5691995866253292,86.61590768496195,0.2141414141414141,0.8965732237009058,6.712121212121212,0.086092715231788,,2.0,100,100
726,0.21,sn_kjOrdinalDM_xnjNormal,47,1,Random Guessing,3,0.0339357487660989,0.5691995866253292,0.0,0.4962001223716707,-0.0018772435043891,35.51790633608815,6.09271523178808,,2.0,100,100
726,0.21,sn_kjOrdinalDM_xnjNormal,47,1,SuStaIn (GMM),3,0.0339357487660989,0.5691995866253292,264.2207513928413,0.3190572390572391,0.9200381324475242,16.146005509641874,32.158940397351,,,100,100
726,0.21,sn_kjOrdinalDM_xnjNormal,47,1,SuStaIn (KDE),3,0.0339357487660989,0.5691995866253292,331.3330537279447,0.3586531986531986,0.311308407984548,17.318181818181817,19.788079470198674,,,100,100
726,0.21,sn_kjOrdinalDM_xnjNormal,48,1,BebmS,3,0.4960922564502076,0.9916498316498316,113.84200592835744,0.3875420875420876,0.0,11.589531680440771,0.22,,,100,100
726,0.21,sn_kjOrdinalDM_xnjNormal,48,1,BebmS (Blind),3,0.4960922564502076,0.9916498316498316,146.48188731273015,0.3929292929292929,0.0,9.294765840220386,0.4733333333333333,,3.0,100,100
726,0.21,sn_kjOrdinalDM_xnjNormal,48,1,Random Guessing,3,0.4960922564502076,0.9916498316498316,0.0,0.4988164387690439,0.0034766198130998,38.34297520661157,5.046666666666667,,3.0,100,100
726,0.21,sn_kjOrdinalDM_xnjNormal,48,1,SuStaIn (GMM),3,0.4960922564502076,0.9916498316498316,730.6455691973368,0.4348148148148148,0.0124289889257855,21.9366391184573,39.43333333333333,,,100,100
726,0.21,sn_kjOrdinalDM_xnjNormal,48,1,SuStaIn (KDE),3,0.4960922564502076,0.9916498316498316,415.937725464503,0.3256565656565656,-0.0001145311273039,18.35399449035813,21.18,,,100,100
726,0.21,sn_kjOrdinalDM_xnjNormal,49,1,BebmS,3,0.1039568859766803,0.8414748141480815,73.65810350577037,0.4393265993265993,0.0,17.048275862068966,0.0331125827814569,,,100,100
726,0.21,sn_kjOrdinalDM_xnjNormal,49,1,BebmS (Blind),3,0.1039568859766803,0.8414748141480815,95.06646828651428,0.432053872053872,0.0026388760688588,15.317241379310344,0.1390728476821192,,3.0,100,100
726,0.21,sn_kjOrdinalDM_xnjNormal,49,1,Random Guessing,3,0.1039568859766803,0.8414748141480815,0.0,0.5082537024137975,-0.0021388378270519,35.98068965517241,5.397350993377484,,3.0,100,100
726,0.21,sn_kjOrdinalDM_xnjNormal,49,1,SuStaIn (GMM),3,0.1039568859766803,0.8414748141480815,640.1850095907847,0.3171043771043771,0.1907745374516006,20.34206896551724,40.90066225165563,,,100,100
726,0.21,sn_kjOrdinalDM_xnjNormal,49,1,SuStaIn (KDE),3,0.1039568859766803,0.8414748141480815,525.51053262949,0.3822222222222222,0.0125845720402215,19.307586206896552,19.596026490066222,,,100,100
726,0.21,sn_kjOrdinalUniform_xnjNonNormal,0,4,BebmS,3,0.1983371442692407,0.9424315764909824,69.3925143758456,0.382020202020202,0.0,5.695592286501378,0.1066666666666666,,,100,100
726,0.21,sn_kjOrdinalUniform_xnjNonNormal,0,4,BebmS (Blind),3,0.1983371442692407,0.9424315764909824,83.73625036080678,0.3895622895622896,0.0006049938244969,7.859504132231405,0.26,,1.0,100,100
726,0.21,sn_kjOrdinalUniform_xnjNonNormal,0,4,Random Guessing,3,0.1983371442692407,0.9424315764909824,0.0,0.4998754214168664,-0.0013298073556647,36.03305785123967,5.886666666666667,,1.0,100,100
726,0.21,sn_kjOrdinalUniform_xnjNonNormal,0,4,SuStaIn (GMM),3,0.1983371442692407,0.9424315764909824,196.9517266313235,0.4281481481481481,0.0005054702908728,27.16253443526171,47.21333333333333,,,100,100
726,0.21,sn_kjOrdinalUniform_xnjNonNormal,0,4,SuStaIn (KDE),3,0.1983371442692407,0.9424315764909824,272.9155258576075,0.4314478114478114,-0.0007578149668455,23.914600550964188,38.26,,,100,100
726,0.21,sn_kjOrdinalUniform_xnjNonNormal,1,4,BebmS,3,0.0470239180840275,0.6313898056472314,126.57915108601252,0.2338047138047138,0.7616401003476104,4.673103448275862,1.0066225165562914,,,100,100
726,0.21,sn_kjOrdinalUniform_xnjNonNormal,1,4,BebmS (Blind),3,0.0470239180840275,0.6313898056472314,159.28436453739803,0.2884848484848485,0.2438327965690988,6.448275862068965,2.7549668874172184,,1.0,100,100
726,0.21,sn_kjOrdinalUniform_xnjNonNormal,1,4,Random Guessing,3,0.0470239180840275,0.6313898056472314,0.0,0.4866253528647705,-0.0003286415551145,36.57655172413793,5.688741721854305,,1.0,100,100
726,0.21,sn_kjOrdinalUniform_xnjNonNormal,1,4,SuStaIn (GMM),3,0.0470239180840275,0.6313898056472314,339.82121702035266,0.46996632996633,0.3625931653677294,29.204137931034484,50.25165562913907,,,100,100
726,0.21,sn_kjOrdinalUniform_xnjNonNormal,1,4,SuStaIn (KDE),3,0.0470239180840275,0.6313898056472314,426.9168639620145,0.4420875420875421,0.0158974390928806,16.86758620689655,25.801324503311257,,,100,100
726,0.21,sn_kjOrdinalUniform_xnjNonNormal,2,4,BebmS,3,0.4309495533822375,0.9885108510851084,118.8176092982292,0.3546801346801346,0.0014490513140212,5.454545454545454,0.3112582781456953,,,100,100
726,0.21,sn_kjOrdinalUniform_xnjNonNormal,2,4,BebmS (Blind),3,0.4309495533822375,0.9885108510851084,146.55231825113296,0.3742087542087542,0.002876817806662,6.008264462809917,0.4701986754966887,,2.0,100,100
726,0.21,sn_kjOrdinalUniform_xnjNonNormal,2,4,Random Guessing,3,0.4309495533822375,0.9885108510851084,0.0,0.5095457273459852,0.0002868856237506,35.69834710743802,5.947019867549669,,2.0,100,100
726,0.21,sn_kjOrdinalUniform_xnjNonNormal,2,4,SuStaIn (GMM),3,0.4309495533822375,0.9885108510851084,646.575502749284,0.3999999999999999,-0.0054843295879373,27.206611570247933,48.735099337748345,,,100,100
726,0.21,sn_kjOrdinalUniform_xnjNonNormal,2,4,SuStaIn (KDE),3,0.4309495533822375,0.9885108510851084,981.4654406905174,0.450976430976431,-0.0029633254940591,22.63498622589532,33.80794701986755,,,100,100
726,0.21,sn_kjOrdinalUniform_xnjNonNormal,3,4,BebmS,3,0.47846282290429,0.9910684401773512,69.32282229264577,0.3748148148148147,0.0004760392004731,4.077134986225896,0.2133333333333333,,,100,100
726,0.21,sn_kjOrdinalUniform_xnjNonNormal,3,4,BebmS (Blind),3,0.47846282290429,0.9910684401773512,84.49514696995418,0.2915824915824915,0.0060623172838366,4.169421487603306,1.28,,1.0,100,100
726,0.21,sn_kjOrdinalUniform_xnjNonNormal,3,4,Random Guessing,3,0.47846282290429,0.9910684401773512,0.0,0.4937481560198759,-2.913190463575726e-05,36.5633608815427,5.7,,1.0,100,100
726,0.21,sn_kjOrdinalUniform_xnjNonNormal,3,4,SuStaIn (GMM),3,0.47846282290429,0.9910684401773512,411.9528595129649,0.429023569023569,0.0010723523287819,24.64876033057851,43.39333333333333,,,100,100
726,0.21,sn_kjOrdinalUniform_xnjNonNormal,3,4,SuStaIn (KDE),3,0.47846282290429,0.9910684401773512,495.63265629609424,0.4913131313131313,-0.0040596236302657,18.80716253443526,27.05333333333333,,,100,100
726,0.21,sn_kjOrdinalUniform_xnjNonNormal,4,4,BebmS,3,0.0917844868261381,0.814050738407174,234.90633498430253,0.3138720538720538,0.2467579095198572,7.197241379310345,0.4370860927152318,,,100,100
726,0.21,sn_kjOrdinalUniform_xnjNonNormal,4,4,BebmS (Blind),3,0.0917844868261381,0.814050738407174,287.09032419522606,0.3558922558922558,-0.0071468229521639,5.88,0.3841059602649007,,2.0,100,100
726,0.21,sn_kjOrdinalUniform_xnjNonNormal,4,4,Random Guessing,3,0.0917844868261381,0.814050738407174,0.0,0.4876158414000855,-0.0006168001513432,34.50206896551724,5.834437086092716,,2.0,100,100
726,0.21,sn_kjOrdinalUniform_xnjNonNormal,4,4,SuStaIn (GMM),3,0.0917844868261381,0.814050738407174,1034.745105067889,0.4824242424242424,0.0360973868926268,29.073103448275862,48.12582781456954,,,100,100
726,0.21,sn_kjOrdinalUniform_xnjNonNormal,4,4,SuStaIn (KDE),3,0.0917844868261381,0.814050738407174,745.5298360308011,0.4594612794612794,0.0273158080557829,20.244137931034484,28.95364238410596,,,100,100
726,0.21,sn_kjOrdinalUniform_xnjNonNormal,5,4,BebmS,3,0.4735262792647734,0.9916685001833516,148.88408111333848,0.3736700336700336,0.006203573032437,7.875862068965517,0.2847682119205298,,,100,100
726,0.21,sn_kjOrdinalUniform_xnjNonNormal,5,4,BebmS (Blind),3,0.4735262792647734,0.9916685001833516,181.35847262144088,0.3993939393939394,0.0003078848337572,6.587586206896551,1.3774834437086092,,1.0,100,100
726,0.21,sn_kjOrdinalUniform_xnjNonNormal,5,4,Random Guessing,3,0.4735262792647734,0.9916685001833516,0.0,0.511200580617171,0.000373429719703,36.46896551724138,5.741721854304636,,1.0,100,100
726,0.21,sn_kjOrdinalUniform_xnjNonNormal,5,4,SuStaIn (GMM),3,0.4735262792647734,0.9916685001833516,208.207475399971,0.4806734006734006,0.0032036412696045,28.121379310344828,46.11920529801324,,,100,100
726,0.21,sn_kjOrdinalUniform_xnjNonNormal,5,4,SuStaIn (KDE),3,0.4735262792647734,0.9916685001833516,210.75607537031172,0.4316498316498317,-0.0018424681405843,20.944827586206895,31.47019867549669,,,100,100
726,0.21,sn_kjOrdinalUniform_xnjNonNormal,6,4,BebmS,3,0.2552863185178691,0.95999599959996,69.40845759312312,0.4366329966329966,0.0,11.32,0.0529801324503311,,,100,100
726,0.21,sn_kjOrdinalUniform_xnjNonNormal,6,4,BebmS (Blind),3,0.2552863185178691,0.95999599959996,84.16454987128576,0.3630976430976431,-0.0039561971303536,7.899310344827586,0.847682119205298,,1.0,100,100
726,0.21,sn_kjOrdinalUniform_xnjNonNormal,6,4,Random Guessing,3,0.2552863185178691,0.95999599959996,0.0,0.5149934309267851,0.0020397071021872,36.01379310344828,5.450331125827814,,1.0,100,100
726,0.21,sn_kjOrdinalUniform_xnjNonNormal,6,4,SuStaIn (GMM),3,0.2552863185178691,0.95999599959996,213.61771222352985,0.4726599326599327,-0.0018064587877219,30.90068965517241,52.629139072847686,,,100,100
726,0.21,sn_kjOrdinalUniform_xnjNonNormal,6,4,SuStaIn (KDE),3,0.2552863185178691,0.95999599959996,222.4811483502388,0.4350841750841751,-0.0021296016519076,22.31310344827586,33.93377483443709,,,100,100
726,0.21,sn_kjOrdinalUniform_xnjNonNormal,7,4,BebmS,3,0.0603019008789867,0.5846624662466247,69.37096434831619,0.3621548821548822,0.4455459483917839,6.070344827586207,0.1788079470198675,,,100,100
726,0.21,sn_kjOrdinalUniform_xnjNonNormal,7,4,BebmS (Blind),3,0.0603019008789867,0.5846624662466247,84.91476162274678,0.2611447811447812,0.422958323031488,6.404137931034483,2.5298013245033117,,1.0,100,100
726,0.21,sn_kjOrdinalUniform_xnjNonNormal,7,4,Random Guessing,3,0.0603019008789867,0.5846624662466247,0.0,0.4871022379125948,0.000665681902186,36.935172413793104,5.801324503311259,,1.0,100,100
726,0.21,sn_kjOrdinalUniform_xnjNonNormal,7,4,SuStaIn (GMM),3,0.0603019008789867,0.5846624662466247,481.4459897677104,0.4688888888888889,0.5390714478713233,28.186206896551724,51.62251655629139,,,100,100
726,0.21,sn_kjOrdinalUniform_xnjNonNormal,7,4,SuStaIn (KDE),3,0.0603019008789867,0.5846624662466247,551.7931534528732,0.4366329966329966,0.0258037688994684,20.798620689655174,35.41059602649007,,,100,100
726,0.21,sn_kjOrdinalUniform_xnjNonNormal,8,4,BebmS,3,0.0945394481348893,0.8288602193552689,69.56108542680741,0.2972390572390572,0.1065840533919556,6.348484848484849,0.0662251655629139,,,100,100
726,0.21,sn_kjOrdinalUniform_xnjNonNormal,8,4,BebmS (Blind),3,0.0945394481348893,0.8288602193552689,107.54040880600613,0.3311784511784512,0.108153151578281,7.522038567493113,1.695364238410596,,2.0,100,100
726,0.21,sn_kjOrdinalUniform_xnjNonNormal,8,4,Random Guessing,3,0.0945394481348893,0.8288602193552689,0.0,0.4923054742413276,0.0006518605266661,37.48209366391185,5.9801324503311255,,2.0,100,100
726,0.21,sn_kjOrdinalUniform_xnjNonNormal,8,4,SuStaIn (GMM),3,0.0945394481348893,0.8288602193552689,424.7414243857066,0.4357575757575758,0.0781210110469285,28.395316804407717,52.80132450331126,,,100,100
726,0.21,sn_kjOrdinalUniform_xnjNonNormal,8,4,SuStaIn (KDE),3,0.0945394481348893,0.8288602193552689,480.7999774336815,0.4298316498316498,0.0040938853195772,21.767217630853995,35.7682119205298,,,100,100
726,0.21,sn_kjOrdinalUniform_xnjNonNormal,9,4,BebmS,3,0.2851987284160731,0.9722212221222122,76.9913816332817,0.3862626262626262,4.028120307869235e-06,7.848484848484849,0.0866666666666666,,,100,100
726,0.21,sn_kjOrdinalUniform_xnjNonNormal,9,4,BebmS (Blind),3,0.2851987284160731,0.9722212221222122,101.64876523017884,0.3827609427609427,-0.000143233794548,5.473829201101928,0.0666666666666666,,0.0,100,100
726,0.21,sn_kjOrdinalUniform_xnjNonNormal,9,4,Random Guessing,3,0.2851987284160731,0.9722212221222122,0.0,0.4827310851701702,6.983572777380378e-05,36.35950413223141,6.253333333333333,,0.0,100,100
726,0.21,sn_kjOrdinalUniform_xnjNonNormal,9,4,SuStaIn (GMM),3,0.2851987284160731,0.9722212221222122,573.1702942093214,0.4984511784511785,0.0060993165300937,30.426997245179063,52.64666666666667,,,100,100
726,0.21,sn_kjOrdinalUniform_xnjNonNormal,9,4,SuStaIn (KDE),3,0.2851987284160731,0.9722212221222122,592.8304119388263,0.4359595959595959,-0.0024700041324551,21.90633608815427,35.333333333333336,,,100,100
726,0.21,sn_kjOrdinalUniform_xnjNonNormal,10,4,BebmS,3,0.0872421149527625,0.8144801146781345,70.76428831418356,0.3657239057239057,0.063227899615729,11.059310344827589,0.12,,,100,100
726,0.21,sn_kjOrdinalUniform_xnjNonNormal,10,4,BebmS (Blind),3,0.0872421149527625,0.8144801146781345,83.9950279156367,0.3425589225589225,0.1314335655885984,8.722758620689655,1.3066666666666666,,3.0,100,100
726,0.21,sn_kjOrdinalUniform_xnjNonNormal,10,4,Random Guessing,3,0.0872421149527625,0.8144801146781345,0.0,0.4875172931802863,0.008128644939232,36.13931034482759,6.713333333333333,,3.0,100,100
726,0.21,sn_kjOrdinalUniform_xnjNonNormal,10,4,SuStaIn (GMM),3,0.0872421149527625,0.8144801146781345,999.8837623755136,0.4756902356902357,0.0041341407285113,31.97241379310345,53.0,,,100,100
726,0.21,sn_kjOrdinalUniform_xnjNonNormal,10,4,SuStaIn (KDE),3,0.0872421149527625,0.8144801146781345,908.0844226400058,0.4804713804713805,0.0031860947253768,22.26482758620689,31.16,,,100,100
726,0.21,sn_kjOrdinalUniform_xnjNonNormal,11,4,BebmS,3,0.3018020231889102,0.9782644931159784,69.70947256485621,0.4074747474747475,0.0,9.562758620689657,0.0662251655629139,,,100,100
726,0.21,sn_kjOrdinalUniform_xnjNonNormal,11,4,BebmS (Blind),3,0.3018020231889102,0.9782644931159784,84.54563983281453,0.4027609427609427,-0.0003113715383758,8.364137931034483,0.847682119205298,,2.0,100,100
726,0.21,sn_kjOrdinalUniform_xnjNonNormal,11,4,Random Guessing,3,0.3018020231889102,0.9782644931159784,0.0,0.4832165000487149,0.0020413998216467,37.902068965517245,5.966887417218543,,2.0,100,100
726,0.21,sn_kjOrdinalUniform_xnjNonNormal,11,4,SuStaIn (GMM),3,0.3018020231889102,0.9782644931159784,877.5224223256112,0.4459259259259259,0.000608267422684,29.29793103448276,51.41059602649007,,,100,100
726,0.21,sn_kjOrdinalUniform_xnjNonNormal,11,4,SuStaIn (KDE),3,0.3018020231889102,0.9782644931159784,790.9802170952161,0.4237710437710438,0.0097627110272098,22.33241379310345,33.450331125827816,,,100,100
726,0.21,sn_kjOrdinalUniform_xnjNonNormal,12,4,BebmS,3,0.2965192396854751,0.9704130413041304,81.6218907793363,0.3670707070707071,-3.956446219040368e-06,6.028965517241379,1.1986754966887416,,,100,100
726,0.21,sn_kjOrdinalUniform_xnjNonNormal,12,4,BebmS (Blind),3,0.2965192396854751,0.9704130413041304,99.4339147567749,0.3984511784511784,-0.0002557707558511,5.0648275862068965,0.2317880794701986,,3.0,100,100
726,0.21,sn_kjOrdinalUniform_xnjNonNormal,12,4,Random Guessing,3,0.2965192396854751,0.9704130413041304,0.0,0.5034270167833604,0.005094774721506,35.21793103448276,5.688741721854305,,3.0,100,100
726,0.21,sn_kjOrdinalUniform_xnjNonNormal,12,4,SuStaIn (GMM),3,0.2965192396854751,0.9704130413041304,662.9396543542545,0.4109764309764309,-0.0013825363137531,26.32275862068965,44.54966887417218,,,100,100
726,0.21,sn_kjOrdinalUniform_xnjNonNormal,12,4,SuStaIn (KDE),3,0.2965192396854751,0.9704130413041304,680.5781268636385,0.3975084175084175,0.0006016663559563,23.17655172413793,38.615894039735096,,,100,100
726,0.21,sn_kjOrdinalUniform_xnjNonNormal,13,4,BebmS,3,0.0511210918290815,0.6153642030869754,72.62743736505509,0.3418855218855219,0.2315249447517882,7.053719008264463,0.0066225165562913,,,100,100
726,0.21,sn_kjOrdinalUniform_xnjNonNormal,13,4,BebmS (Blind),3,0.0511210918290815,0.6153642030869754,87.4129786769549,0.2819528619528619,0.2152877323889758,7.533057851239669,0.5695364238410596,,2.0,100,100
726,0.21,sn_kjOrdinalUniform_xnjNonNormal,13,4,Random Guessing,3,0.0511210918290815,0.6153642030869754,0.0,0.4915176307888462,-0.002614054673061,38.74931129476584,5.920529801324503,,2.0,100,100
726,0.21,sn_kjOrdinalUniform_xnjNonNormal,13,4,SuStaIn (GMM),3,0.0511210918290815,0.6153642030869754,476.4624928275744,0.4243097643097642,0.1676806599160084,25.230027548209367,47.67549668874173,,,100,100
726,0.21,sn_kjOrdinalUniform_xnjNonNormal,13,4,SuStaIn (KDE),3,0.0511210918290815,0.6153642030869754,563.388150203228,0.4534680134680134,0.0022411615526979,19.487603305785125,32.688741721854306,,,100,100
726,0.21,sn_kjOrdinalUniform_xnjNonNormal,14,4,BebmS,3,0.285723679900607,0.9686075274194086,74.26021735270818,0.3566329966329966,-0.0011840839740167,4.2245179063360885,0.1133333333333333,,,100,100
726,0.21,sn_kjOrdinalUniform_xnjNonNormal,14,4,BebmS (Blind),3,0.285723679900607,0.9686075274194086,92.44306302865348,0.3736026936026935,0.0031958184280377,4.220385674931129,0.82,,1.0,100,100
726,0.21,sn_kjOrdinalUniform_xnjNonNormal,14,4,Random Guessing,3,0.285723679900607,0.9686075274194086,0.0,0.4942938870286451,-0.0007237477333993,35.662534435261705,6.266666666666667,,1.0,100,100
726,0.21,sn_kjOrdinalUniform_xnjNonNormal,14,4,SuStaIn (GMM),3,0.285723679900607,0.9686075274194086,437.3403282682101,0.4824242424242424,-0.0015702816729907,27.431129476584022,48.91333333333333,,,100,100
726,0.21,sn_kjOrdinalUniform_xnjNonNormal,14,4,SuStaIn (KDE),3,0.285723679900607,0.9686075274194086,660.0009344021479,0.4274074074074074,-0.0020687402891753,21.75895316804408,34.63333333333333,,,100,100
726,0.21,sn_kjOrdinalUniform_xnjNonNormal,15,4,BebmS,3,0.3653609752835766,0.9846437977131046,69.37819701433182,0.3854545454545454,0.0,6.811034482758621,0.0662251655629139,,,100,100
726,0.21,sn_kjOrdinalUniform_xnjNonNormal,15,4,BebmS (Blind),3,0.3653609752835766,0.9846437977131046,96.22244475285213,0.4245117845117845,0.0,8.606896551724137,1.3708609271523178,,2.0,100,100
726,0.21,sn_kjOrdinalUniform_xnjNonNormal,15,4,Random Guessing,3,0.3653609752835766,0.9846437977131046,0.0,0.4853934475236519,0.0046568982180455,36.03172413793104,6.09271523178808,,2.0,100,100
726,0.21,sn_kjOrdinalUniform_xnjNonNormal,15,4,SuStaIn (GMM),3,0.3653609752835766,0.9846437977131046,835.9323171377182,0.5032996632996634,0.000871780148522,30.36689655172414,48.68874172185431,,,100,100
726,0.21,sn_kjOrdinalUniform_xnjNonNormal,15,4,SuStaIn (KDE),3,0.3653609752835766,0.9846437977131046,841.7437888781229,0.3846464646464646,-3.939103146609819e-05,26.169655172413798,40.74834437086093,,,100,100
726,0.21,sn_kjOrdinalUniform_xnjNonNormal,16,4,BebmS,3,0.4510150240932652,0.9886682001533488,92.86705776055652,0.3928619528619528,5.93431092303229e-07,5.521379310344828,0.0198675496688741,,,100,100
726,0.21,sn_kjOrdinalUniform_xnjNonNormal,16,4,BebmS (Blind),3,0.4510150240932652,0.9886682001533488,111.22528216838836,0.397037037037037,0.0,6.6482758620689655,0.423841059602649,,0.0,100,100
726,0.21,sn_kjOrdinalUniform_xnjNonNormal,16,4,Random Guessing,3,0.4510150240932652,0.9886682001533488,0.0,0.4971523418714356,0.003834482238084,37.94620689655172,6.178807947019868,,0.0,100,100
726,0.21,sn_kjOrdinalUniform_xnjNonNormal,16,4,SuStaIn (GMM),3,0.4510150240932652,0.9886682001533488,241.8096044023832,0.4637037037037037,0.0031756385223521,27.93793103448276,50.788079470198674,,,100,100
726,0.21,sn_kjOrdinalUniform_xnjNonNormal,16,4,SuStaIn (KDE),3,0.4510150240932652,0.9886682001533488,291.9843325694402,0.4513131313131313,0.0008080154043306,25.54206896551724,44.29139072847682,,,100,100
726,0.21,sn_kjOrdinalUniform_xnjNonNormal,17,4,BebmS,3,0.4470180920519208,0.9884015068173484,148.56478447516758,0.3675420875420875,0.0006834875490675,4.689655172413793,0.271523178807947,,,100,100
726,0.21,sn_kjOrdinalUniform_xnjNonNormal,17,4,BebmS (Blind),3,0.4470180920519208,0.9884015068173484,175.39473441839218,0.3625589225589225,0.0,5.096551724137931,0.1655629139072847,,3.0,100,100
726,0.21,sn_kjOrdinalUniform_xnjNonNormal,17,4,Random Guessing,3,0.4470180920519208,0.9884015068173484,0.0,0.5139802255902194,-0.0011834638170812,39.16965517241379,6.105960264900662,,3.0,100,100
726,0.21,sn_kjOrdinalUniform_xnjNonNormal,17,4,SuStaIn (GMM),3,0.4470180920519208,0.9884015068173484,521.6677417675654,0.4653872053872054,0.0069238400627944,26.402758620689657,46.21854304635762,,,100,100
726,0.21,sn_kjOrdinalUniform_xnjNonNormal,17,4,SuStaIn (KDE),3,0.4470180920519208,0.9884015068173484,513.2498605966568,0.4247811447811447,0.0003757288035493,20.09793103448276,33.66225165562914,,,100,100
726,0.21,sn_kjOrdinalUniform_xnjNonNormal,18,4,BebmS,3,0.2860635684503788,0.9737413741374138,69.21879627704621,0.3991245791245791,-0.0006521201755305,7.87465564738292,0.1721854304635761,,,100,100
726,0.21,sn_kjOrdinalUniform_xnjNonNormal,18,4,BebmS (Blind),3,0.2860635684503788,0.9737413741374138,88.40056124130885,0.3855218855218855,-0.0056995583525213,10.739669421487603,1.2317880794701987,,1.0,100,100
726,0.21,sn_kjOrdinalUniform_xnjNonNormal,18,4,Random Guessing,3,0.2860635684503788,0.9737413741374138,0.0,0.4955467114412148,-0.0013886714701669,37.35674931129476,5.629139072847682,,1.0,100,100
726,0.21,sn_kjOrdinalUniform_xnjNonNormal,18,4,SuStaIn (GMM),3,0.2860635684503788,0.9737413741374138,234.20691269636157,0.4407407407407407,-0.0021994806812808,26.183195592286506,44.28476821192053,,,100,100
726,0.21,sn_kjOrdinalUniform_xnjNonNormal,18,4,SuStaIn (KDE),3,0.2860635684503788,0.9737413741374138,269.271027803421,0.3929292929292929,-0.004288906990211,20.191460055096417,34.549668874172184,,,100,100
726,0.21,sn_kjOrdinalUniform_xnjNonNormal,19,4,BebmS,3,0.307317449934265,0.9831476480981431,69.42212866942087,0.3809427609427609,-0.000973382106255,6.188965517241379,0.1788079470198675,,,100,100
726,0.21,sn_kjOrdinalUniform_xnjNonNormal,19,4,BebmS (Blind),3,0.307317449934265,0.9831476480981431,84.82535724242528,0.4155555555555555,0.0041489181104453,7.576551724137931,1.3377483443708609,,0.0,100,100
726,0.21,sn_kjOrdinalUniform_xnjNonNormal,19,4,Random Guessing,3,0.307317449934265,0.9831476480981431,0.0,0.5182464530174612,0.0007288232755606,36.76137931034483,5.3907284768211925,,0.0,100,100
726,0.21,sn_kjOrdinalUniform_xnjNonNormal,19,4,SuStaIn (GMM),3,0.307317449934265,0.9831476480981431,570.9403362671534,0.4107070707070706,0.0192173083993308,25.45793103448276,46.09271523178808,,,100,100
726,0.21,sn_kjOrdinalUniform_xnjNonNormal,19,4,SuStaIn (KDE),3,0.307317449934265,0.9831476480981431,516.241384367148,0.4267340067340067,0.0046730327183391,18.20827586206897,28.357615894039736,,,100,100
726,0.21,sn_kjOrdinalUniform_xnjNonNormal,20,4,BebmS,3,0.3381425364021287,0.9817048371503816,69.41455887556076,0.4203367003367003,-0.0001847855865981,8.86896551724138,0.1059602649006622,,,100,100
726,0.21,sn_kjOrdinalUniform_xnjNonNormal,20,4,BebmS (Blind),3,0.3381425364021287,0.9817048371503816,85.03150531450908,0.4076767676767677,0.001040756709056,9.15448275862069,1.119205298013245,,1.0,100,100
726,0.21,sn_kjOrdinalUniform_xnjNonNormal,20,4,Random Guessing,3,0.3381425364021287,0.9817048371503816,0.0,0.5027602308229472,0.0049870299720604,35.82344827586207,5.887417218543046,,1.0,100,100
726,0.21,sn_kjOrdinalUniform_xnjNonNormal,20,4,SuStaIn (GMM),3,0.3381425364021287,0.9817048371503816,441.9243689219157,0.4774410774410775,0.0054558383635965,30.822068965517243,50.94039735099338,,,100,100
726,0.21,sn_kjOrdinalUniform_xnjNonNormal,20,4,SuStaIn (KDE),3,0.3381425364021287,0.9817048371503816,503.2334958831469,0.456026936026936,-0.0008414734149736,24.372413793103448,39.05298013245033,,,100,100
726,0.21,sn_kjOrdinalUniform_xnjNonNormal,21,4,BebmS,3,0.4911395943509717,0.9888628862886288,140.30945465167363,0.3823569023569024,0.0265290510429449,9.28,0.0662251655629139,,,100,100
726,0.21,sn_kjOrdinalUniform_xnjNonNormal,21,4,BebmS (Blind),3,0.4911395943509717,0.9888628862886288,132.1018754641215,0.3428956228956228,0.0145525526929887,7.0744827586206895,0.1788079470198675,,3.0,100,100
726,0.21,sn_kjOrdinalUniform_xnjNonNormal,21,4,Random Guessing,3,0.4911395943509717,0.9888628862886288,0.0,0.5014123779779868,-0.001829365248329,37.329655172413794,6.218543046357616,,3.0,100,100
726,0.21,sn_kjOrdinalUniform_xnjNonNormal,21,4,SuStaIn (GMM),3,0.4911395943509717,0.9888628862886288,666.9196008443832,0.4808080808080808,-0.0008808756365833,28.29379310344828,49.86092715231788,,,100,100
726,0.21,sn_kjOrdinalUniform_xnjNonNormal,21,4,SuStaIn (KDE),3,0.4911395943509717,0.9888628862886288,761.4683839241663,0.4611447811447811,-0.0024537351900152,22.96551724137931,37.25827814569536,,,100,100
726,0.21,sn_kjOrdinalUniform_xnjNonNormal,22,4,BebmS,3,0.4294903518052722,0.9876867686768676,95.17846741676333,0.3764309764309764,0.0,4.714482758620689,0.0131578947368421,,,100,100
726,0.21,sn_kjOrdinalUniform_xnjNonNormal,22,4,BebmS (Blind),3,0.4294903518052722,0.9876867686768676,114.76781870921452,0.4014814814814815,-3.794046725948747e-05,6.972413793103448,1.144736842105263,,2.0,100,100
726,0.21,sn_kjOrdinalUniform_xnjNonNormal,22,4,Random Guessing,3,0.4294903518052722,0.9876867686768676,0.0,0.5087550942774383,-0.0009115241890199,36.3351724137931,6.315789473684211,,2.0,100,100
726,0.21,sn_kjOrdinalUniform_xnjNonNormal,22,4,SuStaIn (GMM),3,0.4294903518052722,0.9876867686768676,760.4173225005468,0.4516498316498317,0.0010358476273535,33.84413793103448,57.94078947368421,,,100,100
726,0.21,sn_kjOrdinalUniform_xnjNonNormal,22,4,SuStaIn (KDE),3,0.4294903518052722,0.9876867686768676,666.4683015147845,0.4315824915824915,-0.0032370357446739,18.33241379310345,27.855263157894736,,,100,100
726,0.21,sn_kjOrdinalUniform_xnjNonNormal,23,4,BebmS,3,0.4538699771481492,0.9892789278927892,95.49739206234614,0.3877441077441078,0.0101925000296182,6.114325068870524,0.1125827814569536,,,100,100
726,0.21,sn_kjOrdinalUniform_xnjNonNormal,23,4,BebmS (Blind),3,0.4538699771481492,0.9892789278927892,117.3085619767507,0.3818181818181818,0.0042755112086095,5.604683195592287,0.8741721854304636,,2.0,100,100
726,0.21,sn_kjOrdinalUniform_xnjNonNormal,23,4,Random Guessing,3,0.4538699771481492,0.9892789278927892,0.0,0.4824124455290233,-0.0010871971069836,36.93801652892562,5.867549668874172,,2.0,100,100
726,0.21,sn_kjOrdinalUniform_xnjNonNormal,23,4,SuStaIn (GMM),3,0.4538699771481492,0.9892789278927892,761.7057993531228,0.5190572390572391,0.0037493123560501,32.362258953168045,53.07947019867549,,,100,100
726,0.21,sn_kjOrdinalUniform_xnjNonNormal,23,4,SuStaIn (KDE),3,0.4538699771481492,0.9892789278927892,633.5442483385403,0.4534006734006734,0.0015858614483642,20.75757575757576,30.456953642384107,,,100,100
726,0.21,sn_kjOrdinalUniform_xnjNonNormal,24,4,BebmS,3,0.2220363559541966,0.9587585425209189,87.34824341535568,0.344983164983165,0.0085835388058661,5.384297520661157,0.4733333333333333,,,100,100
726,0.21,sn_kjOrdinalUniform_xnjNonNormal,24,4,BebmS (Blind),3,0.2220363559541966,0.9587585425209189,116.71663606961567,0.355084175084175,0.0079774431118063,6.085399449035813,0.2333333333333333,,2.0,100,100
726,0.21,sn_kjOrdinalUniform_xnjNonNormal,24,4,Random Guessing,3,0.2220363559541966,0.9587585425209189,0.0,0.4970410149110233,-0.0012298395455293,36.76997245179064,5.62,,2.0,100,100
726,0.21,sn_kjOrdinalUniform_xnjNonNormal,24,4,SuStaIn (GMM),3,0.2220363559541966,0.9587585425209189,243.15131673018135,0.4475420875420875,0.0064659003581439,30.245179063360883,53.48,,,100,100
726,0.21,sn_kjOrdinalUniform_xnjNonNormal,24,4,SuStaIn (KDE),3,0.2220363559541966,0.9587585425209189,266.703021756808,0.4286868686868687,-0.0004131209163997,20.46969696969697,35.74666666666667,,,100,100
726,0.21,sn_kjOrdinalUniform_xnjNonNormal,25,4,BebmS,3,0.1573681614964071,0.9325079174584124,69.19839686950048,0.3872053872053871,0.0366871587919994,8.428374655647383,0.0533333333333333,,,100,100
726,0.21,sn_kjOrdinalUniform_xnjNonNormal,25,4,BebmS (Blind),3,0.1573681614964071,0.9325079174584124,84.18229770263036,0.3620202020202021,-0.0147607525801408,6.590909090909091,0.1866666666666666,,0.0,100,100
726,0.21,sn_kjOrdinalUniform_xnjNonNormal,25,4,Random Guessing,3,0.1573681614964071,0.9325079174584124,0.0,0.5008593021474034,-0.001031532078229,38.26997245179064,5.94,,0.0,100,100
726,0.21,sn_kjOrdinalUniform_xnjNonNormal,25,4,SuStaIn (GMM),3,0.1573681614964071,0.9325079174584124,525.9514538208643,0.4357575757575757,0.0183538632446556,26.55922865013774,47.26,,,100,100
726,0.21,sn_kjOrdinalUniform_xnjNonNormal,25,4,SuStaIn (KDE),3,0.1573681614964071,0.9325079174584124,666.9087885022163,0.382020202020202,0.0002998143597746,16.22176308539945,23.73333333333333,,,100,100
726,0.21,sn_kjOrdinalUniform_xnjNonNormal,26,4,BebmS,3,0.161912831158775,0.9234483448344836,70.34871059656143,0.3773737373737374,0.0073935390542119,9.698347107438016,0.62,,,100,100
726,0.21,sn_kjOrdinalUniform_xnjNonNormal,26,4,BebmS (Blind),3,0.161912831158775,0.9234483448344836,87.19356349706649,0.4018855218855219,0.0066448809112557,8.774104683195592,0.8733333333333333,,3.0,100,100
726,0.21,sn_kjOrdinalUniform_xnjNonNormal,26,4,Random Guessing,3,0.161912831158775,0.9234483448344836,0.0,0.4962381557564708,-0.0026363735000551,37.72314049586777,6.1866666666666665,,3.0,100,100
726,0.21,sn_kjOrdinalUniform_xnjNonNormal,26,4,SuStaIn (GMM),3,0.161912831158775,0.9234483448344836,457.74186203082405,0.5056565656565657,-0.0005641919674788,32.00413223140496,54.653333333333336,,,100,100
726,0.21,sn_kjOrdinalUniform_xnjNonNormal,26,4,SuStaIn (KDE),3,0.161912831158775,0.9234483448344836,599.3391693870227,0.4391245791245791,0.0084807560819751,24.03305785123967,40.60666666666667,,,100,100
726,0.21,sn_kjOrdinalUniform_xnjNonNormal,27,4,BebmS,3,0.0931862306144832,0.793096642997633,72.77277892827988,0.2701010101010101,0.5005988213772867,5.431724137931035,0.131578947368421,,,100,100
726,0.21,sn_kjOrdinalUniform_xnjNonNormal,27,4,BebmS (Blind),3,0.0931862306144832,0.793096642997633,90.44202078580857,0.3468686868686869,0.0748422157724267,7.983448275862069,0.3815789473684211,,1.0,100,100
726,0.21,sn_kjOrdinalUniform_xnjNonNormal,27,4,Random Guessing,3,0.0931862306144832,0.793096642997633,0.0,0.4963679422477387,0.0003842367807434,36.58620689655172,5.789473684210527,,1.0,100,100
726,0.21,sn_kjOrdinalUniform_xnjNonNormal,27,4,SuStaIn (GMM),3,0.0931862306144832,0.793096642997633,224.61779835224152,0.4971717171717171,0.1012102955859058,28.049655172413797,48.21052631578947,,,100,100
726,0.21,sn_kjOrdinalUniform_xnjNonNormal,27,4,SuStaIn (KDE),3,0.0931862306144832,0.793096642997633,327.6263768196106,0.4605387205387205,-0.0095677861345835,18.899310344827587,29.74342105263158,,,100,100
726,0.21,sn_kjOrdinalUniform_xnjNonNormal,28,4,BebmS,3,0.0917026810950428,0.8238357169050239,75.81307895183564,0.3136026936026936,0.4605087274083027,9.174931129476583,0.08,,,100,100
726,0.21,sn_kjOrdinalUniform_xnjNonNormal,28,4,BebmS (Blind),3,0.0917026810950428,0.8238357169050239,89.50998357137044,0.3748821548821548,0.2998493769959056,11.670798898071626,0.3,,1.0,100,100
726,0.21,sn_kjOrdinalUniform_xnjNonNormal,28,4,Random Guessing,3,0.0917026810950428,0.8238357169050239,0.0,0.4873381154632714,-0.0016817913536318,36.34159779614325,6.613333333333333,,1.0,100,100
726,0.21,sn_kjOrdinalUniform_xnjNonNormal,28,4,SuStaIn (GMM),3,0.0917026810950428,0.8238357169050239,562.1330003937086,0.4922558922558922,0.005218390615213,29.276859504132236,46.52666666666666,,,100,100
726,0.21,sn_kjOrdinalUniform_xnjNonNormal,28,4,SuStaIn (KDE),3,0.0917026810950428,0.8238357169050239,588.5976041555405,0.4273400673400673,-0.0025085670678196,21.665289256198346,33.153333333333336,,,100,100
726,0.21,sn_kjOrdinalUniform_xnjNonNormal,29,4,BebmS,3,0.0589112871733638,0.6497996466313298,69.04789918263754,0.2694276094276094,0.6668408725371803,7.731034482758621,0.4503311258278146,,,100,100
726,0.21,sn_kjOrdinalUniform_xnjNonNormal,29,4,BebmS (Blind),3,0.0589112871733638,0.6497996466313298,84.27204234202704,0.3554882154882155,0.2874296624612386,7.348965517241379,1.4834437086092715,,1.0,100,100
726,0.21,sn_kjOrdinalUniform_xnjNonNormal,29,4,Random Guessing,3,0.0589112871733638,0.6497996466313298,0.0,0.491934565529537,0.0001518212949326,37.44275862068965,6.059602649006623,,1.0,100,100
726,0.21,sn_kjOrdinalUniform_xnjNonNormal,29,4,SuStaIn (GMM),3,0.0589112871733638,0.6497996466313298,579.1229068835577,0.4880808080808081,0.0276868761566597,24.98068965517241,43.52317880794702,,,100,100
726,0.21,sn_kjOrdinalUniform_xnjNonNormal,29,4,SuStaIn (KDE),3,0.0589112871733638,0.6497996466313298,538.2986168225606,0.3997979797979797,-0.0039088385470045,19.32,31.311258278145694,,,100,100
726,0.21,sn_kjOrdinalUniform_xnjNonNormal,30,4,BebmS,3,0.3551879641073001,0.9832009867653432,69.11400119066238,0.3738720538720539,-0.0009568713609186,4.994490358126722,0.2266666666666666,,,100,100
726,0.21,sn_kjOrdinalUniform_xnjNonNormal,30,4,BebmS (Blind),3,0.3551879641073001,0.9832009867653432,83.34033199151357,0.3803367003367003,-0.0003378450445872,5.679063360881543,1.02,,1.0,100,100
726,0.21,sn_kjOrdinalUniform_xnjNonNormal,30,4,Random Guessing,3,0.3551879641073001,0.9832009867653432,0.0,0.5000830634890261,-0.0022192745102104,36.07713498622589,6.226666666666667,,1.0,100,100
726,0.21,sn_kjOrdinalUniform_xnjNonNormal,30,4,SuStaIn (GMM),3,0.3551879641073001,0.9832009867653432,460.5630165775617,0.4717845117845118,-0.0001594201263473,33.39256198347108,53.34,,,100,100
726,0.21,sn_kjOrdinalUniform_xnjNonNormal,30,4,SuStaIn (KDE),3,0.3551879641073001,0.9832009867653432,551.0941458304723,0.4115824915824915,-0.0015205667869184,23.97107438016529,34.42,,,100,100
726,0.21,sn_kjOrdinalUniform_xnjNonNormal,31,4,BebmS,3,0.4991514929555875,0.9917965129846318,76.00103797117869,0.4006060606060606,0.0,7.852617079889807,1.0529801324503312,,,100,100
726,0.21,sn_kjOrdinalUniform_xnjNonNormal,31,4,BebmS (Blind),3,0.4991514929555875,0.9917965129846318,93.35273097753524,0.4123232323232322,0.0011762512096888,8.453168044077135,1.4503311258278146,,2.0,100,100
726,0.21,sn_kjOrdinalUniform_xnjNonNormal,31,4,Random Guessing,3,0.4991514929555875,0.9917965129846318,0.0,0.4940225006600872,-0.0026558999884254,37.52203856749311,5.71523178807947,,2.0,100,100
726,0.21,sn_kjOrdinalUniform_xnjNonNormal,31,4,SuStaIn (GMM),3,0.4991514929555875,0.9917965129846318,230.65802889664968,0.4194612794612795,0.0012160164996813,27.62396694214876,47.23841059602649,,,100,100
726,0.21,sn_kjOrdinalUniform_xnjNonNormal,31,4,SuStaIn (KDE),3,0.4991514929555875,0.9917965129846318,309.47870391607285,0.4000000000000001,-0.0011643398212748,20.420110192837463,31.74172185430464,,,100,100
726,0.21,sn_kjOrdinalUniform_xnjNonNormal,32,4,BebmS,3,0.4197690947682101,0.9871027102710273,69.3581030845642,0.3683501683501683,0.0002881013496677,4.3020689655172415,0.2052980132450331,,,100,100
726,0.21,sn_kjOrdinalUniform_xnjNonNormal,32,4,BebmS (Blind),3,0.4197690947682101,0.9871027102710273,83.40110704104106,0.3791245791245791,-7.773010923682785e-05,6.343448275862069,0.3245033112582781,,2.0,100,100
726,0.21,sn_kjOrdinalUniform_xnjNonNormal,32,4,Random Guessing,3,0.4197690947682101,0.9871027102710273,0.0,0.4918204608069643,-0.0005975963808647,37.32551724137931,6.013245033112582,,2.0,100,100
726,0.21,sn_kjOrdinalUniform_xnjNonNormal,32,4,SuStaIn (GMM),3,0.4197690947682101,0.9871027102710273,93.0689639846484,0.4071380471380472,0.0009383033296304,24.61241379310345,45.58940397350993,,,100,100
726,0.21,sn_kjOrdinalUniform_xnjNonNormal,32,4,SuStaIn (KDE),3,0.4197690947682101,0.9871027102710273,128.20607493718464,0.4082828282828283,0.0032360422745791,19.055172413793105,28.880794701986755,,,100,100
726,0.21,sn_kjOrdinalUniform_xnjNonNormal,33,4,BebmS,3,0.1204494375569273,0.8827429409607628,81.61230834325154,0.3436363636363636,0.0094931284129471,8.048209366391184,0.1133333333333333,,,100,100
726,0.21,sn_kjOrdinalUniform_xnjNonNormal,33,4,BebmS (Blind),3,0.1204494375569273,0.8827429409607628,102.2635117650032,0.3496969696969697,0.0885214028008948,8.056473829201101,0.6866666666666666,,1.0,100,100
726,0.21,sn_kjOrdinalUniform_xnjNonNormal,33,4,Random Guessing,3,0.1204494375569273,0.8827429409607628,0.0,0.4926904752741121,-0.0016649498597319,38.19834710743802,6.6466666666666665,,1.0,100,100
726,0.21,sn_kjOrdinalUniform_xnjNonNormal,33,4,SuStaIn (GMM),3,0.1204494375569273,0.8827429409607628,590.2568808794022,0.4814814814814814,0.050032383961293,23.40633608815427,41.4,,,100,100
726,0.21,sn_kjOrdinalUniform_xnjNonNormal,33,4,SuStaIn (KDE),3,0.1204494375569273,0.8827429409607628,587.1915143847466,0.4445117845117845,0.0046646772673454,19.71763085399449,31.34,,,100,100
726,0.21,sn_kjOrdinalUniform_xnjNonNormal,34,4,BebmS,3,0.3069717384339204,0.9797979797979798,143.00718350013096,0.3785185185185185,-0.0005866587456302,6.900689655172414,0.1,,,100,100
726,0.21,sn_kjOrdinalUniform_xnjNonNormal,34,4,BebmS (Blind),3,0.3069717384339204,0.9797979797979798,171.14596672852835,0.4074747474747475,0.0,8.0,0.58,,2.0,100,100
726,0.21,sn_kjOrdinalUniform_xnjNonNormal,34,4,Random Guessing,3,0.3069717384339204,0.9797979797979798,0.0,0.4854281984340639,0.0004605316221703,37.70344827586207,5.633333333333334,,2.0,100,100
726,0.21,sn_kjOrdinalUniform_xnjNonNormal,34,4,SuStaIn (GMM),3,0.3069717384339204,0.9797979797979798,703.3591446638108,0.4377777777777778,-0.0001272435437313,25.260689655172413,43.333333333333336,,,100,100
726,0.21,sn_kjOrdinalUniform_xnjNonNormal,34,4,SuStaIn (KDE),3,0.3069717384339204,0.9797979797979798,484.92734979788463,0.3877441077441078,0.0014102560233135,17.798620689655174,27.086666666666662,,,100,100
726,0.21,sn_kjOrdinalUniform_xnjNonNormal,35,4,BebmS,3,0.3401836662144308,0.9847984798479849,90.7110072294871,0.412996632996633,0.0,6.466942148760331,0.2533333333333333,,,100,100
726,0.21,sn_kjOrdinalUniform_xnjNonNormal,35,4,BebmS (Blind),3,0.3401836662144308,0.9847984798479849,132.60590399901074,0.3979124579124579,0.0,7.435261707988981,1.4333333333333331,,1.0,100,100
726,0.21,sn_kjOrdinalUniform_xnjNonNormal,35,4,Random Guessing,3,0.3401836662144308,0.9847984798479849,0.0,0.4914444264196996,-0.0011324015461703,36.64462809917355,5.92,,1.0,100,100
726,0.21,sn_kjOrdinalUniform_xnjNonNormal,35,4,SuStaIn (GMM),3,0.3401836662144308,0.9847984798479849,260.339014172554,0.4691582491582491,-0.0025593514704417,33.22865013774105,58.99333333333333,,,100,100
726,0.21,sn_kjOrdinalUniform_xnjNonNormal,35,4,SuStaIn (KDE),3,0.3401836662144308,0.9847984798479849,227.178030816714,0.4559595959595959,-0.0032663986526197,18.426997245179063,28.36,,,100,100
726,0.21,sn_kjOrdinalUniform_xnjNonNormal,36,4,BebmS,3,0.0904089225694808,0.8422988965563223,108.6475154399872,0.3664646464646464,0.1784450537320192,12.052413793103447,0.1059602649006622,,,100,100
726,0.21,sn_kjOrdinalUniform_xnjNonNormal,36,4,BebmS (Blind),3,0.0904089225694808,0.8422988965563223,128.53629270394643,0.305993265993266,0.1399084494901611,7.557241379310345,0.1324503311258278,,2.0,100,100
726,0.21,sn_kjOrdinalUniform_xnjNonNormal,36,4,Random Guessing,3,0.0904089225694808,0.8422988965563223,0.0,0.4997767295247128,0.0018721555198049,36.70896551724138,6.013245033112582,,2.0,100,100
726,0.21,sn_kjOrdinalUniform_xnjNonNormal,36,4,SuStaIn (GMM),3,0.0904089225694808,0.8422988965563223,506.8087328950564,0.5,0.11377074404357,29.326896551724136,48.32450331125828,,,100,100
726,0.21,sn_kjOrdinalUniform_xnjNonNormal,36,4,SuStaIn (KDE),3,0.0904089225694808,0.8422988965563223,526.438151605924,0.441010101010101,-0.0024107119381667,20.906206896551723,30.781456953642383,,,100,100
726,0.21,sn_kjOrdinalUniform_xnjNonNormal,37,4,BebmS,3,0.3043761218232395,0.977891122445578,70.4558076341947,0.4218181818181818,0.0,9.600550964187327,1.576158940397351,,,100,100
726,0.21,sn_kjOrdinalUniform_xnjNonNormal,37,4,BebmS (Blind),3,0.3043761218232395,0.977891122445578,85.51159960428873,0.3768350168350168,0.0013811116601031,7.541322314049586,0.8410596026490066,,1.0,100,100
726,0.21,sn_kjOrdinalUniform_xnjNonNormal,37,4,Random Guessing,3,0.3043761218232395,0.977891122445578,0.0,0.5026776574225146,-0.0018382790511178,36.49724517906336,5.947019867549669,,1.0,100,100
726,0.21,sn_kjOrdinalUniform_xnjNonNormal,37,4,SuStaIn (GMM),3,0.3043761218232395,0.977891122445578,138.88689722617468,0.4358249158249158,0.0024274351174148,28.225895316804408,48.6953642384106,,,100,100
726,0.21,sn_kjOrdinalUniform_xnjNonNormal,37,4,SuStaIn (KDE),3,0.3043761218232395,0.977891122445578,107.04898809591928,0.4381818181818182,0.0024104529918046,19.83057851239669,33.854304635761586,,,100,100
726,0.21,sn_kjOrdinalUniform_xnjNonNormal,38,4,BebmS,3,0.2866747487758611,0.9741627496082942,107.50546082655588,0.3946801346801347,0.0134647729894466,6.595041322314049,0.1258278145695364,,,100,100
726,0.21,sn_kjOrdinalUniform_xnjNonNormal,38,4,BebmS (Blind),3,0.2866747487758611,0.9741627496082942,135.11053889195125,0.3364983164983164,0.0145862819886276,6.267217630853994,1.0529801324503312,,1.0,100,100
726,0.21,sn_kjOrdinalUniform_xnjNonNormal,38,4,Random Guessing,3,0.2866747487758611,0.9741627496082942,0.0,0.4840858816090166,-0.0008062694355229,37.40771349862259,6.0,,1.0,100,100
726,0.21,sn_kjOrdinalUniform_xnjNonNormal,38,4,SuStaIn (GMM),3,0.2866747487758611,0.9741627496082942,511.6595711906751,0.4636363636363636,0.0131750465818706,32.37603305785124,59.496688741721854,,,100,100
726,0.21,sn_kjOrdinalUniform_xnjNonNormal,38,4,SuStaIn (KDE),3,0.2866747487758611,0.9741627496082942,494.6525151411692,0.4388552188552188,-0.0014517303536971,21.403581267217632,34.58940397350993,,,100,100
726,0.21,sn_kjOrdinalUniform_xnjNonNormal,39,4,BebmS,3,0.4699159187797204,0.9910311031103112,69.87058167060216,0.3284848484848485,0.003030976982023,6.339310344827586,0.2251655629139073,,,100,100
726,0.21,sn_kjOrdinalUniform_xnjNonNormal,39,4,BebmS (Blind),3,0.4699159187797204,0.9910311031103112,84.80180923541387,0.3940740740740741,-6.269776170970157e-05,7.475862068965517,1.3245033112582782,,2.0,100,100
726,0.21,sn_kjOrdinalUniform_xnjNonNormal,39,4,Random Guessing,3,0.4699159187797204,0.9910311031103112,0.0,0.5095197776737971,-0.0012641090289006,37.87724137931035,6.430463576158941,,2.0,100,100
726,0.21,sn_kjOrdinalUniform_xnjNonNormal,39,4,SuStaIn (GMM),3,0.4699159187797204,0.9910311031103112,723.6158309221267,0.4391245791245791,-0.0023298241975853,24.74068965517241,44.788079470198674,,,100,100
726,0.21,sn_kjOrdinalUniform_xnjNonNormal,39,4,SuStaIn (KDE),3,0.4699159187797204,0.9910311031103112,479.8446504195532,0.4077441077441077,-0.0003702803498728,19.117241379310343,27.986754966887418,,,100,100
726,0.21,sn_kjOrdinalUniform_xnjNonNormal,40,4,BebmS,3,0.0679710115210633,0.7108804213754709,71.17987081209819,0.3446464646464646,0.3154505537733267,9.46896551724138,0.02,,,100,100
726,0.21,sn_kjOrdinalUniform_xnjNonNormal,40,4,BebmS (Blind),3,0.0679710115210633,0.7108804213754709,85.04039505720138,0.3477441077441077,0.4013819973093611,9.622068965517242,0.5733333333333334,,2.0,100,100
726,0.21,sn_kjOrdinalUniform_xnjNonNormal,40,4,Random Guessing,3,0.0679710115210633,0.7108804213754709,0.0,0.5069791568643642,-0.0005059443351515,37.86620689655173,5.633333333333334,,2.0,100,100
726,0.21,sn_kjOrdinalUniform_xnjNonNormal,40,4,SuStaIn (GMM),3,0.0679710115210633,0.7108804213754709,550.8469993233681,0.4892255892255892,0.1925616463219059,29.52275862068965,51.16,,,100,100
726,0.21,sn_kjOrdinalUniform_xnjNonNormal,40,4,SuStaIn (KDE),3,0.0679710115210633,0.7108804213754709,583.2526428023974,0.4245791245791245,0.045748880570975,17.579310344827586,26.26,,,100,100
726,0.21,sn_kjOrdinalUniform_xnjNonNormal,41,4,BebmS,3,0.1509323270869043,0.9044384438443844,68.55065953334173,0.4004040404040404,0.0005436330393363,6.329655172413793,0.1788079470198675,,,100,100
726,0.21,sn_kjOrdinalUniform_xnjNonNormal,41,4,BebmS (Blind),3,0.1509323270869043,0.9044384438443844,83.87097840309143,0.3777777777777777,0.0013318426699392,7.695172413793103,0.8211920529801324,,0.0,100,100
726,0.21,sn_kjOrdinalUniform_xnjNonNormal,41,4,Random Guessing,3,0.1509323270869043,0.9044384438443844,0.0,0.4994471858807641,-0.0012933420606482,37.04,5.569536423841059,,0.0,100,100
726,0.21,sn_kjOrdinalUniform_xnjNonNormal,41,4,SuStaIn (GMM),3,0.1509323270869043,0.9044384438443844,572.4844181458155,0.4848484848484848,0.0233447545207063,32.317241379310346,54.17218543046358,,,100,100
726,0.21,sn_kjOrdinalUniform_xnjNonNormal,41,4,SuStaIn (KDE),3,0.1509323270869043,0.9044384438443844,580.6348219513893,0.4488215488215488,0.0046424864826805,21.11448275862069,33.94701986754967,,,100,100
726,0.21,sn_kjOrdinalUniform_xnjNonNormal,42,4,BebmS,3,0.4916003456066733,0.9917725105843918,70.35208170811335,0.4056565656565656,0.0051919904872331,11.545454545454543,0.5496688741721855,,,100,100
726,0.21,sn_kjOrdinalUniform_xnjNonNormal,42,4,BebmS (Blind),3,0.4916003456066733,0.9917725105843918,85.40609270731608,0.4091582491582491,-0.0006477318929355,10.201101928374657,3.0927152317880795,,1.0,100,100
726,0.21,sn_kjOrdinalUniform_xnjNonNormal,42,4,Random Guessing,3,0.4916003456066733,0.9917725105843918,0.0,0.5120223775785037,0.000652789119527,36.88292011019284,5.973509933774834,,1.0,100,100
726,0.21,sn_kjOrdinalUniform_xnjNonNormal,42,4,SuStaIn (GMM),3,0.4916003456066733,0.9917725105843918,491.2192733446757,0.4670707070707071,-0.0024735746790273,30.90633608815427,52.311258278145694,,,100,100
726,0.21,sn_kjOrdinalUniform_xnjNonNormal,42,4,SuStaIn (KDE),3,0.4916003456066733,0.9917725105843918,499.5552877346674,0.392996632996633,-0.0011295052349345,20.639118457300277,33.145695364238414,,,100,100
726,0.21,sn_kjOrdinalUniform_xnjNonNormal,43,4,BebmS,3,0.100316986800611,0.8602366903357003,71.98329253991444,0.4031649831649832,0.0022551117764224,8.493112947658402,0.0,,,100,100
726,0.21,sn_kjOrdinalUniform_xnjNonNormal,43,4,BebmS (Blind),3,0.100316986800611,0.8602366903357003,96.77426184018454,0.3937373737373737,0.0022931667714916,9.034435261707989,0.3533333333333333,,0.0,100,100
726,0.21,sn_kjOrdinalUniform_xnjNonNormal,43,4,Random Guessing,3,0.100316986800611,0.8602366903357003,0.0,0.5011677351482683,0.0005825222611881,36.48898071625344,5.6466666666666665,,0.0,100,100
726,0.21,sn_kjOrdinalUniform_xnjNonNormal,43,4,SuStaIn (GMM),3,0.100316986800611,0.8602366903357003,173.879447722435,0.4802020202020202,0.0124227072542536,27.362258953168045,49.6,,,100,100
726,0.21,sn_kjOrdinalUniform_xnjNonNormal,43,4,SuStaIn (KDE),3,0.100316986800611,0.8602366903357003,250.992827530702,0.5107744107744108,0.0163930256410419,22.982093663911847,37.5,,,100,100
726,0.21,sn_kjOrdinalUniform_xnjNonNormal,44,4,BebmS,3,0.3310864691945278,0.9801233456679002,69.62418359518051,0.3798653198653198,-0.0015066156492884,3.795862068965517,0.0986842105263157,,,100,100
726,0.21,sn_kjOrdinalUniform_xnjNonNormal,44,4,BebmS (Blind),3,0.3310864691945278,0.9801233456679002,83.96044656435649,0.3910437710437711,0.00486918088151,5.257931034482759,1.868421052631579,,2.0,100,100
726,0.21,sn_kjOrdinalUniform_xnjNonNormal,44,4,Random Guessing,3,0.3310864691945278,0.9801233456679002,0.0,0.4831198411285114,0.0003822890536532,34.71172413793104,6.5855263157894735,,2.0,100,100
726,0.21,sn_kjOrdinalUniform_xnjNonNormal,45,4,BebmS,3,0.3164357603491007,0.9797286395306196,112.0292538166046,0.3283501683501683,0.0059970873355176,5.68551724137931,0.1059602649006622,,,100,100
726,0.21,sn_kjOrdinalUniform_xnjNonNormal,45,4,BebmS (Blind),3,0.3164357603491007,0.9797286395306196,135.9221673846245,0.3881481481481481,-0.0001018939097913,4.811034482758621,1.827814569536424,,1.0,100,100
726,0.21,sn_kjOrdinalUniform_xnjNonNormal,45,4,Random Guessing,3,0.3164357603491007,0.9797286395306196,0.0,0.5005759722543605,0.0005753086066975,37.11862068965517,5.947019867549669,,1.0,100,100
726,0.21,sn_kjOrdinalUniform_xnjNonNormal,45,4,SuStaIn (GMM),3,0.3164357603491007,0.9797286395306196,443.1680064519247,0.4472727272727272,-0.0011640527159347,29.36689655172414,48.90066225165563,,,100,100
726,0.21,sn_kjOrdinalUniform_xnjNonNormal,45,4,SuStaIn (KDE),3,0.3164357603491007,0.9797286395306196,339.8014811515808,0.469023569023569,-0.0001064650732553,21.22344827586207,32.64238410596027,,,100,100
726,0.21,sn_kjOrdinalUniform_xnjNonNormal,46,4,BebmS,3,0.3254790578403502,0.9792725939260593,114.28122914234795,0.3547474747474747,-0.0016272940192047,4.983448275862069,0.1258278145695364,,,100,100
726,0.21,sn_kjOrdinalUniform_xnjNonNormal,46,4,BebmS (Blind),3,0.3254790578403502,0.9792725939260593,152.00871590773264,0.3548821548821548,0.0031912818438621,7.241379310344827,1.7417218543046358,,0.0,100,100
726,0.21,sn_kjOrdinalUniform_xnjNonNormal,46,4,Random Guessing,3,0.3254790578403502,0.9792725939260593,0.0,0.4988998685036904,-0.0026512341379274,37.22620689655172,6.1655629139072845,,0.0,100,100
726,0.21,sn_kjOrdinalUniform_xnjNonNormal,46,4,SuStaIn (GMM),3,0.3254790578403502,0.9792725939260593,633.8870441476504,0.46,0.0019503373842597,27.08,47.794701986754966,,,100,100
726,0.21,sn_kjOrdinalUniform_xnjNonNormal,46,4,SuStaIn (KDE),3,0.3254790578403502,0.9792725939260593,636.0814924478531,0.3585858585858585,-0.001499546748134,15.52551724137931,21.40397350993377,,,100,100
726,0.21,sn_kjOrdinalUniform_xnjNonNormal,47,4,BebmS,3,0.3269198521638962,0.981038103810381,73.81397873957953,0.3940740740740741,-0.0004073023956518,7.282758620689655,0.1456953642384106,,,100,100
726,0.21,sn_kjOrdinalUniform_xnjNonNormal,47,4,BebmS (Blind),3,0.3269198521638962,0.981038103810381,93.74822545051576,0.3625589225589225,-0.0038620000654487,5.72,0.2847682119205298,,0.0,100,100
726,0.21,sn_kjOrdinalUniform_xnjNonNormal,47,4,Random Guessing,3,0.3269198521638962,0.981038103810381,0.0,0.4913436736427161,-0.0006080110950027,37.628965517241376,6.105960264900662,,0.0,100,100
726,0.21,sn_kjOrdinalUniform_xnjNonNormal,47,4,SuStaIn (GMM),3,0.3269198521638962,0.981038103810381,638.4488831281662,0.4684848484848485,-0.0001296346755668,29.099310344827582,51.54304635761589,,,100,100
726,0.21,sn_kjOrdinalUniform_xnjNonNormal,47,4,SuStaIn (KDE),3,0.3269198521638962,0.981038103810381,552.5937610824902,0.4244444444444444,0.0065403678945549,17.06344827586207,26.4635761589404,,,100,100
726,0.21,sn_kjOrdinalUniform_xnjNonNormal,48,4,BebmS,3,0.2730942104021948,0.9716398306497316,114.68764902750652,0.382020202020202,-0.0015008831682382,7.640495867768595,0.3642384105960264,,,100,100
726,0.21,sn_kjOrdinalUniform_xnjNonNormal,48,4,BebmS (Blind),3,0.2730942104021948,0.9716398306497316,148.25327201286953,0.3977777777777778,0.0026712438935619,9.537190082644628,0.0,,1.0,100,100
726,0.21,sn_kjOrdinalUniform_xnjNonNormal,48,4,Random Guessing,3,0.2730942104021948,0.9716398306497316,0.0,0.4904633565281037,-0.0010623047099846,36.39944903581267,5.960264900662252,,1.0,100,100
726,0.21,sn_kjOrdinalUniform_xnjNonNormal,48,4,SuStaIn (GMM),3,0.2730942104021948,0.9716398306497316,561.388661301136,0.4677441077441077,-0.0005882192136481,30.141873278236915,54.00662251655629,,,100,100
726,0.21,sn_kjOrdinalUniform_xnjNonNormal,48,4,SuStaIn (KDE),3,0.2730942104021948,0.9716398306497316,556.4032357136408,0.3967676767676767,-7.59202636168029e-05,17.24793388429752,26.894039735099337,,,100,100
726,0.21,sn_kjOrdinalUniform_xnjNonNormal,49,4,BebmS,3,0.0931126667919798,0.8276280961429476,111.4693257689476,0.3514478114478114,0.0492064597433149,8.77961432506887,0.1258278145695364,,,100,100
726,0.21,sn_kjOrdinalUniform_xnjNonNormal,49,4,BebmS (Blind),3,0.0931126667919798,0.8276280961429476,150.73217820723852,0.3833670033670033,0.010689935426714,6.893939393939394,1.0132450331125828,,2.0,100,100
726,0.21,sn_kjOrdinalUniform_xnjNonNormal,49,4,Random Guessing,3,0.0931126667919798,0.8276280961429476,0.0,0.4936628120504591,-0.0019753160484907,35.86501377410468,6.0,,2.0,100,100
726,0.21,sn_kjOrdinalUniform_xnjNonNormal,49,4,SuStaIn (GMM),3,0.0931126667919798,0.8276280961429476,559.0075283288955,0.4575084175084175,0.0181793709695394,28.12396694214876,47.85430463576159,,,100,100
726,0.21,sn_kjOrdinalUniform_xnjNonNormal,49,4,SuStaIn (KDE),3,0.0931126667919798,0.8276280961429476,533.851973036925,0.4534680134680134,-0.0003171560531216,20.172176308539942,33.370860927152314,,,100,100
726,0.21,sn_kjOrdinalUniform_xnjNormal,0,3,BebmS,3,0.0545965472607947,0.6467113378004468,110.74777377049128,0.3549494949494949,0.2473027515623957,6.953103448275862,0.1655629139072847,,,100,100
726,0.21,sn_kjOrdinalUniform_xnjNormal,0,3,BebmS (Blind),3,0.0545965472607947,0.6467113378004468,120.7368753751119,0.3262626262626262,0.1535898562422294,7.67448275862069,0.0662251655629139,,2.0,100,100
726,0.21,sn_kjOrdinalUniform_xnjNormal,0,3,Random Guessing,3,0.0545965472607947,0.6467113378004468,0.0,0.4990462034186624,0.0075596681064561,35.90620689655172,5.834437086092716,,2.0,100,100
726,0.21,sn_kjOrdinalUniform_xnjNormal,0,3,SuStaIn (GMM),3,0.0545965472607947,0.6467113378004468,278.6918197989464,0.357979797979798,0.2195298212686204,18.22206896551724,29.68211920529801,,,100,100
726,0.21,sn_kjOrdinalUniform_xnjNormal,0,3,SuStaIn (KDE),3,0.0545965472607947,0.6467113378004468,299.7531707763672,0.3552188552188552,0.1604071663311055,17.55862068965517,18.33112582781457,,,100,100
726,0.21,sn_kjOrdinalUniform_xnjNormal,1,3,BebmS,3,0.3613219248023016,0.982008867553422,69.93036721944809,0.3676767676767676,0.0,4.484137931034483,0.1655629139072847,,,100,100
726,0.21,sn_kjOrdinalUniform_xnjNormal,1,3,BebmS (Blind),3,0.3613219248023016,0.982008867553422,85.15068500041961,0.3863973063973064,0.0,5.470344827586207,0.3509933774834437,,3.0,100,100
726,0.21,sn_kjOrdinalUniform_xnjNormal,1,3,Random Guessing,3,0.3613219248023016,0.982008867553422,0.0,0.5037231930016288,-0.0025453575685704,36.15724137931034,5.774834437086093,,3.0,100,100
726,0.21,sn_kjOrdinalUniform_xnjNormal,1,3,SuStaIn (GMM),3,0.3613219248023016,0.982008867553422,218.78924614191052,0.3152861952861953,0.0012015755840737,18.111724137931034,34.549668874172184,,,100,100
726,0.21,sn_kjOrdinalUniform_xnjNormal,1,3,SuStaIn (KDE),3,0.3613219248023016,0.982008867553422,295.7046372652054,0.3199326599326599,-0.0022079018669851,17.30896551724138,21.70860927152318,,,100,100
726,0.21,sn_kjOrdinalUniform_xnjNormal,2,3,BebmS,3,0.0240598559351779,0.467026702670267,118.3950881242752,0.1929292929292929,0.811823158944649,4.213793103448276,0.2649006622516556,,,100,100
726,0.21,sn_kjOrdinalUniform_xnjNormal,2,3,BebmS (Blind),3,0.0240598559351779,0.467026702670267,146.81963358720142,0.1782491582491582,0.778708986602353,4.046896551724138,0.0198675496688741,,2.0,100,100
726,0.21,sn_kjOrdinalUniform_xnjNormal,2,3,Random Guessing,3,0.0240598559351779,0.467026702670267,0.0,0.481868367528769,-0.0026550881349026,37.8,6.105960264900662,,2.0,100,100
726,0.21,sn_kjOrdinalUniform_xnjNormal,2,3,SuStaIn (GMM),3,0.0240598559351779,0.467026702670267,627.854296139876,0.2927946127946128,0.8035183557037368,16.957241379310346,31.105960264900663,,,100,100
726,0.21,sn_kjOrdinalUniform_xnjNormal,2,3,SuStaIn (KDE),3,0.0240598559351779,0.467026702670267,991.175665183862,0.3051178451178451,0.3871797900823474,17.61103448275862,20.70860927152318,,,100,100
726,0.21,sn_kjOrdinalUniform_xnjNormal,3,3,BebmS,3,0.3973844688204681,0.986113277994466,69.05145608981451,0.4035016835016835,0.0,7.856353591160221,0.0728476821192053,,,100,100
726,0.21,sn_kjOrdinalUniform_xnjNormal,3,3,BebmS (Blind),3,0.3973844688204681,0.986113277994466,83.84025016625722,0.3586531986531986,0.0,4.716850828729282,0.0993377483443708,,0.0,100,100
726,0.21,sn_kjOrdinalUniform_xnjNormal,3,3,Random Guessing,3,0.3973844688204681,0.986113277994466,0.0,0.4934207350061752,-0.0003339886756143,37.61740331491713,5.529801324503311,,0.0,100,100
726,0.21,sn_kjOrdinalUniform_xnjNormal,3,3,SuStaIn (GMM),3,0.3973844688204681,0.986113277994466,498.7470372915268,0.3405387205387205,0.0064713932088095,19.825966850828728,32.64238410596027,,,100,100
726,0.21,sn_kjOrdinalUniform_xnjNormal,3,3,SuStaIn (KDE),3,0.3973844688204681,0.986113277994466,482.53133069674175,0.2864646464646465,0.0020231370102126,16.075966850828728,20.27814569536424,,,100,100
726,0.21,sn_kjOrdinalUniform_xnjNormal,4,3,BebmS,3,0.3174080818920602,0.9797046371303796,70.61432960828145,0.3225589225589225,0.0031055268750624,4.953168044077135,0.2133333333333333,,,100,100
726,0.21,sn_kjOrdinalUniform_xnjNormal,4,3,BebmS (Blind),3,0.3174080818920602,0.9797046371303796,85.24109153350194,0.4269360269360269,0.0,6.7217630853994494,0.0466666666666666,,0.0,100,100
726,0.21,sn_kjOrdinalUniform_xnjNormal,4,3,Random Guessing,3,0.3174080818920602,0.9797046371303796,0.0,0.5071240303269101,0.0041734511577157,37.45454545454545,6.113333333333333,,0.0,100,100
726,0.21,sn_kjOrdinalUniform_xnjNormal,4,3,SuStaIn (GMM),3,0.3174080818920602,0.9797046371303796,119.05811521609624,0.3387205387205387,0.0065150822438332,20.90082644628099,37.26,,,100,100
726,0.21,sn_kjOrdinalUniform_xnjNormal,4,3,SuStaIn (KDE),3,0.3174080818920602,0.9797046371303796,156.67074281374613,0.317979797979798,-0.0017365552285926,16.462809917355372,18.85333333333333,,,100,100
726,0.21,sn_kjOrdinalUniform_xnjNormal,5,3,BebmS,3,0.3360909151586847,0.9834570123679036,68.6681420524915,0.3694276094276094,0.0,5.555096418732783,0.06,,,100,100
726,0.21,sn_kjOrdinalUniform_xnjNormal,5,3,BebmS (Blind),3,0.3360909151586847,0.9834570123679036,83.88638426462809,0.3431649831649832,-0.0015173844735877,5.104683195592287,0.1,,2.0,100,100
726,0.21,sn_kjOrdinalUniform_xnjNormal,5,3,Random Guessing,3,0.3360909151586847,0.9834570123679036,0.0,0.4984971461601799,0.0047429361232381,36.95867768595041,6.346666666666667,,2.0,100,100
726,0.21,sn_kjOrdinalUniform_xnjNormal,5,3,SuStaIn (GMM),3,0.3360909151586847,0.9834570123679036,473.9681952993075,0.3024242424242424,0.0259094811561396,17.1267217630854,29.866666666666667,,,100,100
726,0.21,sn_kjOrdinalUniform_xnjNormal,5,3,SuStaIn (KDE),3,0.3360909151586847,0.9834570123679036,529.2090093374252,0.3654545454545455,0.0110925733375885,16.457300275482094,20.01333333333333,,,100,100
726,0.21,sn_kjOrdinalUniform_xnjNormal,6,3,BebmS,3,0.0653715790537942,0.7178117811781178,69.34274791876474,0.2672727272727273,0.5970258455543812,8.155862068965517,0.1333333333333333,,,100,100
726,0.21,sn_kjOrdinalUniform_xnjNormal,6,3,BebmS (Blind),3,0.0653715790537942,0.7178117811781178,84.23982131878535,0.2426262626262626,0.5803797353316824,7.281379310344827,0.1066666666666666,,2.0,100,100
726,0.21,sn_kjOrdinalUniform_xnjNormal,6,3,Random Guessing,3,0.0653715790537942,0.7178117811781178,0.0,0.4793341714541625,0.0021621378637184,37.500689655172415,6.3133333333333335,,2.0,100,100
726,0.21,sn_kjOrdinalUniform_xnjNormal,6,3,SuStaIn (GMM),3,0.0653715790537942,0.7178117811781178,192.70159740448,0.375959595959596,0.6857261299611951,20.93793103448276,37.153333333333336,,,100,100
726,0.21,sn_kjOrdinalUniform_xnjNormal,6,3,SuStaIn (KDE),3,0.0653715790537942,0.7178117811781178,253.55784514347712,0.4045117845117845,0.1520402738304452,18.402758620689657,21.71333333333333,,,100,100
726,0.21,sn_kjOrdinalUniform_xnjNormal,7,3,BebmS,3,0.4694546999060769,0.9897429742974296,69.48556353648503,0.4321212121212121,0.0,11.224827586206896,0.152317880794702,,,100,100
726,0.21,sn_kjOrdinalUniform_xnjNormal,7,3,BebmS (Blind),3,0.4694546999060769,0.9897429742974296,84.13275607029597,0.4028956228956229,0.0,7.355862068965517,0.0463576158940397,,1.0,100,100
726,0.21,sn_kjOrdinalUniform_xnjNormal,7,3,Random Guessing,3,0.4694546999060769,0.9897429742974296,0.0,0.5065280323696747,-0.0025186352159562,35.628965517241376,5.437086092715232,,1.0,100,100
726,0.21,sn_kjOrdinalUniform_xnjNormal,7,3,SuStaIn (GMM),3,0.4694546999060769,0.9897429742974296,480.3826042453448,0.3936700336700336,0.0020680698229715,21.57793103448276,35.54304635761589,,,100,100
726,0.21,sn_kjOrdinalUniform_xnjNormal,7,3,SuStaIn (KDE),3,0.4694546999060769,0.9897429742974296,552.5521676580112,0.354074074074074,-0.0022001806808834,18.499310344827585,20.927152317880797,,,100,100
726,0.21,sn_kjOrdinalUniform_xnjNormal,8,3,BebmS,3,0.0904120240671795,0.837989132246558,103.36307003895442,0.3257912457912458,0.2955383517246193,7.12396694214876,0.0662251655629139,,,100,100
726,0.21,sn_kjOrdinalUniform_xnjNormal,8,3,BebmS (Blind),3,0.0904120240671795,0.837989132246558,133.8574605902036,0.3124579124579124,0.172056826503347,7.381542699724518,0.0596026490066225,,2.0,100,100
726,0.21,sn_kjOrdinalUniform_xnjNormal,8,3,Random Guessing,3,0.0904120240671795,0.837989132246558,0.0,0.4902649664204066,-0.0029988354228533,35.62947658402204,6.086092715231788,,2.0,100,100
726,0.21,sn_kjOrdinalUniform_xnjNormal,8,3,SuStaIn (GMM),3,0.0904120240671795,0.837989132246558,551.5824623823166,0.3404040404040403,0.559517860432193,21.26170798898072,38.58940397350993,,,100,100
726,0.21,sn_kjOrdinalUniform_xnjNormal,8,3,SuStaIn (KDE),3,0.0904120240671795,0.837989132246558,549.04599391222,0.3497643097643098,0.013552415866054,14.988980716253444,17.60927152317881,,,100,100
726,0.21,sn_kjOrdinalUniform_xnjNormal,9,3,BebmS,3,0.2176844997201286,0.9592812614594792,68.65722967386246,0.3814141414141415,0.0003846613713083,5.823691460055096,0.1066666666666666,,,100,100
726,0.21,sn_kjOrdinalUniform_xnjNormal,9,3,BebmS (Blind),3,0.2176844997201286,0.9592812614594792,84.40991080204645,0.3162289562289562,0.0200926936836868,6.694214876033058,0.0466666666666666,,2.0,100,100
726,0.21,sn_kjOrdinalUniform_xnjNormal,9,3,Random Guessing,3,0.2176844997201286,0.9592812614594792,0.0,0.488405050573679,-0.0019253163778037,37.72727272727273,6.0,,2.0,100,100
726,0.21,sn_kjOrdinalUniform_xnjNormal,9,3,SuStaIn (GMM),3,0.2176844997201286,0.9592812614594792,249.8336278239886,0.3558922558922559,0.0098319702500093,20.144628099173552,36.406666666666666,,,100,100
726,0.21,sn_kjOrdinalUniform_xnjNormal,9,3,SuStaIn (KDE),3,0.2176844997201286,0.9592812614594792,278.98439853986105,0.3957575757575758,0.00372535400778,19.056473829201103,23.7,,,100,100
726,0.21,sn_kjOrdinalUniform_xnjNormal,10,3,BebmS,3,0.2735298106860179,0.9775497549754976,70.23280117114385,0.3979124579124579,0.0,6.079889807162535,0.0666666666666666,,,100,100
726,0.21,sn_kjOrdinalUniform_xnjNormal,10,3,BebmS (Blind),3,0.2735298106860179,0.9775497549754976,83.59874758720397,0.4225589225589226,0.0,9.794765840220386,0.54,,0.0,100,100
726,0.21,sn_kjOrdinalUniform_xnjNormal,10,3,Random Guessing,3,0.2735298106860179,0.9775497549754976,0.0,0.4876725575178876,-0.0022980404851167,35.67906336088154,6.286666666666667,,0.0,100,100
726,0.21,sn_kjOrdinalUniform_xnjNormal,10,3,SuStaIn (GMM),3,0.2735298106860179,0.9775497549754976,945.1208301067352,0.3280808080808081,0.0436384604040251,19.646005509641878,31.746666666666663,,,100,100
726,0.21,sn_kjOrdinalUniform_xnjNormal,10,3,SuStaIn (KDE),3,0.2735298106860179,0.9775497549754976,812.2945022145907,0.3657239057239057,-0.0018517333584709,21.03581267217631,23.14,,,100,100
726,0.21,sn_kjOrdinalUniform_xnjNormal,11,3,BebmS,3,0.1177743085463333,0.8866740007334066,69.87214090824128,0.3225589225589225,-0.028099519540182,5.355862068965517,0.0331125827814569,,,100,100
726,0.21,sn_kjOrdinalUniform_xnjNormal,11,3,BebmS (Blind),3,0.1177743085463333,0.8866740007334066,85.52566378513971,0.2971043771043771,-0.019704147024763,5.297931034482759,0.7615894039735099,,2.0,100,100
726,0.21,sn_kjOrdinalUniform_xnjNormal,11,3,Random Guessing,3,0.1177743085463333,0.8866740007334066,0.0,0.5053607703569774,-0.0023572976536729,37.33103448275862,6.198675496688741,,2.0,100,100
726,0.21,sn_kjOrdinalUniform_xnjNormal,11,3,SuStaIn (GMM),3,0.1177743085463333,0.8866740007334066,1089.4473046342532,0.3694276094276094,0.1172237961723862,20.96413793103448,38.81456953642384,,,100,100
726,0.21,sn_kjOrdinalUniform_xnjNormal,11,3,SuStaIn (KDE),3,0.1177743085463333,0.8866740007334066,832.7073058009148,0.3978451178451179,-0.00320248087114,14.983448275862068,18.158940397350992,,,100,100
726,0.21,sn_kjOrdinalUniform_xnjNormal,12,3,BebmS,3,0.2395970607511896,0.9598226489315598,82.12632246812184,0.4061952861952862,0.0,6.6597796143250685,0.0,,,100,100
726,0.21,sn_kjOrdinalUniform_xnjNormal,12,3,BebmS (Blind),3,0.2395970607511896,0.9598226489315598,99.92751673062642,0.3578451178451178,0.0002965930178885,4.458677685950414,0.0666666666666666,,3.0,100,100
726,0.21,sn_kjOrdinalUniform_xnjNormal,12,3,Random Guessing,3,0.2395970607511896,0.9598226489315598,0.0,0.4997925724287155,-0.0005208398711642,38.45454545454545,6.266666666666667,,3.0,100,100
726,0.21,sn_kjOrdinalUniform_xnjNormal,12,3,SuStaIn (GMM),3,0.2395970607511896,0.9598226489315598,607.5798285921414,0.3261952861952862,-0.0008022560841631,18.70523415977961,35.913333333333334,,,100,100
726,0.21,sn_kjOrdinalUniform_xnjNormal,12,3,SuStaIn (KDE),3,0.2395970607511896,0.9598226489315598,577.4830805420876,0.3919191919191919,0.0025088823555298,18.74242424242424,24.35333333333333,,,100,100
726,0.21,sn_kjOrdinalUniform_xnjNormal,13,3,BebmS,3,0.4873254721892732,0.9912444577791112,73.36997538010279,0.3772390572390572,0.0,5.13103448275862,0.0529801324503311,,,100,100
726,0.21,sn_kjOrdinalUniform_xnjNormal,13,3,BebmS (Blind),3,0.4873254721892732,0.9912444577791112,91.85402042071024,0.3546127946127946,0.0004740565107526,6.148965517241379,1.0728476821192052,,1.0,100,100
726,0.21,sn_kjOrdinalUniform_xnjNormal,13,3,Random Guessing,3,0.4873254721892732,0.9912444577791112,0.0,0.5034919825356062,0.0017685853536075,37.295172413793104,5.841059602649007,,1.0,100,100
726,0.21,sn_kjOrdinalUniform_xnjNormal,13,3,SuStaIn (GMM),3,0.4873254721892732,0.9912444577791112,637.1953362464905,0.3264646464646465,0.0047205071549022,18.455172413793104,31.21192052980133,,,100,100
726,0.21,sn_kjOrdinalUniform_xnjNormal,13,3,SuStaIn (KDE),3,0.4873254721892732,0.9912444577791112,592.5422464688619,0.3223569023569024,-0.0005054181036321,16.28965517241379,17.00662251655629,,,100,100
726,0.21,sn_kjOrdinalUniform_xnjNormal,14,3,BebmS,3,0.0612728389263546,0.6755142180884756,72.48009688854218,0.2143434343434343,0.7454203070980626,6.081379310344827,0.0596026490066225,,,100,100
726,0.21,sn_kjOrdinalUniform_xnjNormal,14,3,BebmS (Blind),3,0.0612728389263546,0.6755142180884756,89.66101699670156,0.3087542087542088,0.3072703356242837,7.627586206896551,0.0,,2.0,100,100
726,0.21,sn_kjOrdinalUniform_xnjNormal,14,3,Random Guessing,3,0.0612728389263546,0.6755142180884756,0.0,0.500193602775367,0.0069617633007426,36.99862068965517,5.662251655629139,,2.0,100,100
726,0.21,sn_kjOrdinalUniform_xnjNormal,14,3,SuStaIn (GMM),3,0.0612728389263546,0.6755142180884756,678.6222987612089,0.3116498316498317,0.7254184414608392,18.53655172413793,33.04635761589404,,,100,100
726,0.21,sn_kjOrdinalUniform_xnjNormal,14,3,SuStaIn (KDE),3,0.0612728389263546,0.6755142180884756,600.6605354388555,0.3188552188552189,0.1704570149702449,15.485517241379313,19.75496688741722,,,100,100
726,0.21,sn_kjOrdinalUniform_xnjNormal,15,3,BebmS,3,0.0207064680990057,0.4527239390605727,69.45814501444498,0.1937373737373737,0.7729545648480469,5.564738292011019,0.1066666666666666,,,100,100
726,0.21,sn_kjOrdinalUniform_xnjNormal,15,3,BebmS (Blind),3,0.0207064680990057,0.4527239390605727,97.83397900660832,0.325993265993266,0.3131211157951805,9.398071625344352,0.08,,2.0,100,100
726,0.21,sn_kjOrdinalUniform_xnjNormal,15,3,Random Guessing,3,0.0207064680990057,0.4527239390605727,0.0,0.4967742787708932,0.0003503872227163,37.1831955922865,6.473333333333334,,2.0,100,100
726,0.21,sn_kjOrdinalUniform_xnjNormal,15,3,SuStaIn (GMM),3,0.0207064680990057,0.4527239390605727,662.3127319812775,0.342087542087542,0.8368687330267264,17.85123966942149,30.78,,,100,100
726,0.21,sn_kjOrdinalUniform_xnjNormal,15,3,SuStaIn (KDE),3,0.0207064680990057,0.4527239390605727,976.5542124271392,0.3192592592592592,0.3808226470813939,17.265840220385677,20.606666666666666,,,100,100
726,0.21,sn_kjOrdinalUniform_xnjNormal,16,3,BebmS,3,0.1224445454002699,0.8453045304530453,70.19789522886276,0.2351515151515152,0.1316215548572496,6.286896551724138,0.0198675496688741,,,100,100
726,0.21,sn_kjOrdinalUniform_xnjNormal,16,3,BebmS (Blind),3,0.1224445454002699,0.8453045304530453,84.83162546157837,0.3113804713804713,0.3889225790158807,8.535172413793104,0.0463576158940397,,1.0,100,100
726,0.21,sn_kjOrdinalUniform_xnjNormal,16,3,Random Guessing,3,0.1224445454002699,0.8453045304530453,0.0,0.5086006259781692,-0.00125692948521,37.37931034482759,5.841059602649007,,1.0,100,100
726,0.21,sn_kjOrdinalUniform_xnjNormal,16,3,SuStaIn (GMM),3,0.1224445454002699,0.8453045304530453,179.30835779110592,0.3265993265993266,0.3611178164407611,18.477241379310342,33.49006622516556,,,100,100
726,0.21,sn_kjOrdinalUniform_xnjNormal,16,3,SuStaIn (KDE),3,0.1224445454002699,0.8453045304530453,339.4189966996511,0.3443771043771044,0.0602148975838966,16.977931034482758,18.41721854304636,,,100,100
726,0.21,sn_kjOrdinalUniform_xnjNormal,17,3,BebmS,3,0.4674279665073051,0.986009267593426,146.95418409109115,0.3908417508417508,0.0057670859113102,10.8099173553719,0.0533333333333333,,,100,100
726,0.21,sn_kjOrdinalUniform_xnjNormal,17,3,BebmS (Blind),3,0.4674279665073051,0.986009267593426,174.9349858959516,0.4183164983164983,0.0015053139271686,8.81542699724518,0.0,,1.0,100,100
726,0.21,sn_kjOrdinalUniform_xnjNormal,17,3,Random Guessing,3,0.4674279665073051,0.986009267593426,0.0,0.4874054179088949,-0.0015046695834233,35.925619834710744,5.94,,1.0,100,100
726,0.21,sn_kjOrdinalUniform_xnjNormal,17,3,SuStaIn (GMM),3,0.4674279665073051,0.986009267593426,508.5518224398295,0.3117171717171717,0.0369809071994044,18.31267217630854,32.72,,,100,100
726,0.21,sn_kjOrdinalUniform_xnjNormal,17,3,SuStaIn (KDE),3,0.4674279665073051,0.986009267593426,454.1385246952375,0.3222222222222222,0.010360009565193,16.174931129476583,20.67333333333333,,,100,100
726,0.21,sn_kjOrdinalUniform_xnjNormal,18,3,BebmS,3,0.2929110358026088,0.9831929859652632,83.07977594137192,0.3784511784511784,0.0,5.942068965517241,0.0,,,100,100
726,0.21,sn_kjOrdinalUniform_xnjNormal,18,3,BebmS (Blind),3,0.2929110358026088,0.9831929859652632,99.54689502716064,0.4053872053872053,0.0,7.540689655172414,0.3708609271523179,,2.0,100,100
726,0.21,sn_kjOrdinalUniform_xnjNormal,18,3,Random Guessing,3,0.2929110358026088,0.9831929859652632,0.0,0.5252077608427739,-0.0003450774562177,37.37379310344828,6.026490066225166,,2.0,100,100
726,0.21,sn_kjOrdinalUniform_xnjNormal,18,3,SuStaIn (GMM),3,0.2929110358026088,0.9831929859652632,162.58826605478922,0.3788552188552188,0.0283878658602139,20.855172413793102,36.56953642384106,,,100,100
726,0.21,sn_kjOrdinalUniform_xnjNormal,18,3,SuStaIn (KDE),3,0.2929110358026088,0.9831929859652632,166.39716817537945,0.3030976430976431,-0.0011917987877681,17.49241379310345,23.019867549668877,,,100,100
726,0.21,sn_kjOrdinalUniform_xnjNormal,19,3,BebmS,3,0.170717166458505,0.9382631596492984,73.02272734642028,0.3436363636363637,0.0075646679314625,6.511019283746556,0.0596026490066225,,,100,100
726,0.21,sn_kjOrdinalUniform_xnjNormal,19,3,BebmS (Blind),3,0.170717166458505,0.9382631596492984,89.16956988970439,0.2797979797979797,0.2514125618087855,4.909090909090909,0.0,,2.0,100,100
726,0.21,sn_kjOrdinalUniform_xnjNormal,19,3,Random Guessing,3,0.170717166458505,0.9382631596492984,0.0,0.4834002169574845,0.0027641471969425,37.10743801652893,6.33112582781457,,2.0,100,100
726,0.21,sn_kjOrdinalUniform_xnjNormal,19,3,SuStaIn (GMM),3,0.170717166458505,0.9382631596492984,331.5700024286906,0.3321212121212121,0.0647533451874726,20.58539944903581,38.57615894039735,,,100,100
726,0.21,sn_kjOrdinalUniform_xnjNormal,19,3,SuStaIn (KDE),3,0.170717166458505,0.9382631596492984,501.1466664711634,0.381952861952862,0.0031817665105936,18.82782369146005,23.456953642384107,,,100,100
726,0.21,sn_kjOrdinalUniform_xnjNormal,20,3,BebmS,3,0.3442895483991134,0.9808194152748608,69.81556530793507,0.3985858585858586,-0.0005442595461325,8.273103448275862,0.0463576158940397,,,100,100
726,0.21,sn_kjOrdinalUniform_xnjNormal,20,3,BebmS (Blind),3,0.3442895483991134,0.9808194152748608,84.30450829267502,0.3641077441077441,0.0007282282687508,7.583448275862069,0.0927152317880794,,2.0,100,100
726,0.21,sn_kjOrdinalUniform_xnjNormal,20,3,Random Guessing,3,0.3442895483991134,0.9808194152748608,0.0,0.5008583973504751,0.0074508911128998,36.933793103448274,5.940397350993377,,2.0,100,100
726,0.21,sn_kjOrdinalUniform_xnjNormal,20,3,SuStaIn (GMM),3,0.3442895483991134,0.9808194152748608,518.8470576484998,0.326060606060606,0.0098107363711114,17.540689655172415,29.125827814569536,,,100,100
726,0.21,sn_kjOrdinalUniform_xnjNormal,20,3,SuStaIn (KDE),3,0.3442895483991134,0.9808194152748608,554.7475648760795,0.372053872053872,0.0002363885985727,20.052413793103447,22.503311258278146,,,100,100
726,0.21,sn_kjOrdinalUniform_xnjNormal,21,3,BebmS,3,0.2844711524786974,0.976165616561656,137.549962079525,0.4433670033670034,0.0006760328139975,8.483471074380166,0.1866666666666666,,,100,100
726,0.21,sn_kjOrdinalUniform_xnjNormal,21,3,BebmS (Blind),3,0.2844711524786974,0.976165616561656,134.53091053167978,0.3757575757575758,0.0,5.034435261707989,0.1933333333333333,,2.0,100,100
726,0.21,sn_kjOrdinalUniform_xnjNormal,21,3,Random Guessing,3,0.2844711524786974,0.976165616561656,0.0,0.4824747232428939,-0.0023434701441054,36.79752066115702,5.933333333333334,,2.0,100,100
726,0.21,sn_kjOrdinalUniform_xnjNormal,21,3,SuStaIn (GMM),3,0.2844711524786974,0.976165616561656,636.1808011015256,0.3396632996632996,0.0101104823982288,17.6267217630854,30.5,,,100,100
726,0.21,sn_kjOrdinalUniform_xnjNormal,21,3,SuStaIn (KDE),3,0.2844711524786974,0.976165616561656,788.8908477385838,0.3686195286195285,-0.0005242099052581,17.83746556473829,21.293333333333333,,,100,100
726,0.21,sn_kjOrdinalUniform_xnjNormal,22,3,BebmS,3,0.4577008653526059,0.9906603993732708,70.30478959480921,0.3880808080808081,0.0,7.559228650137741,0.086092715231788,,,100,100
726,0.21,sn_kjOrdinalUniform_xnjNormal,22,3,BebmS (Blind),3,0.4577008653526059,0.9906603993732708,85.48281577428182,0.3859259259259259,0.0,5.841597796143251,0.4701986754966887,,2.0,100,100
726,0.21,sn_kjOrdinalUniform_xnjNormal,22,3,Random Guessing,3,0.4577008653526059,0.9906603993732708,0.0,0.5021505699878297,-0.0015422829344617,36.951790633608816,5.66887417218543,,2.0,100,100
726,0.21,sn_kjOrdinalUniform_xnjNormal,22,3,SuStaIn (GMM),3,0.4577008653526059,0.9906603993732708,127.73023018836976,0.3565656565656565,0.0169413006119337,17.02341597796143,31.58940397350993,,,100,100
726,0.21,sn_kjOrdinalUniform_xnjNormal,22,3,SuStaIn (KDE),3,0.4577008653526059,0.9906603993732708,158.34321612914405,0.3214814814814815,0.0117161470709859,19.519283746556475,22.6158940397351,,,100,100
726,0.21,sn_kjOrdinalUniform_xnjNormal,23,3,BebmS,3,0.3148884318376519,0.9777577757775776,92.24200587272644,0.3771717171717171,-0.0002449609334901,5.511724137931035,0.0993377483443708,,,100,100
726,0.21,sn_kjOrdinalUniform_xnjNormal,23,3,BebmS (Blind),3,0.3148884318376519,0.9777577757775776,117.03083542585372,0.3626262626262626,0.0,6.488275862068965,0.0132450331125827,,2.0,100,100
726,0.21,sn_kjOrdinalUniform_xnjNormal,23,3,Random Guessing,3,0.3148884318376519,0.9777577757775776,0.0,0.5005770752297313,-0.00309708704688,36.89793103448276,6.350993377483444,,2.0,100,100
726,0.21,sn_kjOrdinalUniform_xnjNormal,23,3,SuStaIn (GMM),3,0.3148884318376519,0.9777577757775776,735.7074790159861,0.3220875420875421,0.0091806738030755,19.14896551724138,33.152317880794705,,,100,100
726,0.21,sn_kjOrdinalUniform_xnjNormal,23,3,SuStaIn (KDE),3,0.3148884318376519,0.9777577757775776,697.1968717535336,0.3320538720538721,0.0044644823754916,16.593103448275862,18.549668874172184,,,100,100
726,0.21,sn_kjOrdinalUniform_xnjNormal,24,3,BebmS,3,0.042989502120555,0.5037743774377438,83.25643500884374,0.2017508417508417,0.6219420983145896,4.949035812672176,0.0266666666666666,,,100,100
726,0.21,sn_kjOrdinalUniform_xnjNormal,24,3,BebmS (Blind),3,0.042989502120555,0.5037743774377438,121.44918405214943,0.2557575757575758,0.5438489686819371,5.209366391184573,0.04,,2.0,100,100
726,0.21,sn_kjOrdinalUniform_xnjNormal,24,3,Random Guessing,3,0.042989502120555,0.5037743774377438,0.0,0.4926007409412449,0.0010703469113603,36.88567493112948,6.126666666666667,,2.0,100,100
726,0.21,sn_kjOrdinalUniform_xnjNormal,24,3,SuStaIn (GMM),3,0.042989502120555,0.5037743774377438,648.1459290186564,0.3365656565656565,0.7356733536612208,15.830578512396697,27.586666666666662,,,100,100
726,0.21,sn_kjOrdinalUniform_xnjNormal,24,3,SuStaIn (KDE),3,0.042989502120555,0.5037743774377438,503.2212791760763,0.3206060606060606,0.3260463639573501,15.629476584022038,19.526666666666667,,,100,100
726,0.21,sn_kjOrdinalUniform_xnjNormal,25,3,BebmS,3,0.4407371623668807,0.9908790879087908,69.43821159998576,0.4016161616161616,0.0,7.450413223140496,0.0397350993377483,,,100,100
726,0.21,sn_kjOrdinalUniform_xnjNormal,25,3,BebmS (Blind),3,0.4407371623668807,0.9908790879087908,84.50938369433085,0.3721212121212121,0.0,5.853994490358127,1.086092715231788,,2.0,100,100
726,0.21,sn_kjOrdinalUniform_xnjNormal,25,3,Random Guessing,3,0.4407371623668807,0.9908790879087908,0.0,0.4875053203845907,-0.0032050204609884,37.16666666666666,6.569536423841059,,2.0,100,100
726,0.21,sn_kjOrdinalUniform_xnjNormal,25,3,SuStaIn (GMM),3,0.4407371623668807,0.9908790879087908,536.0401417930921,0.3275420875420875,0.001258662506426,15.827823691460056,26.033112582781456,,,100,100
726,0.21,sn_kjOrdinalUniform_xnjNormal,25,3,SuStaIn (KDE),3,0.4407371623668807,0.9908790879087908,592.3891665577888,0.3502356902356902,-0.0008971881201487,18.83884297520661,23.06622516556292,,,100,100
726,0.21,sn_kjOrdinalUniform_xnjNormal,26,3,BebmS,3,0.4398001105734109,0.9912071207120712,68.73464809656143,0.3867340067340067,0.0,7.268595041322314,0.0933333333333333,,,100,100
726,0.21,sn_kjOrdinalUniform_xnjNormal,26,3,BebmS (Blind),3,0.4398001105734109,0.9912071207120712,84.9314331293106,0.4115151515151515,0.0,8.990358126721762,0.2466666666666666,,0.0,100,100
726,0.21,sn_kjOrdinalUniform_xnjNormal,26,3,Random Guessing,3,0.4398001105734109,0.9912071207120712,0.0,0.5048494073585873,-0.000990333147064,37.11570247933884,6.18,,0.0,100,100
726,0.21,sn_kjOrdinalUniform_xnjNormal,26,3,SuStaIn (GMM),3,0.4398001105734109,0.9912071207120712,542.7482582290967,0.2852525252525252,-0.0106202002259945,16.86914600550964,30.14666666666667,,,100,100
726,0.21,sn_kjOrdinalUniform_xnjNormal,26,3,SuStaIn (KDE),3,0.4398001105734109,0.9912071207120712,629.705851093928,0.3721212121212121,0.0045765091373407,19.15564738292011,21.16,,,100,100
726,0.21,sn_kjOrdinalUniform_xnjNormal,27,3,BebmS,3,0.3421740210828384,0.9786778677867788,69.29303832848866,0.3842424242424243,0.0,5.528275862068965,0.0,,,100,100
726,0.21,sn_kjOrdinalUniform_xnjNormal,27,3,BebmS (Blind),3,0.3421740210828384,0.9786778677867788,84.22072302103042,0.3407407407407407,0.0101076558471581,6.052413793103448,0.0,,1.0,100,100
726,0.21,sn_kjOrdinalUniform_xnjNormal,27,3,Random Guessing,3,0.3421740210828384,0.9786778677867788,0.0,0.5159669219262756,-0.0009563933880664,36.59724137931035,5.947019867549669,,1.0,100,100
726,0.21,sn_kjOrdinalUniform_xnjNormal,27,3,SuStaIn (GMM),3,0.3421740210828384,0.9786778677867788,568.2212171117465,0.3130639730639731,0.0074145624165582,19.09103448275862,34.93377483443709,,,100,100
726,0.21,sn_kjOrdinalUniform_xnjNormal,27,3,SuStaIn (KDE),3,0.3421740210828384,0.9786778677867788,594.1222753961881,0.3533333333333333,-0.0005829669676182,16.47586206896552,18.88741721854305,,,100,100
726,0.21,sn_kjOrdinalUniform_xnjNormal,28,3,BebmS,3,0.4241351573695359,0.987948128146148,75.7944469889005,0.3808080808080807,0.0,4.80551724137931,0.0397350993377483,,,100,100
726,0.21,sn_kjOrdinalUniform_xnjNormal,28,3,BebmS (Blind),3,0.4241351573695359,0.987948128146148,95.01897203524908,0.3836363636363636,0.0,5.3806896551724135,0.8543046357615894,,0.0,100,100
726,0.21,sn_kjOrdinalUniform_xnjNormal,28,3,Random Guessing,3,0.4241351573695359,0.987948128146148,0.0,0.5084875969323067,-0.0028598550120787,36.99172413793104,6.556291390728477,,0.0,100,100
726,0.21,sn_kjOrdinalUniform_xnjNormal,28,3,SuStaIn (GMM),3,0.4241351573695359,0.987948128146148,739.1886702140172,0.3030976430976431,0.0089204827164425,17.431724137931035,29.62251655629139,,,100,100
726,0.21,sn_kjOrdinalUniform_xnjNormal,28,3,SuStaIn (KDE),3,0.4241351573695359,0.987948128146148,517.8055877486864,0.3651178451178451,-0.0024203984160837,19.96551724137931,24.67549668874172,,,100,100
726,0.21,sn_kjOrdinalUniform_xnjNormal,29,3,BebmS,3,0.4852208935649235,0.992001866853352,75.8576778570811,0.4101683501683502,0.0,5.449655172413793,0.0,,,100,100
726,0.21,sn_kjOrdinalUniform_xnjNormal,29,3,BebmS (Blind),3,0.4852208935649235,0.992001866853352,92.86617213487624,0.3479461279461279,0.0,5.968275862068966,0.0,,2.0,100,100
726,0.21,sn_kjOrdinalUniform_xnjNormal,29,3,Random Guessing,3,0.4852208935649235,0.992001866853352,0.0,0.5065908899063594,-0.000664015903332,36.56551724137931,5.9072847682119205,,2.0,100,100
726,0.21,sn_kjOrdinalUniform_xnjNormal,29,3,SuStaIn (GMM),3,0.4852208935649235,0.992001866853352,678.0317880312601,0.368080808080808,0.0076349931228443,19.864827586206896,34.29139072847682,,,100,100
726,0.21,sn_kjOrdinalUniform_xnjNormal,29,3,SuStaIn (KDE),3,0.4852208935649235,0.992001866853352,554.3508911967277,0.3721212121212121,-0.0027242814466357,19.722758620689657,23.364238410596027,,,100,100
726,0.21,sn_kjOrdinalUniform_xnjNormal,30,3,BebmS,3,0.1805935069446942,0.941879521285462,69.17301474014918,0.3548148148148147,-0.0395293981914367,6.8068965517241375,0.0986842105263157,,,100,100
726,0.21,sn_kjOrdinalUniform_xnjNormal,30,3,BebmS (Blind),3,0.1805935069446942,0.941879521285462,84.09627355734507,0.3775757575757576,-0.0028002682231887,4.954482758620689,0.1184210526315789,,0.0,100,100
726,0.21,sn_kjOrdinalUniform_xnjNormal,30,3,Random Guessing,3,0.1805935069446942,0.941879521285462,0.0,0.4920875180933657,-0.0011600839571873,38.61793103448276,6.3618421052631575,,0.0,100,100
726,0.21,sn_kjOrdinalUniform_xnjNormal,30,3,SuStaIn (GMM),3,0.1805935069446942,0.941879521285462,609.965730047226,0.355016835016835,0.1939370045157736,18.685517241379312,35.28947368421053,,,100,100
726,0.21,sn_kjOrdinalUniform_xnjNormal,30,3,SuStaIn (KDE),3,0.1805935069446942,0.941879521285462,534.0936241428058,0.3107070707070707,-0.0007273595926053,16.175172413793103,19.68421052631579,,,100,100
726,0.21,sn_kjOrdinalUniform_xnjNormal,31,3,BebmS,3,0.1512098530683621,0.8873033970063673,89.96321924924851,0.3065993265993266,0.0280278710588889,6.855172413793103,0.1920529801324503,,,100,100
726,0.21,sn_kjOrdinalUniform_xnjNormal,31,3,BebmS (Blind),3,0.1512098530683621,0.8873033970063673,93.87515445152918,0.2901683501683501,0.4367389804066691,7.197241379310345,0.0728476821192053,,2.0,100,100
726,0.21,sn_kjOrdinalUniform_xnjNormal,31,3,Random Guessing,3,0.1512098530683621,0.8873033970063673,0.0,0.4857990841586234,-0.0035688823809535,36.56413793103448,5.973509933774834,,2.0,100,100
726,0.21,sn_kjOrdinalUniform_xnjNormal,31,3,SuStaIn (GMM),3,0.1512098530683621,0.8873033970063673,210.0095541556676,0.3264646464646464,0.5303379666277758,19.28137931034483,36.06622516556291,,,100,100
726,0.21,sn_kjOrdinalUniform_xnjNormal,31,3,SuStaIn (KDE),3,0.1512098530683621,0.8873033970063673,200.0352400501569,0.3638383838383838,0.0031666751647736,20.13655172413793,25.00662251655629,,,100,100
726,0.21,sn_kjOrdinalUniform_xnjNormal,32,3,BebmS,3,0.3829052577395846,0.9876974364103076,70.78068606456121,0.3906397306397307,0.0,3.758953168044077,0.0733333333333333,,,100,100
726,0.21,sn_kjOrdinalUniform_xnjNormal,32,3,BebmS (Blind),3,0.3829052577395846,0.9876974364103076,102.17018083333969,0.4002020202020202,0.0005555867575075,6.3347107438016526,0.68,,2.0,100,100
726,0.21,sn_kjOrdinalUniform_xnjNormal,32,3,Random Guessing,3,0.3829052577395846,0.9876974364103076,0.0,0.4889994205511495,-0.0028813057108588,36.24931129476584,6.346666666666667,,2.0,100,100
726,0.21,sn_kjOrdinalUniform_xnjNormal,32,3,SuStaIn (GMM),3,0.3829052577395846,0.9876974364103076,169.65712074041366,0.3371043771043771,0.0033685868522776,20.017906336088156,33.76,,,100,100
726,0.21,sn_kjOrdinalUniform_xnjNormal,32,3,SuStaIn (KDE),3,0.3829052577395846,0.9876974364103076,190.61785245339075,0.3082154882154882,-0.0030271953114988,16.53443526170799,19.813333333333333,,,100,100
726,0.21,sn_kjOrdinalUniform_xnjNormal,33,3,BebmS,3,0.2131922583467445,0.9546434643464348,81.49196436007817,0.411043771043771,0.0,10.413793103448276,0.0,,,100,100
726,0.21,sn_kjOrdinalUniform_xnjNormal,33,3,BebmS (Blind),3,0.2131922583467445,0.9546434643464348,99.43382563988368,0.4203367003367003,0.0018873046153931,13.08,0.0264900662251655,,2.0,100,100
726,0.21,sn_kjOrdinalUniform_xnjNormal,33,3,Random Guessing,3,0.2131922583467445,0.9546434643464348,0.0,0.4922719670839532,-0.0022394958760103,37.602758620689656,5.927152317880795,,2.0,100,100
726,0.21,sn_kjOrdinalUniform_xnjNormal,33,3,SuStaIn (GMM),3,0.2131922583467445,0.9546434643464348,659.1258432586988,0.3855892255892256,0.0301335839081709,21.72689655172414,35.66225165562914,,,100,100
726,0.21,sn_kjOrdinalUniform_xnjNormal,33,3,SuStaIn (KDE),3,0.2131922583467445,0.9546434643464348,548.3022765000661,0.311043771043771,0.0071064186553725,17.769655172413792,20.47019867549669,,,100,100
726,0.21,sn_kjOrdinalUniform_xnjNormal,34,3,BebmS,3,0.4542813868307995,0.9905403873720704,74.96025510629018,0.3862626262626262,0.0,10.119834710743802,0.12,,,100,100
726,0.21,sn_kjOrdinalUniform_xnjNormal,34,3,BebmS (Blind),3,0.4542813868307995,0.9905403873720704,95.0438187042872,0.4080808080808081,0.0,6.180440771349862,0.0,,1.0,100,100
726,0.21,sn_kjOrdinalUniform_xnjNormal,34,3,Random Guessing,3,0.4542813868307995,0.9905403873720704,0.0,0.4854970584211432,0.0054668030081979,37.8732782369146,5.773333333333333,,1.0,100,100
726,0.21,sn_kjOrdinalUniform_xnjNormal,34,3,SuStaIn (GMM),3,0.4542813868307995,0.9905403873720704,229.9273828148842,0.4317845117845117,0.0024126737389178,22.169421487603305,39.333333333333336,,,100,100
726,0.21,sn_kjOrdinalUniform_xnjNormal,34,3,SuStaIn (KDE),3,0.4542813868307995,0.9905403873720704,247.3739340384801,0.3169696969696969,0.0005548074882382,16.128099173553718,20.746666666666663,,,100,100
726,0.21,sn_kjOrdinalUniform_xnjNormal,35,3,BebmS,3,0.1042328121586924,0.8304870487048704,119.7342210650444,0.4479461279461279,0.0,11.325068870523417,0.0066666666666666,,,100,100
726,0.21,sn_kjOrdinalUniform_xnjNormal,35,3,BebmS (Blind),3,0.1042328121586924,0.8304870487048704,153.08851127227146,0.4193939393939394,0.0,10.444903581267218,0.0,,2.0,100,100
726,0.21,sn_kjOrdinalUniform_xnjNormal,35,3,Random Guessing,3,0.1042328121586924,0.8304870487048704,0.0,0.4839868151058932,-0.002165246585796,37.21349862258953,6.626666666666667,,2.0,100,100
726,0.21,sn_kjOrdinalUniform_xnjNormal,35,3,SuStaIn (GMM),3,0.1042328121586924,0.8304870487048704,198.0323712627093,0.3663973063973064,0.5340454010186592,22.260330578512395,39.11333333333334,,,100,100
726,0.21,sn_kjOrdinalUniform_xnjNormal,35,3,SuStaIn (KDE),3,0.1042328121586924,0.8304870487048704,232.3748554587364,0.3807407407407407,0.0621741504222053,19.074380165289256,22.593333333333334,,,100,100
726,0.21,sn_kjOrdinalUniform_xnjNormal,36,3,BebmS,3,0.0983365211792603,0.8227156048938227,79.38093312978745,0.3525925925925925,0.0049323050677966,9.26896551724138,0.0794701986754966,,,100,100
726,0.21,sn_kjOrdinalUniform_xnjNormal,36,3,BebmS (Blind),3,0.0983365211792603,0.8227156048938227,91.17732810576756,0.3934006734006734,0.0298299566117823,7.193103448275863,0.1258278145695364,,1.0,100,100
726,0.21,sn_kjOrdinalUniform_xnjNormal,36,3,Random Guessing,3,0.0983365211792603,0.8227156048938227,0.0,0.4946255580044446,-0.0024430526472302,36.241379310344826,6.052980132450331,,1.0,100,100
726,0.21,sn_kjOrdinalUniform_xnjNormal,36,3,SuStaIn (GMM),3,0.0983365211792603,0.8227156048938227,307.0931347250938,0.2925925925925925,0.319301221170739,15.773793103448275,25.814569536423843,,,100,100
726,0.21,sn_kjOrdinalUniform_xnjNormal,36,3,SuStaIn (KDE),3,0.0983365211792603,0.8227156048938227,361.1536644657453,0.3301010101010101,0.0522455465517658,16.864827586206896,15.993377483443709,,,100,100
726,0.21,sn_kjOrdinalUniform_xnjNormal,37,3,BebmS,3,0.2123207482440264,0.9522992299229924,70.294399925073,0.3911784511784511,0.0002101321698409,10.46896551724138,0.0397350993377483,,,100,100
726,0.21,sn_kjOrdinalUniform_xnjNormal,37,3,BebmS (Blind),3,0.2123207482440264,0.9522992299229924,87.18870544830958,0.389023569023569,-6.997123641496518e-06,5.173793103448276,0.0596026490066225,,2.0,100,100
726,0.21,sn_kjOrdinalUniform_xnjNormal,37,3,Random Guessing,3,0.2123207482440264,0.9522992299229924,0.0,0.4844574816626159,0.003275576715578,36.89241379310345,6.09271523178808,,2.0,100,100
726,0.21,sn_kjOrdinalUniform_xnjNormal,37,3,SuStaIn (GMM),3,0.2123207482440264,0.9522992299229924,239.67997917731603,0.3402693602693603,0.0262488796441816,19.525517241379312,31.28476821192053,,,100,100
726,0.21,sn_kjOrdinalUniform_xnjNormal,37,3,SuStaIn (KDE),3,0.2123207482440264,0.9522992299229924,371.38244171937305,0.3287542087542087,0.0021182518922295,17.17103448275862,19.47682119205298,,,100,100
726,0.21,sn_kjOrdinalUniform_xnjNormal,38,3,BebmS,3,0.0245268846119624,0.3894482781611494,69.47602144479751,0.1672053872053872,0.8617020059231293,3.6717241379310335,0.0264900662251655,,,100,100
726,0.21,sn_kjOrdinalUniform_xnjNormal,38,3,BebmS (Blind),3,0.0245268846119624,0.3894482781611494,84.21363074382147,0.205050505050505,0.6036415194216563,6.222068965517241,0.0463576158940397,,3.0,100,100
726,0.21,sn_kjOrdinalUniform_xnjNormal,38,3,Random Guessing,3,0.0245268846119624,0.3894482781611494,0.0,0.4737124714596608,-0.0022432490482262,37.77793103448276,6.317880794701987,,3.0,100,100
726,0.21,sn_kjOrdinalUniform_xnjNormal,38,3,SuStaIn (GMM),3,0.0245268846119624,0.3894482781611494,210.6975084503492,0.3623569023569024,0.8252635094241474,19.65793103448276,34.496688741721854,,,100,100
726,0.21,sn_kjOrdinalUniform_xnjNormal,38,3,SuStaIn (KDE),3,0.0245268846119624,0.3894482781611494,217.6752149661382,0.3410774410774411,0.3805361873807602,17.69655172413793,21.85430463576159,,,100,100
726,0.21,sn_kjOrdinalUniform_xnjNormal,39,3,BebmS,3,0.0711790337048295,0.7430756408974231,71.5605875134468,0.3456565656565656,0.0980173414864447,6.386740331491713,0.0198675496688741,,,100,100
726,0.21,sn_kjOrdinalUniform_xnjNormal,39,3,BebmS (Blind),3,0.0711790337048295,0.7430756408974231,87.21305604775746,0.3767676767676768,0.0747440883773342,7.156077348066298,0.9536423841059604,,1.0,100,100
726,0.21,sn_kjOrdinalUniform_xnjNormal,39,3,Random Guessing,3,0.0711790337048295,0.7430756408974231,0.0,0.4898178447469545,-0.0010646204593284,37.14364640883978,6.496688741721854,,1.0,100,100
726,0.21,sn_kjOrdinalUniform_xnjNormal,39,3,SuStaIn (GMM),3,0.0711790337048295,0.7430756408974231,561.4747825781504,0.4537373737373737,0.2804776308863078,22.94613259668508,38.65562913907285,,,100,100
726,0.21,sn_kjOrdinalUniform_xnjNormal,39,3,SuStaIn (KDE),3,0.0711790337048295,0.7430756408974231,548.5915799101193,0.3661952861952862,0.0129952640502348,16.70718232044199,19.39072847682119,,,100,100
726,0.21,sn_kjOrdinalUniform_xnjNormal,40,3,BebmS,3,0.2455425670636083,0.9693356002266892,69.43069658279418,0.4324579124579124,0.0,7.886896551724138,0.0331125827814569,,,100,100
726,0.21,sn_kjOrdinalUniform_xnjNormal,40,3,BebmS (Blind),3,0.2455425670636083,0.9693356002266892,88.02726885080338,0.3555555555555555,0.1574769852436188,8.08,0.0264900662251655,,0.0,100,100
726,0.21,sn_kjOrdinalUniform_xnjNormal,40,3,Random Guessing,3,0.2455425670636083,0.9693356002266892,0.0,0.5138937337880018,0.0020330674246866,37.30068965517241,5.900662251655629,,0.0,100,100
726,0.21,sn_kjOrdinalUniform_xnjNormal,40,3,SuStaIn (GMM),3,0.2455425670636083,0.9693356002266892,642.5931744297345,0.3439057239057239,0.1418674639430251,23.28,42.25165562913907,,,100,100
726,0.21,sn_kjOrdinalUniform_xnjNormal,40,3,SuStaIn (KDE),3,0.2455425670636083,0.9693356002266892,511.1556622107824,0.3622895622895623,0.0112446874371651,18.169655172413798,22.781456953642383,,,100,100
726,0.21,sn_kjOrdinalUniform_xnjNormal,41,3,BebmS,3,0.1573797381467204,0.9223042304230424,68.59152832428614,0.3282154882154882,-0.0002256010957951,8.212413793103448,0.1390728476821192,,,100,100
726,0.21,sn_kjOrdinalUniform_xnjNormal,41,3,BebmS (Blind),3,0.1573797381467204,0.9223042304230424,82.61727204322816,0.4030976430976431,0.001672547708014,8.237241379310344,0.0331125827814569,,3.0,100,100
726,0.21,sn_kjOrdinalUniform_xnjNormal,41,3,Random Guessing,3,0.1573797381467204,0.9223042304230424,0.0,0.4979079195702542,0.0018089289287948,36.15448275862069,6.178807947019868,,3.0,100,100
726,0.21,sn_kjOrdinalUniform_xnjNormal,41,3,SuStaIn (GMM),3,0.1573797381467204,0.9223042304230424,551.4194503744443,0.323030303030303,0.0622704062229831,19.489655172413794,31.6953642384106,,,100,100
726,0.21,sn_kjOrdinalUniform_xnjNormal,41,3,SuStaIn (KDE),3,0.1573797381467204,0.9223042304230424,595.0509576400121,0.3239057239057238,0.0005935438162081,17.21103448275862,20.79470198675497,,,100,100
726,0.21,sn_kjOrdinalUniform_xnjNormal,42,3,BebmS,3,0.1647443569860714,0.934036070273694,69.65767222642899,0.4076767676767677,0.0006320272910258,14.175172413793105,0.0,,,100,100
726,0.21,sn_kjOrdinalUniform_xnjNormal,42,3,BebmS (Blind),3,0.1647443569860714,0.934036070273694,84.92278754313787,0.3683501683501682,0.0125521118412233,10.69793103448276,0.304635761589404,,0.0,100,100
726,0.21,sn_kjOrdinalUniform_xnjNormal,42,3,Random Guessing,3,0.1647443569860714,0.934036070273694,0.0,0.4793012655836264,9.194139210317216e-05,35.94344827586207,5.933774834437086,,0.0,100,100
726,0.21,sn_kjOrdinalUniform_xnjNormal,42,3,SuStaIn (GMM),3,0.1647443569860714,0.934036070273694,564.7640001614889,0.3228282828282828,0.1536786155560737,16.715862068965517,24.88741721854305,,,100,100
726,0.21,sn_kjOrdinalUniform_xnjNormal,42,3,SuStaIn (KDE),3,0.1647443569860714,0.934036070273694,505.2720376690229,0.3278114478114478,0.0026141070628757,20.03448275862069,19.423841059602648,,,100,100
726,0.21,sn_kjOrdinalUniform_xnjNormal,43,3,BebmS,3,0.206707566256578,0.9385938593859386,75.32099463144938,0.4376430976430976,0.0027172599885009,10.019310344827586,0.1721854304635761,,,100,100
726,0.21,sn_kjOrdinalUniform_xnjNormal,43,3,BebmS (Blind),3,0.206707566256578,0.9385938593859386,95.06504680713016,0.3331313131313131,-0.0024934673586714,8.426206896551724,0.7019867549668874,,3.0,100,100
726,0.21,sn_kjOrdinalUniform_xnjNormal,43,3,Random Guessing,3,0.206707566256578,0.9385938593859386,0.0,0.513421298699929,0.0002526443059731,38.433103448275865,6.251655629139073,,3.0,100,100
726,0.21,sn_kjOrdinalUniform_xnjNormal,43,3,SuStaIn (GMM),3,0.206707566256578,0.9385938593859386,320.2653983751933,0.3481481481481481,0.0464229180291982,20.326896551724136,37.25827814569536,,,100,100
726,0.21,sn_kjOrdinalUniform_xnjNormal,43,3,SuStaIn (KDE),3,0.206707566256578,0.9385938593859386,242.2675056974093,0.3012794612794613,-0.0051203247327568,16.74896551724138,19.52980132450331,,,100,100
726,0.21,sn_kjOrdinalUniform_xnjNormal,44,3,BebmS,3,0.2672551789035824,0.9721785511884522,71.48577744960785,0.3686868686868687,0.0,5.913223140495868,0.0733333333333333,,,100,100
726,0.21,sn_kjOrdinalUniform_xnjNormal,44,3,BebmS (Blind),3,0.2672551789035824,0.9721785511884522,98.690010480086,0.4121885521885522,0.0011236237086079,7.243801652892562,0.12,,0.0,100,100
726,0.21,sn_kjOrdinalUniform_xnjNormal,44,3,Random Guessing,3,0.2672551789035824,0.9721785511884522,0.0,0.4682183673451807,0.0007814969386532,37.68595041322314,6.36,,0.0,100,100
726,0.21,sn_kjOrdinalUniform_xnjNormal,44,3,SuStaIn (GMM),3,0.2672551789035824,0.9721785511884522,597.6371194203695,0.3526599326599327,0.0100149636209142,20.74793388429752,36.88,,,100,100
726,0.21,sn_kjOrdinalUniform_xnjNormal,44,3,SuStaIn (KDE),3,0.2672551789035824,0.9721785511884522,540.6451884667079,0.34,-0.0028019899924515,17.46969696969697,19.313333333333333,,,100,100
726,0.21,sn_kjOrdinalUniform_xnjNormal,45,3,BebmS,3,0.3631515346873107,0.987958795879588,70.50277569293976,0.4169023569023569,0.0,6.982068965517241,0.1059602649006622,,,100,100
726,0.21,sn_kjOrdinalUniform_xnjNormal,45,3,BebmS (Blind),3,0.3631515346873107,0.987958795879588,85.30465178092321,0.4090909090909091,0.0,9.216551724137933,0.0993377483443708,,2.0,100,100
726,0.21,sn_kjOrdinalUniform_xnjNormal,45,3,Random Guessing,3,0.3631515346873107,0.987958795879588,0.0,0.5067943474388888,-0.0010782512765779,37.172413793103445,5.953642384105961,,2.0,100,100
726,0.21,sn_kjOrdinalUniform_xnjNormal,45,3,SuStaIn (GMM),3,0.3631515346873107,0.987958795879588,155.16835143168768,0.3643097643097643,-0.0157693189220129,20.762758620689656,35.41059602649007,,,100,100
726,0.21,sn_kjOrdinalUniform_xnjNormal,45,3,SuStaIn (KDE),3,0.3631515346873107,0.987958795879588,177.15342303117117,0.3484175084175084,-0.0059001952854874,16.831724137931033,19.49668874172185,,,100,100
726,0.21,sn_kjOrdinalUniform_xnjNormal,46,3,BebmS,3,0.2772913417099289,0.9748801546821348,73.5457435131073,0.3709090909090909,0.0,7.169421487603306,0.1733333333333333,,,100,100
726,0.21,sn_kjOrdinalUniform_xnjNormal,46,3,BebmS (Blind),3,0.2772913417099289,0.9748801546821348,91.07965094248452,0.3952861952861953,0.0,8.378787878787879,0.0733333333333333,,2.0,100,100
726,0.21,sn_kjOrdinalUniform_xnjNormal,46,3,Random Guessing,3,0.2772913417099289,0.9748801546821348,0.0,0.4945955113665086,0.0023533807218197,37.31267217630854,5.86,,2.0,100,100
726,0.21,sn_kjOrdinalUniform_xnjNormal,46,3,SuStaIn (GMM),3,0.2772913417099289,0.9748801546821348,304.7539479494095,0.3578451178451178,0.0277437028478529,20.294765840220386,36.16666666666666,,,100,100
726,0.21,sn_kjOrdinalUniform_xnjNormal,46,3,SuStaIn (KDE),3,0.2772913417099289,0.9748801546821348,346.76706152359645,0.331986531986532,0.0067905964828631,18.359504132231404,22.973333333333333,,,100,100
726,0.21,sn_kjOrdinalUniform_xnjNormal,47,3,BebmS,3,0.2864565776191066,0.97010634396773,79.57588880459467,0.3659932659932659,0.0,6.886896551724138,0.0198675496688741,,,100,100
726,0.21,sn_kjOrdinalUniform_xnjNormal,47,3,BebmS (Blind),3,0.2864565776191066,0.97010634396773,99.60613798300425,0.3901010101010101,0.0,7.773793103448276,0.0,,1.0,100,100
726,0.21,sn_kjOrdinalUniform_xnjNormal,47,3,Random Guessing,3,0.2864565776191066,0.97010634396773,0.0,0.5111600786371393,0.0033600687910411,38.07448275862069,6.132450331125828,,1.0,100,100
726,0.21,sn_kjOrdinalUniform_xnjNormal,47,3,SuStaIn (GMM),3,0.2864565776191066,0.97010634396773,201.95581457614895,0.3872727272727272,-0.0042003843435495,24.38344827586207,43.29139072847682,,,100,100
726,0.21,sn_kjOrdinalUniform_xnjNormal,47,3,SuStaIn (KDE),3,0.2864565776191066,0.97010634396773,198.2659982085228,0.3528619528619528,-0.0110874396785929,14.315862068965515,15.774834437086092,,,100,100
726,0.21,sn_kjOrdinalUniform_xnjNormal,48,3,BebmS,3,0.3184948838860129,0.9762349568290164,69.58032577435175,0.4082154882154882,0.0,8.546831955922865,0.2133333333333333,,,100,100
726,0.21,sn_kjOrdinalUniform_xnjNormal,48,3,BebmS (Blind),3,0.3184948838860129,0.9762349568290164,85.24674778779348,0.3621548821548822,0.003688711592991,7.088154269972452,0.2133333333333333,,3.0,100,100
726,0.21,sn_kjOrdinalUniform_xnjNormal,48,3,Random Guessing,3,0.3184948838860129,0.9762349568290164,0.0,0.4965860950235437,-0.0007102217088381,38.34573002754821,6.3,,3.0,100,100
726,0.21,sn_kjOrdinalUniform_xnjNormal,48,3,SuStaIn (GMM),3,0.3184948838860129,0.9762349568290164,181.31329446633657,0.4372390572390572,0.0228695113887649,24.951790633608816,40.66,,,100,100
726,0.21,sn_kjOrdinalUniform_xnjNormal,48,3,SuStaIn (KDE),3,0.3184948838860129,0.9762349568290164,203.8891217509905,0.3684175084175085,0.0088280901793605,17.325068870523417,19.973333333333333,,,100,100
726,0.21,sn_kjOrdinalUniform_xnjNormal,49,3,BebmS,3,0.3461142617503745,0.981907524085742,75.42371955712636,0.3714478114478114,0.0,3.265840220385675,0.02,,,100,100
726,0.21,sn_kjOrdinalUniform_xnjNormal,49,3,BebmS (Blind),3,0.3461142617503745,0.981907524085742,96.90772695144018,0.3520538720538721,-0.0006912700143222,5.736914600550964,0.0,,1.0,100,100
726,0.21,sn_kjOrdinalUniform_xnjNormal,49,3,Random Guessing,3,0.3461142617503745,0.981907524085742,0.0,0.4992246227803382,0.0012743861324803,37.807162534435264,6.293333333333333,,1.0,100,100
726,0.21,sn_kjOrdinalUniform_xnjNormal,49,3,SuStaIn (GMM),3,0.3461142617503745,0.981907524085742,560.6421575466792,0.3065993265993266,0.0041368420684805,19.08953168044077,36.60666666666667,,,100,100
726,0.21,sn_kjOrdinalUniform_xnjNormal,49,3,SuStaIn (KDE),3,0.3461142617503745,0.981907524085742,583.0362066268921,0.3143434343434343,-0.0039549542959278,16.639118457300274,20.906666666666663,,,100,100
726,0.21,xiNearNormalWithNoise_kjContinuousBeta_xnjNormal,0,9,BebmS,3,0.0479723072160286,0.5935380204687135,80.42337105671565,0.2828282828282828,0.5570680036841029,8.221763085399449,0.0266666666666666,,,100,100
726,0.21,xiNearNormalWithNoise_kjContinuousBeta_xnjNormal,0,9,BebmS (Blind),3,0.0479723072160286,0.5935380204687135,96.36504454215368,0.2587205387205387,0.5665077233099114,4.953168044077135,0.0066666666666666,,1.0,100,100
726,0.21,xiNearNormalWithNoise_kjContinuousBeta_xnjNormal,0,9,Random Guessing,3,0.0479723072160286,0.5935380204687135,0.0,0.5044586413811044,-0.0007583550121953,55.34573002754821,5.913333333333333,,1.0,100,100
726,0.21,xiNearNormalWithNoise_kjContinuousBeta_xnjNormal,0,9,SuStaIn (GMM),3,0.0479723072160286,0.5935380204687135,418.4073435425759,0.3735353535353535,0.6757074380909899,16.016528925619834,40.57333333333333,,,100,100
726,0.21,xiNearNormalWithNoise_kjContinuousBeta_xnjNormal,0,9,SuStaIn (KDE),3,0.0479723072160286,0.5935380204687135,622.8224029699961,0.3492929292929292,0.139705422380397,9.958677685950413,15.853333333333332,,,100,100
726,0.21,xiNearNormalWithNoise_kjContinuousBeta_xnjNormal,1,9,BebmS,3,0.3068698303199925,0.972917291729173,120.70415092309317,0.4190572390572391,0.0,7.652413793103448,0.0662251655629139,,,100,100
726,0.21,xiNearNormalWithNoise_kjContinuousBeta_xnjNormal,1,9,BebmS (Blind),3,0.3068698303199925,0.972917291729173,148.51067052284876,0.4543434343434343,0.0,11.812413793103447,0.2119205298013245,,1.0,100,100
726,0.21,xiNearNormalWithNoise_kjContinuousBeta_xnjNormal,1,9,Random Guessing,3,0.3068698303199925,0.972917291729173,0.0,0.5042786417743116,-0.0026136313812865,57.02068965517241,6.225165562913907,,1.0,100,100
726,0.21,xiNearNormalWithNoise_kjContinuousBeta_xnjNormal,1,9,SuStaIn (GMM),3,0.3068698303199925,0.972917291729173,690.5604100028673,0.332996632996633,0.1932903549972405,15.10344827586207,43.45695364238411,,,100,100
726,0.21,xiNearNormalWithNoise_kjContinuousBeta_xnjNormal,1,9,SuStaIn (KDE),3,0.3068698303199925,0.972917291729173,931.1930962085725,0.3092929292929292,-0.0024756513212317,9.696551724137931,18.311258278145694,,,100,100
726,0.21,xiNearNormalWithNoise_kjContinuousBeta_xnjNormal,2,9,BebmS,3,0.2015479451501748,0.955966263292996,68.78482845226924,0.3704377104377105,0.0158764861458907,5.743448275862069,0.0,,,100,100
726,0.21,xiNearNormalWithNoise_kjContinuousBeta_xnjNormal,2,9,BebmS (Blind),3,0.2015479451501748,0.955966263292996,83.82984172900518,0.393063973063973,0.0,6.835862068965517,0.2533333333333333,,2.0,100,100
726,0.21,xiNearNormalWithNoise_kjContinuousBeta_xnjNormal,2,9,Random Guessing,3,0.2015479451501748,0.955966263292996,0.0,0.5108055247787591,-0.0019878329527075,59.33103448275862,6.226666666666667,,2.0,100,100
726,0.21,xiNearNormalWithNoise_kjContinuousBeta_xnjNormal,2,9,SuStaIn (GMM),3,0.2015479451501748,0.955966263292996,470.3897422393163,0.3855218855218855,0.0505958633370821,15.124137931034484,42.00666666666667,,,100,100
726,0.21,xiNearNormalWithNoise_kjContinuousBeta_xnjNormal,2,9,SuStaIn (KDE),3,0.2015479451501748,0.955966263292996,544.4481180151304,0.3089562289562289,0.0080636175651116,9.49103448275862,19.086666666666662,,,100,100
726,0.21,xiNearNormalWithNoise_kjContinuousBeta_xnjNormal,3,9,BebmS,3,0.3875699478702477,0.9897776444311098,68.92225627104442,0.3589225589225588,0.0,4.137931034482759,0.0331125827814569,,,100,100
726,0.21,xiNearNormalWithNoise_kjContinuousBeta_xnjNormal,3,9,BebmS (Blind),3,0.3875699478702477,0.9897776444311098,84.44224118391672,0.3155555555555555,0.0031449492687578,3.506206896551724,0.0066225165562913,,1.0,100,100
726,0.21,xiNearNormalWithNoise_kjContinuousBeta_xnjNormal,3,9,Random Guessing,3,0.3875699478702477,0.9897776444311098,0.0,0.4950433430117669,0.0015034132989251,56.29379310344827,6.245033112582782,,1.0,100,100
726,0.21,xiNearNormalWithNoise_kjContinuousBeta_xnjNormal,3,9,SuStaIn (GMM),3,0.3875699478702477,0.9897776444311098,510.588105181853,0.2997306397306397,0.0025257352520428,13.782068965517242,39.50993377483444,,,100,100
726,0.21,xiNearNormalWithNoise_kjContinuousBeta_xnjNormal,3,9,SuStaIn (KDE),3,0.3875699478702477,0.9897776444311098,553.5468695282937,0.3108417508417508,0.0178514209832879,10.34206896551724,18.86754966887417,,,100,100
726,0.21,xiNearNormalWithNoise_kjContinuousBeta_xnjNormal,4,9,BebmS,3,0.4484236981457067,0.9898123145647898,68.4486571709315,0.3564309764309764,0.0,3.6418732782369143,0.0466666666666666,,,100,100
726,0.21,xiNearNormalWithNoise_kjContinuousBeta_xnjNormal,4,9,BebmS (Blind),3,0.4484236981457067,0.9898123145647898,83.52287930250168,0.4019528619528619,0.0,6.136363636363637,0.2533333333333333,,1.0,100,100
726,0.21,xiNearNormalWithNoise_kjContinuousBeta_xnjNormal,4,9,Random Guessing,3,0.4484236981457067,0.9898123145647898,0.0,0.4899263630247589,0.0001228031218455,57.103305785123965,5.8933333333333335,,1.0,100,100
726,0.21,xiNearNormalWithNoise_kjContinuousBeta_xnjNormal,4,9,SuStaIn (GMM),3,0.4484236981457067,0.9898123145647898,501.7418013095856,0.331043771043771,0.0186178685755155,14.37878787878788,39.12,,,100,100
726,0.21,xiNearNormalWithNoise_kjContinuousBeta_xnjNormal,4,9,SuStaIn (KDE),3,0.4484236981457067,0.9898123145647898,505.0591680169106,0.3228956228956228,0.0058634888355219,10.37878787878788,19.62,,,100,100
726,0.21,xiNearNormalWithNoise_kjContinuousBeta_xnjNormal,5,9,BebmS,3,0.0370075846925008,0.5267660099343268,68.67907892465591,0.1965656565656565,0.4983421903318235,3.776551724137931,0.0264900662251655,,,100,100
726,0.21,xiNearNormalWithNoise_kjContinuousBeta_xnjNormal,5,9,BebmS (Blind),3,0.0370075846925008,0.5267660099343268,83.89551536242168,0.2686195286195286,0.4915623500456957,4.863448275862069,0.0529801324503311,,1.0,100,100
726,0.21,xiNearNormalWithNoise_kjContinuousBeta_xnjNormal,5,9,Random Guessing,3,0.0370075846925008,0.5267660099343268,0.0,0.4974759144125185,-0.000845872958078,57.649655172413794,6.139072847682119,,1.0,100,100
726,0.21,xiNearNormalWithNoise_kjContinuousBeta_xnjNormal,5,9,SuStaIn (GMM),3,0.0370075846925008,0.5267660099343268,516.595818412304,0.3595286195286195,0.8072640345598466,14.464827586206896,42.49006622516556,,,100,100
726,0.21,xiNearNormalWithNoise_kjContinuousBeta_xnjNormal,5,9,SuStaIn (KDE),3,0.0370075846925008,0.5267660099343268,526.2765144745509,0.3428956228956228,0.2428785782355603,9.853793103448275,19.79470198675497,,,100,100
726,0.21,xiNearNormalWithNoise_kjContinuousBeta_xnjNormal,6,9,BebmS,3,0.0236357154313582,0.3436543654365436,75.12446071704228,0.2639057239057239,0.3919961569294978,4.157241379310345,0.0,,,100,100
726,0.21,xiNearNormalWithNoise_kjContinuousBeta_xnjNormal,6,9,BebmS (Blind),3,0.0236357154313582,0.3436543654365436,95.68639146486916,0.2928619528619529,0.5530385698302361,4.7172413793103445,0.0066225165562913,,1.0,100,100
726,0.21,xiNearNormalWithNoise_kjContinuousBeta_xnjNormal,6,9,Random Guessing,3,0.0236357154313582,0.3436543654365436,0.0,0.4852467019668954,-0.0001211433388806,59.49931034482759,6.09271523178808,,1.0,100,100
726,0.21,xiNearNormalWithNoise_kjContinuousBeta_xnjNormal,6,9,SuStaIn (GMM),3,0.0236357154313582,0.3436543654365436,268.27980516354245,0.3471380471380471,0.8429969405712545,13.801379310344828,40.85430463576159,,,100,100
726,0.21,xiNearNormalWithNoise_kjContinuousBeta_xnjNormal,6,9,SuStaIn (KDE),3,0.0236357154313582,0.3436543654365436,358.5483142693837,0.3931313131313131,0.3350919793599909,11.202758620689655,24.94039735099338,,,100,100
726,0.21,xiNearNormalWithNoise_kjContinuousBeta_xnjNormal,7,9,BebmS,3,0.4827274897355393,0.9914471447144716,69.35275325775146,0.3679461279461279,0.001011547646333,3.1848275862068967,0.0,,,100,100
726,0.21,xiNearNormalWithNoise_kjContinuousBeta_xnjNormal,7,9,BebmS (Blind),3,0.4827274897355393,0.9914471447144716,84.55507522026697,0.3560942760942761,0.0010237909729431,4.08,0.2105263157894736,,2.0,100,100
726,0.21,xiNearNormalWithNoise_kjContinuousBeta_xnjNormal,7,9,Random Guessing,3,0.4827274897355393,0.9914471447144716,0.0,0.5042715212626561,0.0056528909634998,56.34206896551724,6.0,,2.0,100,100
726,0.21,xiNearNormalWithNoise_kjContinuousBeta_xnjNormal,7,9,SuStaIn (GMM),3,0.4827274897355393,0.9914471447144716,581.6559215188026,0.3749494949494949,0.0665816318787666,16.030344827586205,45.41447368421053,,,100,100
726,0.21,xiNearNormalWithNoise_kjContinuousBeta_xnjNormal,7,9,SuStaIn (KDE),3,0.4827274897355393,0.9914471447144716,657.4936136007309,0.328013468013468,-0.0012337466809888,10.493793103448276,21.71710526315789,,,100,100
726,0.21,xiNearNormalWithNoise_kjContinuousBeta_xnjNormal,8,9,BebmS,3,0.1067048228083056,0.8411334466780012,69.26877385377884,0.3445791245791246,0.0180058524395832,6.983448275862069,0.1589403973509933,,,100,100
726,0.21,xiNearNormalWithNoise_kjContinuousBeta_xnjNormal,8,9,BebmS (Blind),3,0.1067048228083056,0.8411334466780012,84.23398540019988,0.3261279461279461,0.2459658486075004,5.139310344827586,0.0927152317880794,,1.0,100,100
726,0.21,xiNearNormalWithNoise_kjContinuousBeta_xnjNormal,8,9,Random Guessing,3,0.1067048228083056,0.8411334466780012,0.0,0.4827589824463625,-0.0014331099304216,56.53655172413793,5.7218543046357615,,1.0,100,100
726,0.21,xiNearNormalWithNoise_kjContinuousBeta_xnjNormal,8,9,SuStaIn (GMM),3,0.1067048228083056,0.8411334466780012,244.89098734060923,0.2971043771043771,0.4117137546276868,12.61103448275862,35.64238410596027,,,100,100
726,0.21,xiNearNormalWithNoise_kjContinuousBeta_xnjNormal,8,9,SuStaIn (KDE),3,0.1067048228083056,0.8411334466780012,310.38154679934183,0.3851851851851851,0.0034694144464431,11.21103448275862,19.543046357615893,,,100,100
726,0.21,xiNearNormalWithNoise_kjContinuousBeta_xnjNormal,9,9,BebmS,3,0.3725013051714338,0.9875267526752676,69.30889797608057,0.3786531986531987,0.0,3.4173553719008263,0.0132450331125827,,,100,100
726,0.21,xiNearNormalWithNoise_kjContinuousBeta_xnjNormal,9,9,BebmS (Blind),3,0.3725013051714338,0.9875267526752676,84.76869901418686,0.3945454545454545,0.0,4.84435261707989,0.1589403973509933,,3.0,100,100
726,0.21,xiNearNormalWithNoise_kjContinuousBeta_xnjNormal,9,9,Random Guessing,3,0.3725013051714338,0.9875267526752676,0.0,0.482390992719364,-0.0005084102001449,57.92011019283746,6.0,,3.0,100,100
726,0.21,xiNearNormalWithNoise_kjContinuousBeta_xnjNormal,9,9,SuStaIn (GMM),3,0.3725013051714338,0.9875267526752676,292.95127410093943,0.352996632996633,0.0089943500985229,13.377410468319558,35.94701986754967,,,100,100
726,0.21,xiNearNormalWithNoise_kjContinuousBeta_xnjNormal,9,9,SuStaIn (KDE),3,0.3725013051714338,0.9875267526752676,363.6596786657969,0.265050505050505,0.0058851270261568,8.34297520661157,16.24503311258278,,,100,100
726,0.21,xiNearNormalWithNoise_kjContinuousBeta_xnjNormal,10,9,BebmS,3,0.1907175853787279,0.9513044637797112,69.85548547506332,0.3926599326599326,0.0,3.537931034482759,0.0,,,100,100
726,0.21,xiNearNormalWithNoise_kjContinuousBeta_xnjNormal,10,9,BebmS (Blind),3,0.1907175853787279,0.9513044637797112,86.08958825667699,0.3412121212121212,0.0004122152678031,3.9572413793103447,1.456953642384106,,3.0,100,100
726,0.21,xiNearNormalWithNoise_kjContinuousBeta_xnjNormal,10,9,Random Guessing,3,0.1907175853787279,0.9513044637797112,0.0,0.490871362922884,-0.0026256824385542,56.27448275862069,6.052980132450331,,3.0,100,100
726,0.21,xiNearNormalWithNoise_kjContinuousBeta_xnjNormal,10,9,SuStaIn (GMM),3,0.1907175853787279,0.9513044637797112,1091.094032851855,0.3543434343434343,0.132627473969953,16.71034482758621,46.562913907284766,,,100,100
726,0.21,xiNearNormalWithNoise_kjContinuousBeta_xnjNormal,10,9,SuStaIn (KDE),3,0.1907175853787279,0.9513044637797112,836.7477967421214,0.3165656565656565,0.0213484289322801,9.375172413793104,16.132450331125828,,,100,100
726,0.21,xiNearNormalWithNoise_kjContinuousBeta_xnjNormal,11,9,BebmS,3,0.4386305420487385,0.9884015068173484,81.6614401658376,0.3943434343434343,0.0,6.2524137931034485,0.0,,,100,100
726,0.21,xiNearNormalWithNoise_kjContinuousBeta_xnjNormal,11,9,BebmS (Blind),3,0.4386305420487385,0.9884015068173484,99.87372325658798,0.4253198653198653,0.0,7.729655172413793,0.4304635761589404,,2.0,100,100
726,0.21,xiNearNormalWithNoise_kjContinuousBeta_xnjNormal,11,9,Random Guessing,3,0.4386305420487385,0.9884015068173484,0.0,0.4930323545601349,-0.0026262920707376,57.104827586206895,5.483443708609271,,2.0,100,100
726,0.21,xiNearNormalWithNoise_kjContinuousBeta_xnjNormal,11,9,SuStaIn (GMM),3,0.4386305420487385,0.9884015068173484,682.9228895306587,0.3754208754208754,0.0651826706994514,13.682758620689656,35.98675496688742,,,100,100
726,0.21,xiNearNormalWithNoise_kjContinuousBeta_xnjNormal,11,9,SuStaIn (KDE),3,0.4386305420487385,0.9884015068173484,644.226156214873,0.3156228956228956,0.0019645750713938,9.133793103448276,16.192052980132452,,,100,100
726,0.21,xiNearNormalWithNoise_kjContinuousBeta_xnjNormal,12,9,BebmS,3,0.0807435238240089,0.7968196819681969,80.97450320323308,0.3981818181818182,-0.0038306033170897,6.577931034482758,0.0986842105263157,,,100,100
726,0.21,xiNearNormalWithNoise_kjContinuousBeta_xnjNormal,12,9,BebmS (Blind),3,0.0807435238240089,0.7968196819681969,99.81069124937058,0.3459259259259259,0.0251221248884259,5.406896551724138,0.2960526315789473,,1.0,100,100
726,0.21,xiNearNormalWithNoise_kjContinuousBeta_xnjNormal,12,9,Random Guessing,3,0.0807435238240089,0.7968196819681969,0.0,0.4896029356849912,-5.029209717643306e-05,57.004137931034485,5.789473684210527,,1.0,100,100
726,0.21,xiNearNormalWithNoise_kjContinuousBeta_xnjNormal,12,9,SuStaIn (GMM),3,0.0807435238240089,0.7968196819681969,697.1365371624629,0.3876094276094275,0.4954245881073519,15.464827586206896,40.79605263157895,,,100,100
726,0.21,xiNearNormalWithNoise_kjContinuousBeta_xnjNormal,12,9,SuStaIn (KDE),3,0.0807435238240089,0.7968196819681969,664.9360226392746,0.3766329966329966,0.0020236729743825,12.00551724137931,22.36184210526316,,,100,100
726,0.21,xiNearNormalWithNoise_kjContinuousBeta_xnjNormal,13,9,BebmS,3,0.3158247692386685,0.9775284195086176,72.77859531641006,0.3567676767676768,0.0,3.0110344827586206,0.0,,,100,100
726,0.21,xiNearNormalWithNoise_kjContinuousBeta_xnjNormal,13,9,BebmS (Blind),3,0.3158247692386685,0.9775284195086176,92.169821814696,0.3663299663299663,0.0,5.830344827586207,0.1920529801324503,,2.0,100,100
726,0.21,xiNearNormalWithNoise_kjContinuousBeta_xnjNormal,13,9,Random Guessing,3,0.3158247692386685,0.9775284195086176,0.0,0.4954271865709297,-0.0014206016378172,57.18482758620689,6.589403973509934,,2.0,100,100
726,0.21,xiNearNormalWithNoise_kjContinuousBeta_xnjNormal,13,9,SuStaIn (GMM),3,0.3158247692386685,0.9775284195086176,740.718553896745,0.2862626262626263,0.1415111684289439,14.14896551724138,43.64238410596027,,,100,100
726,0.21,xiNearNormalWithNoise_kjContinuousBeta_xnjNormal,13,9,SuStaIn (KDE),3,0.3158247692386685,0.9775284195086176,524.7433314998945,0.3268013468013468,0.0041616748912977,10.537931034482758,22.94701986754967,,,100,100
726,0.21,xiNearNormalWithNoise_kjContinuousBeta_xnjNormal,14,9,BebmS,3,0.2790179387611942,0.9736720338700536,70.95574114322662,0.401952861952862,0.0,5.601379310344828,0.0529801324503311,,,100,100
726,0.21,xiNearNormalWithNoise_kjContinuousBeta_xnjNormal,14,9,BebmS (Blind),3,0.2790179387611942,0.9736720338700536,86.54666531085968,0.3967003367003367,0.0,5.180689655172414,0.0529801324503311,,2.0,100,100
726,0.21,xiNearNormalWithNoise_kjContinuousBeta_xnjNormal,14,9,Random Guessing,3,0.2790179387611942,0.9736720338700536,0.0,0.4802015052104291,-0.0014137640303109,56.2496551724138,6.423841059602649,,2.0,100,100
726,0.21,xiNearNormalWithNoise_kjContinuousBeta_xnjNormal,14,9,SuStaIn (GMM),3,0.2790179387611942,0.9736720338700536,319.8714146534602,0.3586531986531986,0.0401610263123066,16.13655172413793,40.602649006622514,,,100,100
726,0.21,xiNearNormalWithNoise_kjContinuousBeta_xnjNormal,14,9,SuStaIn (KDE),3,0.2790179387611942,0.9736720338700536,250.3593538482984,0.3081481481481481,-0.0121200439364031,8.991724137931035,18.86092715231788,,,100,100
726,0.21,xiNearNormalWithNoise_kjContinuousBeta_xnjNormal,15,9,BebmS,3,0.2664942139498547,0.9686555322198886,146.5313010931015,0.3627609427609428,0.0,2.9448275862068964,0.0,,,100,100
726,0.21,xiNearNormalWithNoise_kjContinuousBeta_xnjNormal,15,9,BebmS (Blind),3,0.2664942139498547,0.9686555322198886,172.94995395342508,0.3389225589225589,0.0,4.424827586206897,0.0331125827814569,,0.0,100,100
726,0.21,xiNearNormalWithNoise_kjContinuousBeta_xnjNormal,15,9,Random Guessing,3,0.2664942139498547,0.9686555322198886,0.0,0.4999160172937451,0.0015532648688316,56.45793103448276,6.145695364238411,,0.0,100,100
726,0.21,xiNearNormalWithNoise_kjContinuousBeta_xnjNormal,15,9,SuStaIn (GMM),3,0.2664942139498547,0.9686555322198886,541.8592586994171,0.3675420875420875,0.1505143663949794,15.623448275862067,39.90066225165563,,,100,100
726,0.21,xiNearNormalWithNoise_kjContinuousBeta_xnjNormal,15,9,SuStaIn (KDE),3,0.2664942139498547,0.9686555322198886,498.2101301789284,0.3326599326599326,0.0095510676236265,11.30206896551724,20.119205298013245,,,100,100
726,0.21,xiNearNormalWithNoise_kjContinuousBeta_xnjNormal,16,9,BebmS,3,0.29903654795936,0.9768563523018968,146.43770154714585,0.3577104377104377,0.0,2.870344827586207,0.0,,,100,100
726,0.21,xiNearNormalWithNoise_kjContinuousBeta_xnjNormal,16,9,BebmS (Blind),3,0.29903654795936,0.9768563523018968,176.68397094806036,0.3614814814814815,0.0025603001977112,4.376551724137931,0.0529801324503311,,1.0,100,100
726,0.21,xiNearNormalWithNoise_kjContinuousBeta_xnjNormal,16,9,Random Guessing,3,0.29903654795936,0.9768563523018968,0.0,0.4940806896340555,0.000573211347706,58.1351724137931,5.701986754966887,,1.0,100,100
726,0.21,xiNearNormalWithNoise_kjContinuousBeta_xnjNormal,16,9,SuStaIn (GMM),3,0.29903654795936,0.9768563523018968,530.8909302592277,0.3970370370370371,0.0767710795899931,16.875862068965517,45.87417218543046,,,100,100
726,0.21,xiNearNormalWithNoise_kjContinuousBeta_xnjNormal,16,9,SuStaIn (KDE),3,0.29903654795936,0.9768563523018968,494.75744488239286,0.3112457912457912,0.0069105890025713,9.395862068965515,15.80794701986755,,,100,100
726,0.21,xiNearNormalWithNoise_kjContinuousBeta_xnjNormal,17,9,BebmS,3,0.4285770704636748,0.9868920225355868,75.28410839239756,0.3637710437710437,0.0,3.303030303030303,0.0,,,100,100
726,0.21,xiNearNormalWithNoise_kjContinuousBeta_xnjNormal,17,9,BebmS (Blind),3,0.4285770704636748,0.9868920225355868,92.53234417438507,0.3783164983164983,0.0455803849920745,5.387052341597796,0.08,,2.0,100,100
726,0.21,xiNearNormalWithNoise_kjContinuousBeta_xnjNormal,17,9,Random Guessing,3,0.4285770704636748,0.9868920225355868,0.0,0.5057777920229319,0.0019256721199547,57.69421487603306,6.12,,2.0,100,100
726,0.21,xiNearNormalWithNoise_kjContinuousBeta_xnjNormal,17,9,SuStaIn (GMM),3,0.4285770704636748,0.9868920225355868,213.5370243271192,0.2913131313131313,0.068442777303771,13.761707988980715,40.0,,,100,100
726,0.21,xiNearNormalWithNoise_kjContinuousBeta_xnjNormal,17,9,SuStaIn (KDE),3,0.4285770704636748,0.9868920225355868,253.04768642981847,0.42006734006734,0.0028939680814098,11.662534435261708,23.006666666666668,,,100,100
726,0.21,xiNearNormalWithNoise_kjContinuousBeta_xnjNormal,18,9,BebmS,3,0.4931947444929607,0.9922392239223924,70.12326537370681,0.3812794612794613,0.0012836332429546,4.264827586206897,0.0331125827814569,,,100,100
726,0.21,xiNearNormalWithNoise_kjContinuousBeta_xnjNormal,18,9,BebmS (Blind),3,0.4931947444929607,0.9922392239223924,88.60603217681249,0.3714478114478114,0.0,2.8289655172413792,0.152317880794702,,1.0,100,100
726,0.21,xiNearNormalWithNoise_kjContinuousBeta_xnjNormal,18,9,Random Guessing,3,0.4931947444929607,0.9922392239223924,0.0,0.475937598110663,0.0066532481549156,57.47310344827586,5.887417218543046,,1.0,100,100
726,0.21,xiNearNormalWithNoise_kjContinuousBeta_xnjNormal,18,9,SuStaIn (GMM),3,0.4931947444929607,0.9922392239223924,422.56834363540014,0.3055892255892256,0.0167103370890992,13.820689655172414,39.31788079470199,,,100,100
726,0.21,xiNearNormalWithNoise_kjContinuousBeta_xnjNormal,18,9,SuStaIn (KDE),3,0.4931947444929607,0.9922392239223924,510.9225645224253,0.2905723905723905,-0.0024190540021948,9.434482758620687,19.14569536423841,,,100,100
726,0.21,xiNearNormalWithNoise_kjContinuousBeta_xnjNormal,19,9,BebmS,3,0.3146202616838796,0.9830916424975832,69.24719734191895,0.3832323232323232,0.0,3.233103448275862,0.0723684210526315,,,100,100
726,0.21,xiNearNormalWithNoise_kjContinuousBeta_xnjNormal,19,9,BebmS (Blind),3,0.3146202616838796,0.9830916424975832,84.30532410144806,0.3424242424242424,-0.0107339121666859,4.504827586206897,0.0921052631578947,,3.0,100,100
726,0.21,xiNearNormalWithNoise_kjContinuousBeta_xnjNormal,19,9,Random Guessing,3,0.3146202616838796,0.9830916424975832,0.0,0.4857064934010075,-0.0003444491959115,59.50344827586207,6.526315789473684,,3.0,100,100
726,0.21,xiNearNormalWithNoise_kjContinuousBeta_xnjNormal,19,9,SuStaIn (GMM),3,0.3146202616838796,0.9830916424975832,514.8927353978157,0.301010101010101,0.0109402704407747,13.408275862068963,40.5,,,100,100
726,0.21,xiNearNormalWithNoise_kjContinuousBeta_xnjNormal,19,9,SuStaIn (KDE),3,0.3146202616838796,0.9830916424975832,521.386529537042,0.2765656565656565,0.0018673067613016,8.598620689655172,15.052631578947368,,,100,100
726,0.21,xiNearNormalWithNoise_kjContinuousBeta_xnjNormal,20,9,BebmS,3,0.2092480396794161,0.9514218088475516,124.21110512812932,0.3749494949494949,0.0,5.477961432506887,0.0,,,100,100
726,0.21,xiNearNormalWithNoise_kjContinuousBeta_xnjNormal,20,9,BebmS (Blind),3,0.2092480396794161,0.9514218088475516,138.64669342041014,0.3964983164983164,0.0,3.059228650137741,0.3311258278145695,,3.0,100,100
726,0.21,xiNearNormalWithNoise_kjContinuousBeta_xnjNormal,20,9,Random Guessing,3,0.2092480396794161,0.9514218088475516,0.0,0.4961753108324693,0.0033822241517825,56.05785123966942,6.046357615894039,,3.0,100,100
726,0.21,xiNearNormalWithNoise_kjContinuousBeta_xnjNormal,20,9,SuStaIn (GMM),3,0.2092480396794161,0.9514218088475516,714.7251220583915,0.3799326599326599,0.1886155973650331,17.424242424242426,46.5364238410596,,,100,100
726,0.21,xiNearNormalWithNoise_kjContinuousBeta_xnjNormal,20,9,SuStaIn (KDE),3,0.2092480396794161,0.9514218088475516,677.9461136102676,0.3492929292929292,0.0110403870072057,10.016528925619834,17.423841059602648,,,100,100
726,0.21,xiNearNormalWithNoise_kjContinuousBeta_xnjNormal,21,9,BebmS,3,0.294537406336181,0.9737040370703736,95.02585064570108,0.3809427609427609,7.983377380082763e-06,4.671724137931035,0.0263157894736842,,,100,100
726,0.21,xiNearNormalWithNoise_kjContinuousBeta_xnjNormal,21,9,BebmS (Blind),3,0.294537406336181,0.9737040370703736,119.28793725967408,0.3565656565656566,0.0,3.041379310344828,0.0131578947368421,,1.0,100,100
726,0.21,xiNearNormalWithNoise_kjContinuousBeta_xnjNormal,21,9,Random Guessing,3,0.294537406336181,0.9737040370703736,0.0,0.4988979413021554,-0.0003820095625854,58.66758620689655,6.151315789473684,,1.0,100,100
726,0.21,xiNearNormalWithNoise_kjContinuousBeta_xnjNormal,21,9,SuStaIn (GMM),3,0.294537406336181,0.9737040370703736,270.6656472802162,0.307070707070707,0.0856322610304793,14.278620689655172,43.46052631578947,,,100,100
726,0.21,xiNearNormalWithNoise_kjContinuousBeta_xnjNormal,21,9,SuStaIn (KDE),3,0.294537406336181,0.9737040370703736,296.7176604787509,0.3029629629629629,0.0018892667919159,8.2,16.86842105263158,,,100,100
726,0.21,xiNearNormalWithNoise_kjContinuousBeta_xnjNormal,22,9,BebmS,3,0.0985599368832378,0.7895149514951495,92.85850941737492,0.3313131313131313,0.1924430522761327,3.966896551724138,0.0662251655629139,,,100,100
726,0.21,xiNearNormalWithNoise_kjContinuousBeta_xnjNormal,22,9,BebmS (Blind),3,0.0985599368832378,0.7895149514951495,115.54936831792196,0.3621548821548822,0.0029180155819173,6.106206896551724,0.0662251655629139,,1.0,100,100
726,0.21,xiNearNormalWithNoise_kjContinuousBeta_xnjNormal,22,9,Random Guessing,3,0.0985599368832378,0.7895149514951495,0.0,0.494004278326814,-0.0025454658335412,59.48275862068966,5.71523178807947,,1.0,100,100
726,0.21,xiNearNormalWithNoise_kjContinuousBeta_xnjNormal,22,9,SuStaIn (GMM),3,0.0985599368832378,0.7895149514951495,956.2025786479314,0.3162289562289562,0.4286077965346643,13.361379310344828,41.145695364238414,,,100,100
726,0.21,xiNearNormalWithNoise_kjContinuousBeta_xnjNormal,22,9,SuStaIn (KDE),3,0.0985599368832378,0.7895149514951495,516.1354218244553,0.330976430976431,0.1610244541870212,9.50896551724138,19.079470198675494,,,100,100
726,0.21,xiNearNormalWithNoise_kjContinuousBeta_xnjNormal,23,9,BebmS,3,0.0159610714562077,0.4125119178584525,125.39111816883089,0.3088215488215488,0.4029192809235287,6.82896551724138,0.0529801324503311,,,100,100
726,0.21,xiNearNormalWithNoise_kjContinuousBeta_xnjNormal,23,9,BebmS (Blind),3,0.0159610714562077,0.4125119178584525,159.00688993930817,0.399057239057239,0.1604300499253528,10.609655172413794,0.0331125827814569,,0.0,100,100
726,0.21,xiNearNormalWithNoise_kjContinuousBeta_xnjNormal,23,9,Random Guessing,3,0.0159610714562077,0.4125119178584525,0.0,0.4947732216389116,-0.0025393694315076,53.43862068965517,6.059602649006623,,0.0,100,100
726,0.21,xiNearNormalWithNoise_kjContinuousBeta_xnjNormal,23,9,SuStaIn (GMM),3,0.0159610714562077,0.4125119178584525,410.2053394516309,0.2993939393939394,0.7998879440917445,12.990344827586206,34.0,,,100,100
726,0.21,xiNearNormalWithNoise_kjContinuousBeta_xnjNormal,23,9,SuStaIn (KDE),3,0.0159610714562077,0.4125119178584525,513.694617720445,0.2828282828282828,0.4179583874181616,10.517241379310343,19.205298013245034,,,100,100
726,0.21,xiNearNormalWithNoise_kjContinuousBeta_xnjNormal,24,9,BebmS,3,0.04284353900901,0.5252671933860052,69.06630489428838,0.2276767676767677,0.6512232462269105,4.933884297520661,0.0,,,100,100
726,0.21,xiNearNormalWithNoise_kjContinuousBeta_xnjNormal,24,9,BebmS (Blind),3,0.04284353900901,0.5252671933860052,84.20961491266887,0.222020202020202,0.6503863920141767,4.201101928374656,0.0533333333333333,,1.0,100,100
726,0.21,xiNearNormalWithNoise_kjContinuousBeta_xnjNormal,24,9,Random Guessing,3,0.04284353900901,0.5252671933860052,0.0,0.4931517835305317,-0.0001452925139142,55.68595041322314,5.8533333333333335,,1.0,100,100
726,0.21,xiNearNormalWithNoise_kjContinuousBeta_xnjNormal,24,9,SuStaIn (GMM),3,0.04284353900901,0.5252671933860052,547.0850324749947,0.3685521885521886,0.7540474369712813,16.454545454545453,44.193333333333335,,,100,100
726,0.21,xiNearNormalWithNoise_kjContinuousBeta_xnjNormal,24,9,SuStaIn (KDE),3,0.04284353900901,0.5252671933860052,671.3065492510796,0.301010101010101,0.3203376521447635,10.450413223140496,20.3,,,100,100
726,0.21,xiNearNormalWithNoise_kjContinuousBeta_xnjNormal,25,9,BebmS,3,0.2757402571901586,0.9751095109510952,69.46866446336111,0.383973063973064,0.0055883209566983,5.140689655172414,0.0596026490066225,,,100,100
726,0.21,xiNearNormalWithNoise_kjContinuousBeta_xnjNormal,25,9,BebmS (Blind),3,0.2757402571901586,0.9751095109510952,87.2249799132347,0.3582491582491582,0.0,3.627586206896552,0.4039735099337748,,2.0,100,100
726,0.21,xiNearNormalWithNoise_kjContinuousBeta_xnjNormal,25,9,Random Guessing,3,0.2757402571901586,0.9751095109510952,0.0,0.4819181725016355,5.569034914711294e-05,57.96137931034482,6.09271523178808,,2.0,100,100
726,0.21,xiNearNormalWithNoise_kjContinuousBeta_xnjNormal,25,9,SuStaIn (GMM),3,0.2757402571901586,0.9751095109510952,600.7065146565437,0.2761616161616161,0.0235538650817153,10.991724137931037,32.854304635761586,,,100,100
726,0.21,xiNearNormalWithNoise_kjContinuousBeta_xnjNormal,25,9,SuStaIn (KDE),3,0.2757402571901586,0.9751095109510952,603.3000533620517,0.3448484848484849,0.0116606224716118,9.078620689655173,17.966887417218544,,,100,100
726,0.21,xiNearNormalWithNoise_kjContinuousBeta_xnjNormal,26,9,BebmS,3,0.4825024485917785,0.9897776444311098,69.28307482004166,0.3793265993265993,0.0,4.9558620689655175,0.0198675496688741,,,100,100
726,0.21,xiNearNormalWithNoise_kjContinuousBeta_xnjNormal,26,9,BebmS (Blind),3,0.4825024485917785,0.9897776444311098,86.64648324648539,0.3845791245791246,0.0,5.205517241379311,0.2119205298013245,,1.0,100,100
726,0.21,xiNearNormalWithNoise_kjContinuousBeta_xnjNormal,26,9,Random Guessing,3,0.4825024485917785,0.9897776444311098,0.0,0.5047723720441067,-0.0030314205973576,58.43448275862069,6.19205298013245,,1.0,100,100
726,0.21,xiNearNormalWithNoise_kjContinuousBeta_xnjNormal,26,9,SuStaIn (GMM),3,0.4825024485917785,0.9897776444311098,600.810780441761,0.3072053872053872,-0.0020854733932343,13.568275862068964,41.95364238410596,,,100,100
726,0.21,xiNearNormalWithNoise_kjContinuousBeta_xnjNormal,26,9,SuStaIn (KDE),3,0.4825024485917785,0.9897776444311098,653.8799714525541,0.3146801346801346,0.0054697565157832,9.804137931034482,20.556291390728475,,,100,100
726,0.21,xiNearNormalWithNoise_kjContinuousBeta_xnjNormal,27,9,BebmS,3,0.3114947726388047,0.9793099309930992,68.49240934848785,0.3101683501683501,0.0299322234766052,5.692413793103448,0.0993377483443708,,,100,100
726,0.21,xiNearNormalWithNoise_kjContinuousBeta_xnjNormal,27,9,BebmS (Blind),3,0.3114947726388047,0.9793099309930992,83.77681821982065,0.3649831649831649,-0.0019666200196662,3.6882758620689655,0.0198675496688741,,3.0,100,100
726,0.21,xiNearNormalWithNoise_kjContinuousBeta_xnjNormal,27,9,Random Guessing,3,0.3114947726388047,0.9793099309930992,0.0,0.4739206716340594,0.0013395793296705,55.83862068965517,5.642384105960265,,3.0,100,100
726,0.21,xiNearNormalWithNoise_kjContinuousBeta_xnjNormal,27,9,SuStaIn (GMM),3,0.3114947726388047,0.9793099309930992,662.8121554414431,0.4101683501683502,0.042927792147552,17.583448275862068,44.74172185430464,,,100,100
726,0.21,xiNearNormalWithNoise_kjContinuousBeta_xnjNormal,27,9,SuStaIn (KDE),3,0.3114947726388047,0.9793099309930992,489.5004250089327,0.2722558922558922,0.0025742044546094,9.475862068965515,19.49668874172185,,,100,100
726,0.21,xiNearNormalWithNoise_kjContinuousBeta_xnjNormal,28,9,BebmS,3,0.1492437987160215,0.8882688268826883,69.08536758025487,0.4102356902356902,-1.299922520794459e-05,6.670344827586207,0.119205298013245,,,100,100
726,0.21,xiNearNormalWithNoise_kjContinuousBeta_xnjNormal,28,9,BebmS (Blind),3,0.1492437987160215,0.8882688268826883,83.76515872478485,0.3729292929292929,-0.0004566068260376,5.662068965517242,0.8344370860927153,,1.0,100,100
726,0.21,xiNearNormalWithNoise_kjContinuousBeta_xnjNormal,28,9,Random Guessing,3,0.1492437987160215,0.8882688268826883,0.0,0.5024458978982921,0.0001267720074594,56.00275862068965,6.026490066225166,,1.0,100,100
726,0.21,xiNearNormalWithNoise_kjContinuousBeta_xnjNormal,28,9,SuStaIn (GMM),3,0.1492437987160215,0.8882688268826883,690.46064560016,0.325993265993266,0.2725309578204075,12.933793103448275,36.19205298013245,,,100,100
726,0.21,xiNearNormalWithNoise_kjContinuousBeta_xnjNormal,28,9,SuStaIn (KDE),3,0.1492437987160215,0.8882688268826883,455.9169286251068,0.3101010101010101,0.0289048107714298,10.020689655172411,18.64900662251656,,,100,100
726,0.21,xiNearNormalWithNoise_kjContinuousBeta_xnjNormal,29,9,BebmS,3,0.3347971319945776,0.9813074640797412,68.45959335962931,0.3520538720538721,0.0,3.3522099447513813,0.0198675496688741,,,100,100
726,0.21,xiNearNormalWithNoise_kjContinuousBeta_xnjNormal,29,9,BebmS (Blind),3,0.3347971319945776,0.9813074640797412,82.72176429828008,0.32,0.0285427576747735,4.747237569060774,0.0264900662251655,,1.0,100,100
726,0.21,xiNearNormalWithNoise_kjContinuousBeta_xnjNormal,29,9,Random Guessing,3,0.3347971319945776,0.9813074640797412,0.0,0.5035169876986294,0.0001629858822999,58.60220994475138,5.887417218543046,,1.0,100,100
726,0.21,xiNearNormalWithNoise_kjContinuousBeta_xnjNormal,29,9,SuStaIn (GMM),3,0.3347971319945776,0.9813074640797412,501.5591644406319,0.2538047138047138,0.0378945178188689,13.117403314917128,40.94701986754967,,,100,100
726,0.21,xiNearNormalWithNoise_kjContinuousBeta_xnjNormal,29,9,SuStaIn (KDE),3,0.3347971319945776,0.9813074640797412,575.3139498194058,0.3275420875420876,0.0052448069451293,8.925414364640885,17.801324503311257,,,100,100
726,0.21,xiNearNormalWithNoise_kjContinuousBeta_xnjNormal,30,9,BebmS,3,0.4007931961495612,0.985963929726306,81.58870352904002,0.366060606060606,0.0,5.5296551724137935,0.0855263157894736,,,100,100
726,0.21,xiNearNormalWithNoise_kjContinuousBeta_xnjNormal,30,9,BebmS (Blind),3,0.4007931961495612,0.985963929726306,100.4812723517418,0.4123905723905723,0.0,5.611034482758621,0.25,,1.0,100,100
726,0.21,xiNearNormalWithNoise_kjContinuousBeta_xnjNormal,30,9,Random Guessing,3,0.4007931961495612,0.985963929726306,0.0,0.4830253339976654,-0.0005649611108756,54.68,6.125,,1.0,100,100
726,0.21,xiNearNormalWithNoise_kjContinuousBeta_xnjNormal,30,9,SuStaIn (GMM),3,0.4007931961495612,0.985963929726306,170.33348963658014,0.3828282828282828,0.0166808080384089,16.118620689655174,41.42763157894737,,,100,100
726,0.21,xiNearNormalWithNoise_kjContinuousBeta_xnjNormal,30,9,SuStaIn (KDE),3,0.4007931961495612,0.985963929726306,152.9347927014033,0.3186531986531986,0.0018363977997325,10.12689655172414,17.94078947368421,,,100,100
726,0.21,xiNearNormalWithNoise_kjContinuousBeta_xnjNormal,31,9,BebmS,3,0.3779015654579177,0.9816194952828616,70.3604383389155,0.3843097643097642,0.0052338813885475,9.318620689655171,0.0463576158940397,,,100,100
726,0.21,xiNearNormalWithNoise_kjContinuousBeta_xnjNormal,31,9,BebmS (Blind),3,0.3779015654579177,0.9816194952828616,91.7897338191668,0.3797306397306397,0.0,6.750344827586207,0.0,,2.0,100,100
726,0.21,xiNearNormalWithNoise_kjContinuousBeta_xnjNormal,31,9,Random Guessing,3,0.3779015654579177,0.9816194952828616,0.0,0.4965443681192136,0.0006914881415172,57.59310344827586,5.622516556291391,,2.0,100,100
726,0.21,xiNearNormalWithNoise_kjContinuousBeta_xnjNormal,31,9,SuStaIn (GMM),3,0.3779015654579177,0.9816194952828616,291.2137084444364,0.3426262626262626,0.0220682424441786,13.419310344827586,37.91390728476821,,,100,100
726,0.21,xiNearNormalWithNoise_kjContinuousBeta_xnjNormal,31,9,SuStaIn (KDE),3,0.3779015654579177,0.9816194952828616,216.41019170284272,0.3313131313131313,0.0116594086270516,9.553103448275865,16.635761589403973,,,100,100
726,0.21,xiNearNormalWithNoise_kjContinuousBeta_xnjNormal,32,9,BebmS,3,0.0994166394132272,0.8348821548821549,69.04656715393067,0.296026936026936,0.1520891010584688,8.355862068965518,0.0,,,100,100
726,0.21,xiNearNormalWithNoise_kjContinuousBeta_xnjNormal,32,9,BebmS (Blind),3,0.0994166394132272,0.8348821548821549,86.46874867677688,0.3022222222222222,0.1759430380224383,5.827586206896552,0.2185430463576159,,3.0,100,100
726,0.21,xiNearNormalWithNoise_kjContinuousBeta_xnjNormal,32,9,Random Guessing,3,0.0994166394132272,0.8348821548821549,0.0,0.4992363973234767,0.0011238020855557,57.12551724137931,6.403973509933775,,3.0,100,100
726,0.21,xiNearNormalWithNoise_kjContinuousBeta_xnjNormal,32,9,SuStaIn (GMM),3,0.0994166394132272,0.8348821548821549,414.31678620179497,0.3177777777777777,0.8094086158714549,16.427586206896553,44.37086092715232,,,100,100
726,0.21,xiNearNormalWithNoise_kjContinuousBeta_xnjNormal,32,9,SuStaIn (KDE),3,0.0994166394132272,0.8348821548821549,333.2216368198395,0.3673400673400673,0.0031993225195032,12.372413793103448,23.37748344370861,,,100,100
726,0.21,xiNearNormalWithNoise_kjContinuousBeta_xnjNormal,33,9,BebmS,3,0.1463764397323568,0.9004300430043004,82.36013854344687,0.3742760942760942,0.0043733357354418,4.742424242424242,0.0,,,100,100
726,0.21,xiNearNormalWithNoise_kjContinuousBeta_xnjNormal,33,9,BebmS (Blind),3,0.1463764397323568,0.9004300430043004,101.79171202580136,0.3907070707070707,0.0,5.378787878787879,0.0266666666666666,,3.0,100,100
726,0.21,xiNearNormalWithNoise_kjContinuousBeta_xnjNormal,33,9,Random Guessing,3,0.1463764397323568,0.9004300430043004,0.0,0.4913838239003518,-0.0007911501679309,60.29338842975206,5.96,,3.0,100,100
726,0.21,xiNearNormalWithNoise_kjContinuousBeta_xnjNormal,33,9,SuStaIn (GMM),3,0.1463764397323568,0.9004300430043004,513.531271425883,0.3392592592592593,0.1076882286674386,14.881542699724518,43.04,,,100,100
726,0.21,xiNearNormalWithNoise_kjContinuousBeta_xnjNormal,33,9,SuStaIn (KDE),3,0.1463764397323568,0.9004300430043004,612.5677290558815,0.3527946127946128,0.0012050725155462,8.753443526170798,16.386666666666667,,,100,100
726,0.21,xiNearNormalWithNoise_kjContinuousBeta_xnjNormal,34,9,BebmS,3,0.1696731178432948,0.9131833183318332,139.87890197436016,0.4197979797979798,0.0,6.140689655172414,0.0,,,100,100
726,0.21,xiNearNormalWithNoise_kjContinuousBeta_xnjNormal,34,9,BebmS (Blind),3,0.1696731178432948,0.9131833183318332,171.7441592335701,0.3556902356902356,0.0,4.932413793103448,0.0794701986754966,,0.0,100,100
726,0.21,xiNearNormalWithNoise_kjContinuousBeta_xnjNormal,34,9,Random Guessing,3,0.1696731178432948,0.9131833183318332,0.0,0.4922122423682986,-0.0024740881764706,56.54206896551724,6.350993377483444,,0.0,100,100
726,0.21,xiNearNormalWithNoise_kjContinuousBeta_xnjNormal,34,9,SuStaIn (GMM),3,0.1696731178432948,0.9131833183318332,1061.3058136463164,0.3773063973063973,0.1866892369489589,15.162758620689656,39.50331125827815,,,100,100
726,0.21,xiNearNormalWithNoise_kjContinuousBeta_xnjNormal,34,9,SuStaIn (KDE),3,0.1696731178432948,0.9131833183318332,290.2421131412188,0.3322558922558923,0.0094225798768323,11.035862068965518,18.99337748344371,,,100,100
726,0.21,xiNearNormalWithNoise_kjContinuousBeta_xnjNormal,35,9,BebmS,3,0.4019267377864496,0.9882201553488682,79.66769038041433,0.365993265993266,0.0,2.5917241379310343,0.0,,,100,100
726,0.21,xiNearNormalWithNoise_kjContinuousBeta_xnjNormal,35,9,BebmS (Blind),3,0.4019267377864496,0.9882201553488682,91.04305395285289,0.3421548821548821,0.0,3.6206896551724137,0.3576158940397351,,2.0,100,100
726,0.21,xiNearNormalWithNoise_kjContinuousBeta_xnjNormal,35,9,Random Guessing,3,0.4019267377864496,0.9882201553488682,0.0,0.504191438792429,0.0036014015915075,57.84551724137931,5.794701986754967,,2.0,100,100
726,0.21,xiNearNormalWithNoise_kjContinuousBeta_xnjNormal,35,9,SuStaIn (GMM),3,0.4019267377864496,0.9882201553488682,332.0181841731072,0.343973063973064,0.0405938888544353,12.637241379310344,39.83443708609271,,,100,100
726,0.21,xiNearNormalWithNoise_kjContinuousBeta_xnjNormal,35,9,SuStaIn (KDE),3,0.4019267377864496,0.9882201553488682,337.3386954387029,0.3029629629629629,0.0185840976047452,10.54896551724138,19.364238410596027,,,100,100
726,0.21,xiNearNormalWithNoise_kjContinuousBeta_xnjNormal,36,9,BebmS,3,0.4093314403590327,0.9891775844251092,110.42188059886296,0.3572390572390572,0.0,2.875862068965517,0.0264900662251655,,,100,100
726,0.21,xiNearNormalWithNoise_kjContinuousBeta_xnjNormal,36,9,BebmS (Blind),3,0.4093314403590327,0.9891775844251092,131.54122295777003,0.3898316498316498,0.0,6.897931034482759,0.1456953642384106,,1.0,100,100
726,0.21,xiNearNormalWithNoise_kjContinuousBeta_xnjNormal,36,9,Random Guessing,3,0.4093314403590327,0.9891775844251092,0.0,0.4944606338227658,0.0003820351590596,56.29103448275862,5.947019867549669,,1.0,100,100
726,0.21,xiNearNormalWithNoise_kjContinuousBeta_xnjNormal,36,9,SuStaIn (GMM),3,0.4093314403590327,0.9891775844251092,642.5416062116623,0.3859932659932659,0.0027368087458481,16.497931034482757,41.90728476821192,,,100,100
726,0.21,xiNearNormalWithNoise_kjContinuousBeta_xnjNormal,36,9,SuStaIn (KDE),3,0.4093314403590327,0.9891775844251092,417.1843943715096,0.2491582491582491,8.66251678491449e-05,7.875862068965517,16.0,,,100,100
726,0.21,xiNearNormalWithNoise_kjContinuousBeta_xnjNormal,37,9,BebmS,3,0.3349331218784004,0.9837903790379038,69.94007583459218,0.3328619528619528,0.0,2.9366391184573004,0.0,,,100,100
726,0.21,xiNearNormalWithNoise_kjContinuousBeta_xnjNormal,37,9,BebmS (Blind),3,0.3349331218784004,0.9837903790379038,84.67904435793558,0.4146127946127946,0.0,5.96969696969697,0.14,,2.0,100,100
726,0.21,xiNearNormalWithNoise_kjContinuousBeta_xnjNormal,37,9,Random Guessing,3,0.3349331218784004,0.9837903790379038,0.0,0.4868647567347612,0.0002839560240743,58.41460055096419,6.346666666666667,,2.0,100,100
726,0.21,xiNearNormalWithNoise_kjContinuousBeta_xnjNormal,37,9,SuStaIn (GMM),3,0.3349331218784004,0.9837903790379038,234.27290012836457,0.3501010101010101,0.0353983299178388,15.942148760330578,43.04,,,100,100
726,0.21,xiNearNormalWithNoise_kjContinuousBeta_xnjNormal,37,9,SuStaIn (KDE),3,0.3349331218784004,0.9837903790379038,188.32915059725445,0.2893602693602693,0.0046000625038764,9.63085399449036,17.893333333333334,,,100,100
726,0.21,xiNearNormalWithNoise_kjContinuousBeta_xnjNormal,38,9,BebmS,3,0.0872739866212471,0.8125999266593326,69.92901457150778,0.3507744107744108,0.0675105486182161,7.369655172413793,0.0460526315789473,,,100,100
726,0.21,xiNearNormalWithNoise_kjContinuousBeta_xnjNormal,38,9,BebmS (Blind),3,0.0872739866212471,0.8125999266593326,86.63430084387461,0.3079461279461279,0.3221409345948081,5.977931034482759,0.3092105263157895,,1.0,100,100
726,0.21,xiNearNormalWithNoise_kjContinuousBeta_xnjNormal,38,9,Random Guessing,3,0.0872739866212471,0.8125999266593326,0.0,0.4928670448784256,-0.0016074551589879,56.70758620689655,5.973684210526316,,1.0,100,100
726,0.21,xiNearNormalWithNoise_kjContinuousBeta_xnjNormal,38,9,SuStaIn (GMM),3,0.0872739866212471,0.8125999266593326,613.327709988753,0.3463973063973064,0.6502444272184061,15.511724137931036,40.0921052631579,,,100,100
726,0.21,xiNearNormalWithNoise_kjContinuousBeta_xnjNormal,38,9,SuStaIn (KDE),3,0.0872739866212471,0.8125999266593326,553.0742616613705,0.2901683501683501,0.0563539814726321,9.25103448275862,17.875,,,100,100
726,0.21,xiNearNormalWithNoise_kjContinuousBeta_xnjNormal,39,9,BebmS,3,0.3935582550095181,0.9829209587625428,70.09852434794108,0.3834343434343434,0.0,4.433103448275862,0.0,,,100,100
726,0.21,xiNearNormalWithNoise_kjContinuousBeta_xnjNormal,39,9,BebmS (Blind),3,0.3935582550095181,0.9829209587625428,85.15873821576436,0.3602693602693603,-0.0016350867473394,2.5986206896551725,0.4039735099337748,,0.0,100,100
726,0.21,xiNearNormalWithNoise_kjContinuousBeta_xnjNormal,39,9,Random Guessing,3,0.3935582550095181,0.9829209587625428,0.0,0.5057499797193311,-0.0008906191888451,59.77931034482759,6.211920529801325,,0.0,100,100
726,0.21,xiNearNormalWithNoise_kjContinuousBeta_xnjNormal,39,9,SuStaIn (GMM),3,0.3935582550095181,0.9829209587625428,720.7957931041717,0.3777777777777777,0.1361161693153046,15.619310344827586,44.05960264900662,,,100,100
726,0.21,xiNearNormalWithNoise_kjContinuousBeta_xnjNormal,39,9,SuStaIn (KDE),3,0.3935582550095181,0.9829209587625428,475.5043530027072,0.2981818181818181,0.0158720525797004,8.38896551724138,16.821192052980134,,,100,100
726,0.21,xiNearNormalWithNoise_kjContinuousBeta_xnjNormal,40,9,BebmS,3,0.4251040330831397,0.9882361569490282,69.56233181953431,0.3542087542087542,0.0,3.179310344827586,0.0,,,100,100
726,0.21,xiNearNormalWithNoise_kjContinuousBeta_xnjNormal,40,9,BebmS (Blind),3,0.4251040330831397,0.9882361569490282,84.3894584774971,0.3563636363636364,0.0,2.6620689655172414,0.086092715231788,,2.0,100,100
726,0.21,xiNearNormalWithNoise_kjContinuousBeta_xnjNormal,40,9,Random Guessing,3,0.4251040330831397,0.9882361569490282,0.0,0.4941803458261204,0.0008207274063305,58.02068965517241,5.549668874172186,,2.0,100,100
726,0.21,xiNearNormalWithNoise_kjContinuousBeta_xnjNormal,40,9,SuStaIn (GMM),3,0.4251040330831397,0.9882361569490282,618.1623451511065,0.331043771043771,0.0062870793006866,14.117241379310345,40.32450331125828,,,100,100
726,0.21,xiNearNormalWithNoise_kjContinuousBeta_xnjNormal,40,9,SuStaIn (KDE),3,0.4251040330831397,0.9882361569490282,537.7737795352936,0.3417508417508417,0.0018711559056684,11.099310344827586,23.079470198675494,,,100,100
726,0.21,xiNearNormalWithNoise_kjContinuousBeta_xnjNormal,41,9,BebmS,3,0.1262271788436487,0.897960462712938,71.20038363536199,0.3591245791245791,0.0,3.2855172413793103,0.0264900662251655,,,100,100
726,0.21,xiNearNormalWithNoise_kjContinuousBeta_xnjNormal,41,9,BebmS (Blind),3,0.1262271788436487,0.897960462712938,89.69904571771622,0.3857912457912458,0.0,3.681379310344828,0.086092715231788,,2.0,100,100
726,0.21,xiNearNormalWithNoise_kjContinuousBeta_xnjNormal,41,9,Random Guessing,3,0.1262271788436487,0.897960462712938,0.0,0.4897380469322701,0.0010078834452967,60.23172413793103,5.860927152317881,,2.0,100,100
726,0.21,xiNearNormalWithNoise_kjContinuousBeta_xnjNormal,41,9,SuStaIn (GMM),3,0.1262271788436487,0.897960462712938,680.4345162192981,0.3678114478114478,0.0977987599783771,14.537931034482758,45.05960264900662,,,100,100
726,0.21,xiNearNormalWithNoise_kjContinuousBeta_xnjNormal,41,9,SuStaIn (KDE),3,0.1262271788436487,0.897960462712938,413.0149780631065,0.2803367003367003,0.0249265039811353,9.04,17.814569536423843,,,100,100
726,0.21,xiNearNormalWithNoise_kjContinuousBeta_xnjNormal,42,9,BebmS,3,0.3096640154302122,0.9748321498816548,79.17255922158559,0.401010101010101,0.0,5.308539944903581,0.0266666666666666,,,100,100
726,0.21,xiNearNormalWithNoise_kjContinuousBeta_xnjNormal,42,9,BebmS (Blind),3,0.3096640154302122,0.9748321498816548,101.0067274371783,0.3553535353535353,0.0,4.319559228650138,0.0266666666666666,,1.0,100,100
726,0.21,xiNearNormalWithNoise_kjContinuousBeta_xnjNormal,42,9,Random Guessing,3,0.3096640154302122,0.9748321498816548,0.0,0.518626148779802,-0.0023679080878245,60.13636363636363,6.233333333333333,,1.0,100,100
726,0.21,xiNearNormalWithNoise_kjContinuousBeta_xnjNormal,42,9,SuStaIn (GMM),3,0.3096640154302122,0.9748321498816548,328.5965767621994,0.3417508417508417,0.0778309363763537,13.796143250688706,40.873333333333335,,,100,100
726,0.21,xiNearNormalWithNoise_kjContinuousBeta_xnjNormal,42,9,SuStaIn (KDE),3,0.3096640154302122,0.9748321498816548,298.56680608590443,0.289023569023569,0.0162308764123433,8.505509641873278,17.413333333333334,,,100,100
726,0.21,xiNearNormalWithNoise_kjContinuousBeta_xnjNormal,43,9,BebmS,3,0.0556082725880134,0.6135533553355336,69.57975213925043,0.2721885521885521,0.6117080077727998,3.073103448275862,0.0066225165562913,,,100,100
726,0.21,xiNearNormalWithNoise_kjContinuousBeta_xnjNormal,43,9,BebmS (Blind),3,0.0556082725880134,0.6135533553355336,84.86845916509628,0.31003367003367,0.3282441976117727,4.04,0.1258278145695364,,3.0,100,100
726,0.21,xiNearNormalWithNoise_kjContinuousBeta_xnjNormal,43,9,Random Guessing,3,0.0556082725880134,0.6135533553355336,0.0,0.4907343310656674,-0.0022672174193733,58.85241379310345,6.6158940397351,,3.0,100,100
726,0.21,xiNearNormalWithNoise_kjContinuousBeta_xnjNormal,43,9,SuStaIn (GMM),3,0.0556082725880134,0.6135533553355336,681.761964515845,0.3222895622895623,0.6855151257109006,13.310344827586206,40.52317880794702,,,100,100
726,0.21,xiNearNormalWithNoise_kjContinuousBeta_xnjNormal,43,9,SuStaIn (KDE),3,0.0556082725880134,0.6135533553355336,513.7472888906797,0.3028956228956229,0.3045694907650511,10.015172413793104,19.64900662251656,,,100,100
726,0.21,xiNearNormalWithNoise_kjContinuousBeta_xnjNormal,44,9,BebmS,3,0.3298667712066612,0.9825155848918226,69.66662034193675,0.3601346801346801,0.0019313200744815,3.668044077134986,0.02,,,100,100
726,0.21,xiNearNormalWithNoise_kjContinuousBeta_xnjNormal,44,9,BebmS (Blind),3,0.3298667712066612,0.9825155848918226,84.82225530544916,0.3807407407407407,0.0,5.681818181818182,0.06,,1.0,100,100
726,0.21,xiNearNormalWithNoise_kjContinuousBeta_xnjNormal,44,9,Random Guessing,3,0.3298667712066612,0.9825155848918226,0.0,0.4904018158094065,-0.0007346004890874,59.19972451790633,5.64,,1.0,100,100
726,0.21,xiNearNormalWithNoise_kjContinuousBeta_xnjNormal,44,9,SuStaIn (GMM),3,0.3298667712066612,0.9825155848918226,634.0533621430397,0.39010101010101,6.920782290212858e-05,17.816804407713498,48.7,,,100,100
726,0.21,xiNearNormalWithNoise_kjContinuousBeta_xnjNormal,44,9,SuStaIn (KDE),3,0.3298667712066612,0.9825155848918226,534.475898083051,0.3263973063973064,-0.0026315521142297,8.902203856749312,17.973333333333333,,,100,100
726,0.21,xiNearNormalWithNoise_kjContinuousBeta_xnjNormal,45,9,BebmS,3,0.0540056336876553,0.6043257659099244,73.7888886610667,0.3802693602693603,0.0045544074763056,6.23448275862069,0.0,,,100,100
726,0.21,xiNearNormalWithNoise_kjContinuousBeta_xnjNormal,45,9,BebmS (Blind),3,0.0540056336876553,0.6043257659099244,96.3030285358429,0.3495622895622896,0.0185586504431015,5.744827586206896,0.06,,3.0,100,100
726,0.21,xiNearNormalWithNoise_kjContinuousBeta_xnjNormal,45,9,Random Guessing,3,0.0540056336876553,0.6043257659099244,0.0,0.491717606345383,0.0003590794925925,57.74758620689655,5.413333333333333,,3.0,100,100
726,0.21,xiNearNormalWithNoise_kjContinuousBeta_xnjNormal,45,9,SuStaIn (GMM),3,0.0540056336876553,0.6043257659099244,426.0905005296072,0.3778451178451179,0.7058599113923569,16.433103448275862,42.76,,,100,100
726,0.21,xiNearNormalWithNoise_kjContinuousBeta_xnjNormal,45,9,SuStaIn (KDE),3,0.0540056336876553,0.6043257659099244,348.1692642529805,0.3753535353535353,0.1790101369251601,11.386206896551723,22.246666666666663,,,100,100
726,0.21,xiNearNormalWithNoise_kjContinuousBeta_xnjNormal,46,9,BebmS,3,0.0365863958835586,0.4664506450645064,109.09472351868948,0.2195286195286195,0.4128069371283405,5.052413793103448,0.0,,,100,100
726,0.21,xiNearNormalWithNoise_kjContinuousBeta_xnjNormal,46,9,BebmS (Blind),3,0.0365863958835586,0.4664506450645064,134.19509532848994,0.2987205387205387,0.5043919949529871,8.004137931034483,0.423841059602649,,1.0,100,100
726,0.21,xiNearNormalWithNoise_kjContinuousBeta_xnjNormal,46,9,Random Guessing,3,0.0365863958835586,0.4664506450645064,0.0,0.4799827182423838,-0.0015791785611385,58.07034482758621,6.099337748344371,,1.0,100,100
726,0.21,xiNearNormalWithNoise_kjContinuousBeta_xnjNormal,46,9,SuStaIn (GMM),3,0.0365863958835586,0.4664506450645064,454.98954108158745,0.3545454545454545,0.5246433158516028,15.34896551724138,39.85430463576159,,,100,100
726,0.21,xiNearNormalWithNoise_kjContinuousBeta_xnjNormal,46,9,SuStaIn (KDE),3,0.0365863958835586,0.4664506450645064,328.55452934106194,0.2775757575757576,0.3937306656485012,9.2,18.039735099337747,,,100,100
726,0.21,xiNearNormalWithNoise_kjContinuousBeta_xnjNormal,47,9,BebmS,3,0.3205667975571008,0.9788698869886988,69.41355325778325,0.3793939393939394,0.0,2.7379310344827585,0.0,,,100,100
726,0.21,xiNearNormalWithNoise_kjContinuousBeta_xnjNormal,47,9,BebmS (Blind),3,0.3205667975571008,0.9788698869886988,84.89917995532353,0.3601346801346801,0.0,3.4455172413793105,0.0596026490066225,,2.0,100,100
726,0.21,xiNearNormalWithNoise_kjContinuousBeta_xnjNormal,47,9,Random Guessing,3,0.3205667975571008,0.9788698869886988,0.0,0.5056866245813644,-0.0007981462640597,57.93241379310345,5.033112582781457,,2.0,100,100
726,0.21,xiNearNormalWithNoise_kjContinuousBeta_xnjNormal,47,9,SuStaIn (GMM),3,0.3205667975571008,0.9788698869886988,180.64611277182897,0.3732659932659932,0.0460407805344766,17.60965517241379,50.76158940397351,,,100,100
726,0.21,xiNearNormalWithNoise_kjContinuousBeta_xnjNormal,47,9,SuStaIn (KDE),3,0.3205667975571008,0.9788698869886988,192.4278390367826,0.3342760942760943,-0.002836770323851,8.579310344827586,15.80132450331126,,,100,100
726,0.21,xiNearNormalWithNoise_kjContinuousBeta_xnjNormal,48,9,BebmS,3,0.1623775250778047,0.9314198086475314,74.05864382187525,0.383030303030303,0.0,6.573793103448276,0.0132450331125827,,,100,100
726,0.21,xiNearNormalWithNoise_kjContinuousBeta_xnjNormal,48,9,BebmS (Blind),3,0.1623775250778047,0.9314198086475314,91.23699937661488,0.3837037037037037,0.0,5.402758620689655,1.3841059602649006,,1.0,100,100
726,0.21,xiNearNormalWithNoise_kjContinuousBeta_xnjNormal,48,9,Random Guessing,3,0.1623775250778047,0.9314198086475314,0.0,0.4989322418478597,-0.0001718598136238,57.009655172413794,6.231788079470198,,1.0,100,100
726,0.21,xiNearNormalWithNoise_kjContinuousBeta_xnjNormal,48,9,SuStaIn (GMM),3,0.1623775250778047,0.9314198086475314,618.9129585544268,0.3824915824915825,0.314833951251623,17.830344827586206,48.21854304635762,,,100,100
726,0.21,xiNearNormalWithNoise_kjContinuousBeta_xnjNormal,48,9,SuStaIn (KDE),3,0.1623775250778047,0.9314198086475314,532.8834726452827,0.2956902356902356,0.0075762241251181,10.252413793103448,19.37086092715232,,,100,100
726,0.21,xiNearNormalWithNoise_kjContinuousBeta_xnjNormal,49,9,BebmS,3,0.4185602596038645,0.9863079641297464,70.00232648054758,0.327070707070707,0.0046142021683224,3.4110344827586205,0.0463576158940397,,,100,100
726,0.21,xiNearNormalWithNoise_kjContinuousBeta_xnjNormal,49,9,BebmS (Blind),3,0.4185602596038645,0.9863079641297464,85.13170988162359,0.3754208754208754,0.0,5.308965517241379,0.0397350993377483,,2.0,100,100
726,0.21,xiNearNormalWithNoise_kjContinuousBeta_xnjNormal,49,9,Random Guessing,3,0.4185602596038645,0.9863079641297464,0.0,0.5056856383491742,-0.0025317150723169,57.4151724137931,6.052980132450331,,2.0,100,100
726,0.21,xiNearNormalWithNoise_kjContinuousBeta_xnjNormal,49,9,SuStaIn (GMM),3,0.4185602596038645,0.9863079641297464,116.54374321301778,0.3554882154882154,0.005480058569881,15.42206896551724,41.28476821192053,,,100,100
726,0.21,xiNearNormalWithNoise_kjContinuousBeta_xnjNormal,49,9,SuStaIn (KDE),3,0.4185602596038645,0.9863079641297464,115.92197323242824,0.2773737373737373,0.0085041306615836,8.65793103448276,17.635761589403973,,,100,100
726,0.21,sn_kjContinuousBeta_sigmoid,0,1,BebmS,3,0.3406804243630593,0.9794246091275794,157.10169953902562,0.4144107744107744,0.0003802195564079,6.046831955922865,0.0,,,100,100
726,0.21,sn_kjContinuousBeta_sigmoid,0,1,BebmS (Blind),3,0.3406804243630593,0.9794246091275794,203.78426579236984,0.3892255892255892,0.0,6.169421487603306,0.0933333333333333,,2.0,100,100
726,0.21,sn_kjContinuousBeta_sigmoid,0,1,Random Guessing,3,0.3406804243630593,0.9794246091275794,0.0,0.5146481320711288,-0.0025250403943925,53.06611570247934,5.76,,2.0,100,100
726,0.21,sn_kjContinuousBeta_sigmoid,0,1,SuStaIn (GMM),3,0.3406804243630593,0.9794246091275794,960.1595443328222,0.3957575757575757,0.0495900053562124,16.487603305785125,44.02,,,100,100
726,0.21,sn_kjContinuousBeta_sigmoid,0,1,SuStaIn (KDE),3,0.3406804243630593,0.9794246091275794,685.4063300291697,0.3394612794612794,-0.0013307308705486,13.769972451790634,19.65333333333333,,,100,100
726,0.21,sn_kjContinuousBeta_sigmoid,1,1,BebmS,3,0.4684191092000735,0.992087208720872,188.9874587694804,0.3839057239057239,0.0011332165225397,12.933793103448275,0.0328947368421052,,,100,100
726,0.21,sn_kjContinuousBeta_sigmoid,1,1,BebmS (Blind),3,0.4684191092000735,0.992087208720872,247.62281232277556,0.4183838383838383,0.0,11.155862068965517,0.0921052631578947,,1.0,100,100
726,0.21,sn_kjContinuousBeta_sigmoid,1,1,Random Guessing,3,0.4684191092000735,0.992087208720872,0.0,0.475449550302752,-0.00182626542741,52.77379310344828,6.203947368421052,,1.0,100,100
726,0.21,sn_kjContinuousBeta_sigmoid,1,1,SuStaIn (GMM),3,0.4684191092000735,0.992087208720872,644.4825546304385,0.4441750841750841,0.0034530094406171,16.971034482758622,46.48026315789474,,,100,100
726,0.21,sn_kjContinuousBeta_sigmoid,1,1,SuStaIn (KDE),3,0.4684191092000735,0.992087208720872,873.9330207705498,0.3301683501683501,-0.0004119119353691,12.875862068965516,19.45394736842105,,,100,100
726,0.21,sn_kjContinuousBeta_sigmoid,2,1,BebmS,3,0.1753790452932112,0.937932459912658,126.14282729228336,0.3993939393939394,0.0,8.865013774104684,0.0,,,100,100
726,0.21,sn_kjContinuousBeta_sigmoid,2,1,BebmS (Blind),3,0.1753790452932112,0.937932459912658,161.10673254728317,0.4047811447811448,0.0,8.030303030303031,0.12,,2.0,100,100
726,0.21,sn_kjContinuousBeta_sigmoid,2,1,Random Guessing,3,0.1753790452932112,0.937932459912658,0.0,0.5145685491395701,0.0017734330315416,52.30578512396694,5.553333333333334,,2.0,100,100
726,0.21,sn_kjContinuousBeta_sigmoid,2,1,SuStaIn (GMM),3,0.1753790452932112,0.937932459912658,357.69542577664055,0.3904377104377104,0.0756249051180854,16.13085399449036,45.27333333333333,,,100,100
726,0.21,sn_kjContinuousBeta_sigmoid,2,1,SuStaIn (KDE),3,0.1753790452932112,0.937932459912658,283.90081698497136,0.3551515151515151,-0.0018174240752309,12.46694214876033,19.246666666666663,,,100,100
726,0.21,sn_kjContinuousBeta_sigmoid,3,1,BebmS,3,0.1750481577455236,0.9284941827516084,95.52868280808131,0.3757575757575758,0.0,8.664827586206897,0.0,,,100,100
726,0.21,sn_kjContinuousBeta_sigmoid,3,1,BebmS (Blind),3,0.1750481577455236,0.9284941827516084,125.91811960935593,0.4577777777777778,0.0188494507826029,15.74206896551724,0.0662251655629139,,2.0,100,100
726,0.21,sn_kjContinuousBeta_sigmoid,3,1,Random Guessing,3,0.1750481577455236,0.9284941827516084,0.0,0.5467008778414584,-0.0023179860989083,52.79448275862069,6.09271523178808,,2.0,100,100
726,0.21,sn_kjContinuousBeta_sigmoid,3,1,SuStaIn (GMM),3,0.1750481577455236,0.9284941827516084,246.99494351148604,0.428013468013468,0.053593864614653,18.10206896551724,46.57615894039735,,,100,100
726,0.21,sn_kjContinuousBeta_sigmoid,3,1,SuStaIn (KDE),3,0.1750481577455236,0.9284941827516084,230.5315544605255,0.3146801346801346,0.001552297441426,13.077241379310346,17.582781456953644,,,100,100
726,0.21,sn_kjContinuousBeta_sigmoid,4,1,BebmS,3,0.3305912032327811,0.9801526819348602,73.6588709394137,0.4116498316498316,0.0,8.256551724137932,0.0,,,100,100
726,0.21,sn_kjContinuousBeta_sigmoid,4,1,BebmS (Blind),3,0.3305912032327811,0.9801526819348602,92.0928077141444,0.443030303030303,0.0,10.627586206896552,0.0460526315789473,,3.0,100,100
726,0.21,sn_kjContinuousBeta_sigmoid,4,1,Random Guessing,3,0.3305912032327811,0.9801526819348602,0.0,0.5018859327280721,7.548578415852446e-05,52.41103448275862,6.453947368421052,,3.0,100,100
726,0.21,sn_kjContinuousBeta_sigmoid,4,1,SuStaIn (GMM),3,0.3305912032327811,0.9801526819348602,489.4365440408389,0.4117171717171717,0.0050212593964656,15.013793103448275,43.125,,,100,100
726,0.21,sn_kjContinuousBeta_sigmoid,4,1,SuStaIn (KDE),3,0.3305912032327811,0.9801526819348602,476.88261698881786,0.3645117845117845,-0.0010285806941656,15.36,27.907894736842103,,,100,100
726,0.21,sn_kjContinuousBeta_sigmoid,5,1,BebmS,3,0.2829212386514343,0.9755548888222156,74.47662351528804,0.4210774410774411,0.0,9.60551724137931,0.0,,,100,100
726,0.21,sn_kjContinuousBeta_sigmoid,5,1,BebmS (Blind),3,0.2829212386514343,0.9755548888222156,90.18257865508396,0.4086868686868687,0.0327316469217599,13.642758620689657,0.0066225165562913,,3.0,100,100
726,0.21,sn_kjContinuousBeta_sigmoid,5,1,Random Guessing,3,0.2829212386514343,0.9755548888222156,0.0,0.4880247717450423,0.001437439052484,52.25103448275862,6.139072847682119,,3.0,100,100
726,0.21,sn_kjContinuousBeta_sigmoid,5,1,SuStaIn (GMM),3,0.2829212386514343,0.9755548888222156,432.0506570657095,0.425993265993266,0.1898906396367568,20.03586206896552,49.10596026490066,,,100,100
726,0.21,sn_kjContinuousBeta_sigmoid,5,1,SuStaIn (KDE),3,0.2829212386514343,0.9755548888222156,504.57161818742753,0.3257239057239057,0.0002842445380213,13.38896551724138,21.05960264900662,,,100,100
726,0.21,sn_kjContinuousBeta_sigmoid,6,1,BebmS,3,0.2377314531759405,0.9734480114678136,77.36181238094966,0.4278787878787878,0.0025438380858557,16.00414364640884,0.0662251655629139,,,100,100
726,0.21,sn_kjContinuousBeta_sigmoid,6,1,BebmS (Blind),3,0.2377314531759405,0.9734480114678136,93.42338806390762,0.4447138047138048,0.0,13.922651933701658,1.6688741721854303,,2.0,100,100
726,0.21,sn_kjContinuousBeta_sigmoid,6,1,Random Guessing,3,0.2377314531759405,0.9734480114678136,0.0,0.4627976260196599,0.0028579597148794,52.39226519337016,6.311258278145695,,2.0,100,100
726,0.21,sn_kjContinuousBeta_sigmoid,6,1,SuStaIn (GMM),3,0.2377314531759405,0.9734480114678136,414.353306277593,0.4012121212121212,0.088010827087303,18.70718232044199,48.11920529801324,,,100,100
726,0.21,sn_kjContinuousBeta_sigmoid,6,1,SuStaIn (KDE),3,0.2377314531759405,0.9734480114678136,442.07967771689096,0.3274747474747475,0.0005406943469144,13.422651933701658,20.70198675496689,,,100,100
726,0.21,sn_kjContinuousBeta_sigmoid,7,1,BebmS,3,0.4624424679485513,0.9907270727072708,74.23029166857401,0.4055892255892255,0.0,8.40358126721763,0.0397350993377483,,,100,100
726,0.21,sn_kjContinuousBeta_sigmoid,7,1,BebmS (Blind),3,0.4624424679485513,0.9907270727072708,89.36351451873779,0.4465319865319865,0.003306766909734,16.150137741046834,0.5231788079470199,,2.0,100,100
726,0.21,sn_kjContinuousBeta_sigmoid,7,1,Random Guessing,3,0.4624424679485513,0.9907270727072708,0.0,0.5114539159908666,-0.0017682591073722,53.3099173553719,5.9801324503311255,,2.0,100,100
726,0.21,sn_kjContinuousBeta_sigmoid,7,1,SuStaIn (GMM),3,0.4624424679485513,0.9907270727072708,403.0489620407423,0.3972390572390572,-0.0007140413185262,16.269972451790633,43.70198675496689,,,100,100
726,0.21,sn_kjContinuousBeta_sigmoid,7,1,SuStaIn (KDE),3,0.4624424679485513,0.9907270727072708,425.9023612777392,0.3513131313131313,0.0103907857169986,13.74793388429752,22.344370860927157,,,100,100
726,0.21,sn_kjContinuousBeta_sigmoid,8,1,BebmS,3,0.3072482310344895,0.9802940294029404,85.77641554276148,0.371986531986532,0.0,9.104972375690608,0.0,,,100,100
726,0.21,sn_kjContinuousBeta_sigmoid,8,1,BebmS (Blind),3,0.3072482310344895,0.9802940294029404,98.99624732335408,0.4188552188552188,0.0,11.338397790055248,3.8940397350993377,,3.0,100,100
726,0.21,sn_kjContinuousBeta_sigmoid,8,1,Random Guessing,3,0.3072482310344895,0.9802940294029404,0.0,0.4744061682629161,0.0005059253225347,51.96132596685083,6.456953642384106,,3.0,100,100
726,0.21,sn_kjContinuousBeta_sigmoid,8,1,SuStaIn (GMM),3,0.3072482310344895,0.9802940294029404,644.0503538091978,0.4398653198653199,-0.0024165965909582,18.98066298342541,46.735099337748345,,,100,100
726,0.21,sn_kjContinuousBeta_sigmoid,8,1,SuStaIn (KDE),3,0.3072482310344895,0.9802940294029404,774.1994663556417,0.3181144781144782,-0.0024131336845655,11.606353591160222,14.456953642384104,,,100,100
726,0.21,sn_kjContinuousBeta_sigmoid,9,1,BebmS,3,0.3494187802696573,0.9827289395606228,135.2966699719429,0.3764309764309764,0.0,6.769655172413793,0.0132450331125827,,,100,100
726,0.21,sn_kjContinuousBeta_sigmoid,9,1,BebmS (Blind),3,0.3494187802696573,0.9827289395606228,181.8663254936536,0.4315151515151514,0.0,11.893793103448276,0.8145695364238411,,0.0,100,100
726,0.21,sn_kjContinuousBeta_sigmoid,9,1,Random Guessing,3,0.3494187802696573,0.9827289395606228,0.0,0.5207025067883391,0.0025280905758892,52.615172413793104,5.543046357615894,,0.0,100,100
726,0.21,sn_kjContinuousBeta_sigmoid,9,1,SuStaIn (GMM),3,0.3494187802696573,0.9827289395606228,435.0514523506165,0.4086868686868687,0.072262125978585,15.838620689655173,44.75496688741722,,,100,100
726,0.21,sn_kjContinuousBeta_sigmoid,9,1,SuStaIn (KDE),3,0.3494187802696573,0.9827289395606228,466.1200686454773,0.3412121212121212,0.0130387465616373,12.515862068965518,19.165562913907284,,,100,100
726,0.21,sn_kjContinuousBeta_sigmoid,10,1,BebmS,3,0.1069285934786158,0.803001633496683,85.77330307165782,0.3826936026936027,0.0,10.248275862068963,0.006578947368421,,,100,100
726,0.21,sn_kjContinuousBeta_sigmoid,10,1,BebmS (Blind),3,0.1069285934786158,0.803001633496683,93.16831989685694,0.405050505050505,0.0,10.030344827586209,0.0328947368421052,,3.0,100,100
726,0.21,sn_kjContinuousBeta_sigmoid,10,1,Random Guessing,3,0.1069285934786158,0.803001633496683,0.0,0.5019356314640034,-0.0017034348631974,52.95310344827586,6.144736842105263,,3.0,100,100
726,0.21,sn_kjContinuousBeta_sigmoid,10,1,SuStaIn (GMM),3,0.1069285934786158,0.803001633496683,150.33411249319713,0.3973737373737374,0.3033911032810213,14.995862068965517,42.54605263157895,,,100,100
726,0.21,sn_kjContinuousBeta_sigmoid,10,1,SuStaIn (KDE),3,0.1069285934786158,0.803001633496683,201.7729454000791,0.350976430976431,0.1238715041326716,12.073103448275862,17.276315789473685,,,100,100
726,0.21,sn_kjContinuousBeta_sigmoid,11,1,BebmS,3,0.3224565590848136,0.9805233856719006,73.56764042774836,0.3741414141414141,0.0,7.379310344827586,0.0,,,100,100
726,0.21,sn_kjContinuousBeta_sigmoid,11,1,BebmS (Blind),3,0.3224565590848136,0.9805233856719006,115.83596285978952,0.4098316498316499,0.0,8.180689655172413,0.0331125827814569,,1.0,100,100
726,0.21,sn_kjContinuousBeta_sigmoid,11,1,Random Guessing,3,0.3224565590848136,0.9805233856719006,0.0,0.5319265718266988,-0.0022123779483304,51.786206896551725,5.986754966887418,,1.0,100,100
726,0.21,sn_kjContinuousBeta_sigmoid,11,1,SuStaIn (GMM),3,0.3224565590848136,0.9805233856719006,358.67757580280306,0.4347474747474747,0.0413176515201418,20.779310344827586,51.29801324503311,,,100,100
726,0.21,sn_kjContinuousBeta_sigmoid,11,1,SuStaIn (KDE),3,0.3224565590848136,0.9805233856719006,342.8959713776906,0.315959595959596,0.0043106402393063,14.488275862068964,22.26490066225165,,,100,100
726,0.21,sn_kjContinuousBeta_sigmoid,12,1,BebmS,3,0.0562953548448924,0.6855658899223256,228.41351514259972,0.3421548821548821,0.6100858238058298,8.428965517241378,0.0993377483443708,,,100,100
726,0.21,sn_kjContinuousBeta_sigmoid,12,1,BebmS (Blind),3,0.0562953548448924,0.6855658899223256,198.33606821695963,0.3880808080808081,0.2946522223098787,12.321379310344827,0.2582781456953642,,1.0,100,100
726,0.21,sn_kjContinuousBeta_sigmoid,12,1,Random Guessing,3,0.0562953548448924,0.6855658899223256,0.0,0.4796698616262135,0.0024165567920794,53.004137931034485,6.3907284768211925,,1.0,100,100
726,0.21,sn_kjContinuousBeta_sigmoid,12,1,SuStaIn (GMM),3,0.0562953548448924,0.6855658899223256,479.4501489559809,0.3736700336700336,0.865859934881864,13.804137931034482,38.81456953642384,,,100,100
726,0.21,sn_kjContinuousBeta_sigmoid,12,1,SuStaIn (KDE),3,0.0562953548448924,0.6855658899223256,412.6216148932775,0.3608080808080808,0.2319413865326559,12.471724137931034,20.920529801324506,,,100,100
726,0.21,sn_kjContinuousBeta_sigmoid,13,1,BebmS,3,0.333236488824664,0.983993065973264,141.1369350473086,0.4142087542087542,0.0,7.615172413793103,0.0,,,100,100
726,0.21,sn_kjContinuousBeta_sigmoid,13,1,BebmS (Blind),3,0.333236488824664,0.983993065973264,175.7163230975469,0.4076094276094276,0.001615934937077,9.862068965517242,0.2781456953642384,,2.0,100,100
726,0.21,sn_kjContinuousBeta_sigmoid,13,1,Random Guessing,3,0.333236488824664,0.983993065973264,0.0,0.4748255402488985,-0.0009584934602335,52.10896551724138,6.132450331125828,,2.0,100,100
726,0.21,sn_kjContinuousBeta_sigmoid,13,1,SuStaIn (GMM),3,0.333236488824664,0.983993065973264,495.3171041647593,0.4635690235690236,0.0368933252280286,19.944827586206895,48.01986754966888,,,100,100
726,0.21,sn_kjContinuousBeta_sigmoid,13,1,SuStaIn (KDE),3,0.333236488824664,0.983993065973264,458.34621563355125,0.3438383838383838,-0.0006625110231224,13.707586206896552,19.41721854304636,,,100,100
726,0.21,sn_kjContinuousBeta_sigmoid,14,1,BebmS,3,0.0423355953389523,0.5814114744807815,131.96678065856298,0.3476767676767676,0.2121400047022755,6.824827586206896,0.0,,,100,100
726,0.21,sn_kjContinuousBeta_sigmoid,14,1,BebmS (Blind),3,0.0423355953389523,0.5814114744807815,165.96912926038107,0.4235016835016835,0.0039693376699172,14.797241379310345,0.0328947368421052,,2.0,100,100
726,0.21,sn_kjContinuousBeta_sigmoid,14,1,Random Guessing,3,0.0423355953389523,0.5814114744807815,0.0,0.4677563598125727,-0.0028865764839226,52.90344827586207,6.309210526315789,,2.0,100,100
726,0.21,sn_kjContinuousBeta_sigmoid,14,1,SuStaIn (GMM),3,0.0423355953389523,0.5814114744807815,488.8163099726041,0.4309090909090909,0.8119289416028703,14.66896551724138,42.29605263157895,,,100,100
726,0.21,sn_kjContinuousBeta_sigmoid,14,1,SuStaIn (KDE),3,0.0423355953389523,0.5814114744807815,409.3258064945539,0.3239057239057239,0.3715047732479564,13.172413793103448,20.835526315789476,,,100,100
726,0.21,sn_kjContinuousBeta_sigmoid,15,1,BebmS,3,0.3836029601542297,0.9838437177051038,143.5607631643613,0.4278787878787879,0.0,14.168275862068963,0.1066666666666666,,,100,100
726,0.21,sn_kjContinuousBeta_sigmoid,15,1,BebmS (Blind),3,0.3836029601542297,0.9838437177051038,186.49656815926235,0.3858585858585859,0.0,11.819310344827588,1.6333333333333333,,2.0,100,100
726,0.21,sn_kjContinuousBeta_sigmoid,15,1,Random Guessing,3,0.3836029601542297,0.9838437177051038,0.0,0.5289289047390303,-0.0015407328526142,52.72827586206896,6.133333333333334,,2.0,100,100
726,0.21,sn_kjContinuousBeta_sigmoid,15,1,SuStaIn (GMM),3,0.3836029601542297,0.9838437177051038,502.6967153350512,0.3987205387205386,0.0264691732384536,16.49241379310345,44.766666666666666,,,100,100
726,0.21,sn_kjContinuousBeta_sigmoid,15,1,SuStaIn (KDE),3,0.3836029601542297,0.9838437177051038,490.3752489328384,0.3232323232323232,0.0042251474577101,12.78896551724138,20.67333333333333,,,100,100
726,0.21,sn_kjContinuousBeta_sigmoid,16,1,BebmS,3,0.163267662690207,0.9364629796312964,85.5159017364184,0.4536026936026936,0.0,16.37878787878788,0.0133333333333333,,,100,100
726,0.21,sn_kjContinuousBeta_sigmoid,16,1,BebmS (Blind),3,0.163267662690207,0.9364629796312964,99.36921126445137,0.4771717171717172,0.0,15.984848484848484,1.2466666666666666,,1.0,100,100
726,0.21,sn_kjContinuousBeta_sigmoid,16,1,Random Guessing,3,0.163267662690207,0.9364629796312964,0.0,0.5645442542770338,-0.0020147341862707,53.16666666666666,5.833333333333333,,1.0,100,100
726,0.21,sn_kjContinuousBeta_sigmoid,16,1,SuStaIn (GMM),3,0.163267662690207,0.9364629796312964,685.692704252402,0.4304377104377104,0.0766840647856809,17.612947658402202,45.42666666666667,,,100,100
726,0.21,sn_kjContinuousBeta_sigmoid,16,1,SuStaIn (KDE),3,0.163267662690207,0.9364629796312964,791.735319117705,0.3493602693602693,-0.0005205066337926,11.512396694214877,17.633333333333333,,,100,100
726,0.21,sn_kjContinuousBeta_sigmoid,17,1,BebmS,3,0.0713847024304717,0.745971930526386,223.98589785496395,0.3705050505050505,0.0,8.511724137931035,0.0132450331125827,,,100,100
726,0.21,sn_kjContinuousBeta_sigmoid,17,1,BebmS (Blind),3,0.0713847024304717,0.745971930526386,276.36812727451326,0.4101010101010101,0.0,8.703448275862069,0.2847682119205298,,3.0,100,100
726,0.21,sn_kjContinuousBeta_sigmoid,17,1,Random Guessing,3,0.0713847024304717,0.745971930526386,0.0,0.4880005952958535,-0.0001067504515196,53.48,6.423841059602649,,3.0,100,100
726,0.21,sn_kjContinuousBeta_sigmoid,17,1,SuStaIn (GMM),3,0.0713847024304717,0.745971930526386,648.9156593521436,0.4435016835016834,0.2835279798135195,17.486896551724136,46.32450331125828,,,100,100
726,0.21,sn_kjContinuousBeta_sigmoid,17,1,SuStaIn (KDE),3,0.0713847024304717,0.745971930526386,675.3497816443444,0.386060606060606,0.0042979907784452,12.477241379310344,18.29139072847682,,,100,100
726,0.21,sn_kjContinuousBeta_sigmoid,18,1,BebmS,3,0.1509687735436853,0.9102043537687102,138.22766738335292,0.4283501683501683,0.0,12.58206896551724,0.0397350993377483,,,100,100
726,0.21,sn_kjContinuousBeta_sigmoid,18,1,BebmS (Blind),3,0.1509687735436853,0.9102043537687102,163.88884876171747,0.403973063973064,0.0,8.813793103448276,1.6357615894039734,,0.0,100,100
726,0.21,sn_kjContinuousBeta_sigmoid,18,1,Random Guessing,3,0.1509687735436853,0.9102043537687102,0.0,0.4752167975623382,-0.0008621893718808,52.25931034482759,6.271523178807947,,0.0,100,100
726,0.21,sn_kjContinuousBeta_sigmoid,18,1,SuStaIn (GMM),3,0.1509687735436853,0.9102043537687102,196.7011334101359,0.4026936026936027,0.0522562738864577,16.655172413793103,44.50331125827815,,,100,100
726,0.21,sn_kjContinuousBeta_sigmoid,18,1,SuStaIn (KDE),3,0.1509687735436853,0.9102043537687102,193.0558690349261,0.3060606060606061,0.0248522201680661,13.86344827586207,21.26490066225165,,,100,100
726,0.21,sn_kjContinuousBeta_sigmoid,19,1,BebmS,3,0.169048486607357,0.9458559189252258,201.41258856455485,0.4162962962962963,0.0,7.96,0.0,,,100,100
726,0.21,sn_kjContinuousBeta_sigmoid,19,1,BebmS (Blind),3,0.169048486607357,0.9458559189252258,192.2733168999354,0.3851851851851851,0.0,7.6289655172413795,0.0,,2.0,100,100
726,0.21,sn_kjContinuousBeta_sigmoid,19,1,Random Guessing,3,0.169048486607357,0.9458559189252258,0.0,0.4820378399207904,-0.0014154224332453,52.8,6.486666666666666,,2.0,100,100
726,0.21,sn_kjContinuousBeta_sigmoid,19,1,SuStaIn (GMM),3,0.169048486607357,0.9458559189252258,619.4626106063525,0.3683501683501683,0.0433387927925311,16.093793103448277,43.68666666666667,,,100,100
726,0.21,sn_kjContinuousBeta_sigmoid,19,1,SuStaIn (KDE),3,0.169048486607357,0.9458559189252258,795.518353164196,0.3703703703703704,0.0003583679883248,13.79448275862069,19.633333333333333,,,100,100
726,0.21,sn_kjContinuousBeta_sigmoid,20,1,BebmS,3,0.0411284640598806,0.4907304063739707,130.04560749530793,0.2303703703703703,0.968902967725312,3.961432506887052,0.119205298013245,,,100,100
726,0.21,sn_kjContinuousBeta_sigmoid,20,1,BebmS (Blind),3,0.0411284640598806,0.4907304063739707,159.17107090950012,0.289090909090909,0.9073969818533234,6.50137741046832,0.1721854304635761,,0.0,100,100
726,0.21,sn_kjContinuousBeta_sigmoid,20,1,Random Guessing,3,0.0411284640598806,0.4907304063739707,0.0,0.4437687535751944,-0.0015188774694929,52.69421487603306,6.059602649006623,,0.0,100,100
726,0.21,sn_kjContinuousBeta_sigmoid,20,1,SuStaIn (GMM),3,0.0411284640598806,0.4907304063739707,253.15093043645223,0.36006734006734,0.9893003155761376,14.451790633608816,42.397350993377486,,,100,100
726,0.21,sn_kjContinuousBeta_sigmoid,20,1,SuStaIn (KDE),3,0.0411284640598806,0.4907304063739707,325.9729900121689,0.2963636363636364,0.4593332004790401,11.896694214876034,18.3841059602649,,,100,100
726,0.21,sn_kjContinuousBeta_sigmoid,21,1,BebmS,3,0.3925295942657013,0.989006900690069,85.6316799680392,0.4494276094276094,0.0,14.260330578512397,0.02,,,100,100
726,0.21,sn_kjContinuousBeta_sigmoid,21,1,BebmS (Blind),3,0.3925295942657013,0.989006900690069,99.663507270813,0.3892255892255892,0.0,8.479338842975206,0.9666666666666668,,1.0,100,100
726,0.21,sn_kjContinuousBeta_sigmoid,21,1,Random Guessing,3,0.3925295942657013,0.989006900690069,0.0,0.4987876693577953,-0.0002765644506732,53.33057851239669,5.846666666666667,,1.0,100,100
726,0.21,sn_kjContinuousBeta_sigmoid,21,1,SuStaIn (GMM),3,0.3925295942657013,0.989006900690069,670.9806692401568,0.3675420875420875,0.0207520135452776,16.742424242424242,48.03333333333333,,,100,100
726,0.21,sn_kjContinuousBeta_sigmoid,21,1,SuStaIn (KDE),3,0.3925295942657013,0.989006900690069,765.5506355563799,0.2865993265993266,-0.0025634972445549,10.858126721763083,19.093333333333334,,,100,100
726,0.21,sn_kjContinuousBeta_sigmoid,22,1,BebmS,3,0.333343924593604,0.9786458645864586,114.24081710974376,0.3948821548821548,0.0,9.442148760330578,0.06,,,100,100
726,0.21,sn_kjContinuousBeta_sigmoid,22,1,BebmS (Blind),3,0.333343924593604,0.9786458645864586,148.9501213391622,0.4324579124579125,0.0,11.893939393939394,0.8933333333333333,,2.0,100,100
726,0.21,sn_kjContinuousBeta_sigmoid,22,1,Random Guessing,3,0.333343924593604,0.9786458645864586,0.0,0.5078864803103915,-0.0010462322586357,51.3168044077135,5.94,,2.0,100,100
726,0.21,sn_kjContinuousBeta_sigmoid,22,1,SuStaIn (GMM),3,0.333343924593604,0.9786458645864586,323.275087038676,0.3404040404040404,0.0522758804972664,13.910468319559229,36.78,,,100,100
726,0.21,sn_kjContinuousBeta_sigmoid,22,1,SuStaIn (KDE),3,0.333343924593604,0.9786458645864586,385.537384557724,0.3233670033670033,0.0024574987667469,11.887052341597796,18.953333333333333,,,100,100
726,0.21,sn_kjContinuousBeta_sigmoid,23,1,BebmS,3,0.1178557290142359,0.8477127712771277,156.01895359754562,0.3422895622895623,0.2627857397996007,9.09228650137741,0.0529801324503311,,,100,100
726,0.21,sn_kjContinuousBeta_sigmoid,23,1,BebmS (Blind),3,0.1178557290142359,0.8477127712771277,189.3789323012034,0.3826936026936027,-0.0072595219184706,9.391184573002755,0.2119205298013245,,2.0,100,100
726,0.21,sn_kjContinuousBeta_sigmoid,23,1,Random Guessing,3,0.1178557290142359,0.8477127712771277,0.0,0.4883865417541008,-0.0024079387561583,52.96831955922865,6.364238410596027,,2.0,100,100
726,0.21,sn_kjContinuousBeta_sigmoid,23,1,SuStaIn (GMM),3,0.1178557290142359,0.8477127712771277,425.4905542254448,0.4123905723905723,0.4430346280654095,16.020661157024794,43.91390728476821,,,100,100
726,0.21,sn_kjContinuousBeta_sigmoid,23,1,SuStaIn (KDE),3,0.1178557290142359,0.8477127712771277,377.1526323119799,0.3482828282828283,0.0377615141234671,13.962809917355372,19.6953642384106,,,100,100
726,0.21,sn_kjContinuousBeta_sigmoid,24,1,BebmS,3,0.1789677282579977,0.9175170850418376,147.370705584685,0.3762289562289562,-0.0055643910975282,8.444137931034483,0.0,,,100,100
726,0.21,sn_kjContinuousBeta_sigmoid,24,1,BebmS (Blind),3,0.1789677282579977,0.9175170850418376,180.79449402093888,0.4125925925925925,0.0,10.729655172413793,0.1986754966887417,,2.0,100,100
726,0.21,sn_kjContinuousBeta_sigmoid,24,1,Random Guessing,3,0.1789677282579977,0.9175170850418376,0.0,0.5352418470061363,-0.0023766205235563,51.70620689655173,5.728476821192053,,2.0,100,100
726,0.21,sn_kjContinuousBeta_sigmoid,24,1,SuStaIn (GMM),3,0.1789677282579977,0.9175170850418376,409.8524450540543,0.4422895622895622,0.192814065007974,21.01103448275862,49.90066225165563,,,100,100
726,0.21,sn_kjContinuousBeta_sigmoid,24,1,SuStaIn (KDE),3,0.1789677282579977,0.9175170850418376,537.1353947559993,0.3294276094276094,0.0033631308812882,14.463448275862069,20.013245033112582,,,100,100
726,0.21,sn_kjContinuousBeta_sigmoid,25,1,BebmS,3,0.4847527166437365,0.9908817548421508,111.82020352284114,0.4242424242424242,0.0,11.196969696969695,0.0066225165562913,,,100,100
726,0.21,sn_kjContinuousBeta_sigmoid,25,1,BebmS (Blind),3,0.4847527166437365,0.9908817548421508,144.5746975461642,0.383973063973064,0.0,8.90771349862259,2.1125827814569536,,0.0,100,100
726,0.21,sn_kjContinuousBeta_sigmoid,25,1,Random Guessing,3,0.4847527166437365,0.9908817548421508,0.0,0.4944274931295642,-0.0020330463210739,53.29338842975206,5.920529801324503,,0.0,100,100
726,0.21,sn_kjContinuousBeta_sigmoid,25,1,SuStaIn (GMM),3,0.4847527166437365,0.9908817548421508,345.7470302422841,0.4878114478114477,0.0246147673112925,19.46694214876033,46.24503311258278,,,100,100
726,0.21,sn_kjContinuousBeta_sigmoid,25,1,SuStaIn (KDE),3,0.4847527166437365,0.9908817548421508,338.18619641065595,0.3298989898989899,-0.0003271277577516,12.293388429752063,18.311258278145694,,,100,100
726,0.21,sn_kjContinuousBeta_sigmoid,26,1,BebmS,3,0.4645731588756456,0.9905297196386306,204.2887368718783,0.4228282828282828,0.0010847565486339,6.735172413793103,0.0066225165562913,,,100,100
726,0.21,sn_kjContinuousBeta_sigmoid,26,1,BebmS (Blind),3,0.4645731588756456,0.9905297196386306,197.7090195417404,0.3744781144781144,-0.0028323414281766,6.551724137931035,0.0993377483443708,,3.0,100,100
726,0.21,sn_kjContinuousBeta_sigmoid,26,1,Random Guessing,3,0.4645731588756456,0.9905297196386306,0.0,0.497340431863591,0.0004913492817627,52.54896551724138,6.119205298013245,,3.0,100,100
726,0.21,sn_kjContinuousBeta_sigmoid,26,1,SuStaIn (GMM),3,0.4645731588756456,0.9905297196386306,495.1791470368704,0.3516498316498316,0.0117518137525886,14.048275862068966,39.158940397351,,,100,100
726,0.21,sn_kjContinuousBeta_sigmoid,26,1,SuStaIn (KDE),3,0.4645731588756456,0.9905297196386306,486.6239094773928,0.3808754208754208,0.0015357410217001,16.13241379310345,25.397350993377483,,,100,100
726,0.21,sn_kjContinuousBeta_sigmoid,27,1,BebmS,3,0.0201627440860802,0.4733073307330733,147.05135372479756,0.3527946127946128,0.5634537861132126,9.918620689655173,0.1933333333333333,,,100,100
726,0.21,sn_kjContinuousBeta_sigmoid,27,1,BebmS (Blind),3,0.0201627440860802,0.4733073307330733,175.63083200454713,0.3414814814814815,0.66185598226412,7.153103448275862,2.6066666666666665,,1.0,100,100
726,0.21,sn_kjContinuousBeta_sigmoid,27,1,Random Guessing,3,0.0201627440860802,0.4733073307330733,0.0,0.4813538583853768,-0.0011333975665634,52.26344827586207,5.273333333333333,,1.0,100,100
726,0.21,sn_kjContinuousBeta_sigmoid,27,1,SuStaIn (GMM),3,0.0201627440860802,0.4733073307330733,681.4666751424471,0.3967676767676768,0.9472440918366636,14.326896551724138,42.46,,,100,100
726,0.21,sn_kjContinuousBeta_sigmoid,27,1,SuStaIn (KDE),3,0.0201627440860802,0.4733073307330733,1088.579351667563,0.3044444444444444,0.2853998143753743,14.466206896551723,22.526666666666667,,,100,100
726,0.21,sn_kjContinuousBeta_sigmoid,28,1,BebmS,3,0.1524968730553531,0.9085321865519884,149.7372630516688,0.3290909090909091,0.0040307315983698,8.245179063360881,0.0,,,100,100
726,0.21,sn_kjContinuousBeta_sigmoid,28,1,BebmS (Blind),3,0.1524968730553531,0.9085321865519884,233.24090627829236,0.4143434343434343,0.2791897672636194,16.359504132231404,0.34,,0.0,100,100
726,0.21,sn_kjContinuousBeta_sigmoid,28,1,Random Guessing,3,0.1524968730553531,0.9085321865519884,0.0,0.4940197830331054,0.0041986169403919,52.25068870523416,6.08,,0.0,100,100
726,0.21,sn_kjContinuousBeta_sigmoid,28,1,SuStaIn (GMM),3,0.1524968730553531,0.9085321865519884,453.3545089840889,0.4109090909090909,0.282001586096864,16.210743801652892,39.60666666666667,,,100,100
726,0.21,sn_kjContinuousBeta_sigmoid,28,1,SuStaIn (KDE),3,0.1524968730553531,0.9085321865519884,394.797637462616,0.3086195286195286,0.0220691980079744,12.005509641873278,18.906666666666663,,,100,100
726,0.21,sn_kjContinuousBeta_sigmoid,29,1,BebmS,3,0.0480102668896147,0.6203753708704204,148.9406855305036,0.3418855218855219,0.4576993052143996,9.695172413793104,1.0,,,100,100
726,0.21,sn_kjContinuousBeta_sigmoid,29,1,BebmS (Blind),3,0.0480102668896147,0.6203753708704204,167.34498329957327,0.3868686868686868,0.1838654367851451,11.711724137931034,0.7284768211920529,,2.0,100,100
726,0.21,sn_kjContinuousBeta_sigmoid,29,1,Random Guessing,3,0.0480102668896147,0.6203753708704204,0.0,0.4619930449081951,0.0010870757923055,52.67448275862069,6.0198675496688745,,2.0,100,100
726,0.21,sn_kjContinuousBeta_sigmoid,29,1,SuStaIn (GMM),3,0.0480102668896147,0.6203753708704204,391.1356389005979,0.4385858585858586,0.8722787460237991,15.36551724137931,42.54966887417218,,,100,100
726,0.21,sn_kjContinuousBeta_sigmoid,29,1,SuStaIn (KDE),3,0.0480102668896147,0.6203753708704204,393.08162169853847,0.2848484848484848,0.2691572728589518,12.85103448275862,20.86092715231788,,,100,100
726,0.21,sn_kjContinuousBeta_sigmoid,30,1,BebmS,3,0.1875034302821404,0.9403833716705003,159.66727086702983,0.399057239057239,0.0556452080025508,12.620689655172416,0.304635761589404,,,100,100
726,0.21,sn_kjContinuousBeta_sigmoid,30,1,BebmS (Blind),3,0.1875034302821404,0.9403833716705003,181.050677216053,0.362962962962963,0.018678125899093,9.144827586206896,0.4966887417218543,,0.0,100,100
726,0.21,sn_kjContinuousBeta_sigmoid,30,1,Random Guessing,3,0.1875034302821404,0.9403833716705003,0.0,0.4865217040569778,-0.0016754868897887,52.63448275862069,5.708609271523179,,0.0,100,100
726,0.21,sn_kjContinuousBeta_sigmoid,30,1,SuStaIn (GMM),3,0.1875034302821404,0.9403833716705003,439.23493574857713,0.3583838383838384,0.6276728728405706,14.29103448275862,42.920529801324506,,,100,100
726,0.21,sn_kjContinuousBeta_sigmoid,30,1,SuStaIn (KDE),3,0.1875034302821404,0.9403833716705003,438.5287852247556,0.3241750841750841,0.0041708554091946,13.846896551724138,24.13907284768212,,,100,100
726,0.21,sn_kjContinuousBeta_sigmoid,31,1,BebmS,3,0.3668785914262492,0.985894589458946,124.70876142978668,0.3915151515151515,0.0,8.675862068965516,0.0592105263157894,,,100,100
726,0.21,sn_kjContinuousBeta_sigmoid,31,1,BebmS (Blind),3,0.3668785914262492,0.985894589458946,157.0562906940778,0.4095622895622896,0.0,4.092413793103448,0.2960526315789473,,2.0,100,100
726,0.21,sn_kjContinuousBeta_sigmoid,31,1,Random Guessing,3,0.3668785914262492,0.985894589458946,0.0,0.4875020120655229,0.0001298398725254,52.77655172413793,6.256578947368421,,2.0,100,100
726,0.21,sn_kjContinuousBeta_sigmoid,31,1,SuStaIn (GMM),3,0.3668785914262492,0.985894589458946,282.92271272738776,0.3919191919191919,-0.001155407313236,14.590344827586208,40.953947368421055,,,100,100
726,0.21,sn_kjContinuousBeta_sigmoid,31,1,SuStaIn (KDE),3,0.3668785914262492,0.985894589458946,339.735196920236,0.3079461279461279,0.0014462396610137,12.586206896551724,19.789473684210527,,,100,100
726,0.21,sn_kjContinuousBeta_sigmoid,32,1,BebmS,3,0.1801456930082788,0.9387005367203388,135.4335439801216,0.4418855218855219,0.0,13.34896551724138,0.0132450331125827,,,100,100
726,0.21,sn_kjContinuousBeta_sigmoid,32,1,BebmS (Blind),3,0.1801456930082788,0.9387005367203388,168.07351013422013,0.4343434343434343,0.0,10.295172413793104,0.8410596026490066,,0.0,100,100
726,0.21,sn_kjContinuousBeta_sigmoid,32,1,Random Guessing,3,0.1801456930082788,0.9387005367203388,0.0,0.4857273308401903,0.0012094272875997,52.76827586206897,6.317880794701987,,0.0,100,100
726,0.21,sn_kjContinuousBeta_sigmoid,32,1,SuStaIn (GMM),3,0.1801456930082788,0.9387005367203388,212.07087361017864,0.4494276094276094,0.5348187030484761,18.22896551724138,45.0,,,100,100
726,0.21,sn_kjContinuousBeta_sigmoid,32,1,SuStaIn (KDE),3,0.1801456930082788,0.9387005367203388,182.08434256315232,0.3674074074074074,0.0029795151334365,12.852413793103448,17.311258278145694,,,100,100
726,0.21,sn_kjContinuousBeta_sigmoid,33,1,BebmS,3,0.2451102816479836,0.957929126245958,190.97528026501337,0.4086868686868687,0.0121278438527248,12.692837465564738,0.0,,,100,100
726,0.21,sn_kjContinuousBeta_sigmoid,33,1,BebmS (Blind),3,0.2451102816479836,0.957929126245958,203.6761904199918,0.3896969696969697,0.0,9.391184573002755,0.4304635761589404,,0.0,100,100
726,0.21,sn_kjContinuousBeta_sigmoid,33,1,Random Guessing,3,0.2451102816479836,0.957929126245958,0.0,0.5228938700513571,-0.0014608608215372,52.921487603305785,5.708609271523179,,0.0,100,100
726,0.21,sn_kjContinuousBeta_sigmoid,33,1,SuStaIn (GMM),3,0.2451102816479836,0.957929126245958,505.9487908760706,0.4184511784511784,0.1153807588568958,16.856749311294767,43.50993377483444,,,100,100
726,0.21,sn_kjContinuousBeta_sigmoid,33,1,SuStaIn (KDE),3,0.2451102816479836,0.957929126245958,361.2560660203298,0.3457912457912458,0.0002451574856921,15.46418732782369,23.596026490066222,,,100,100
726,0.21,sn_kjContinuousBeta_sigmoid,34,1,BebmS,3,0.0968897852243253,0.8235210187685436,124.4751501083374,0.3934006734006734,0.0102786856805164,9.90206896551724,0.0,,,100,100
726,0.21,sn_kjContinuousBeta_sigmoid,34,1,BebmS (Blind),3,0.0968897852243253,0.8235210187685436,156.9892666300138,0.4141414141414141,0.0,10.33103448275862,0.9602649006622516,,2.0,100,100
726,0.21,sn_kjContinuousBeta_sigmoid,34,1,Random Guessing,3,0.0968897852243253,0.8235210187685436,0.0,0.4689014600880526,0.0001586035394478,53.00551724137931,5.549668874172186,,2.0,100,100
726,0.21,sn_kjContinuousBeta_sigmoid,34,1,SuStaIn (GMM),3,0.0968897852243253,0.8235210187685436,328.59093023141224,0.3674074074074074,0.8197265297756561,12.08,35.913907284768214,,,100,100
726,0.21,sn_kjContinuousBeta_sigmoid,34,1,SuStaIn (KDE),3,0.0968897852243253,0.8235210187685436,408.7691955208778,0.3549494949494949,0.066261052463863,12.485517241379313,18.827814569536425,,,100,100
726,0.21,sn_kjContinuousBeta_sigmoid,35,1,BebmS,3,0.4722868284474149,0.988980231356469,138.08300121227902,0.3929292929292929,0.0,8.264827586206897,0.0,,,100,100
726,0.21,sn_kjContinuousBeta_sigmoid,35,1,BebmS (Blind),3,0.4722868284474149,0.988980231356469,161.25945349534354,0.3782491582491582,0.0,9.267586206896553,0.94,,3.0,100,100
726,0.21,sn_kjContinuousBeta_sigmoid,35,1,Random Guessing,3,0.4722868284474149,0.988980231356469,0.0,0.5005358508781371,0.0006517102401538,52.73379310344828,5.826666666666667,,3.0,100,100
726,0.21,sn_kjContinuousBeta_sigmoid,35,1,SuStaIn (GMM),3,0.4722868284474149,0.988980231356469,538.6728689153989,0.425117845117845,0.0216473782073486,16.529655172413793,46.02666666666666,,,100,100
726,0.21,sn_kjContinuousBeta_sigmoid,35,1,SuStaIn (KDE),3,0.4722868284474149,0.988980231356469,812.5202505389849,0.3404040404040404,0.0043044600029369,11.267586206896553,17.6,,,100,100
726,0.21,sn_kjContinuousBeta_sigmoid,36,1,BebmS,3,0.418788179840831,0.9881774844151082,160.43078372875848,0.3925252525252525,-0.0010959519898726,5.137931034482759,0.0,,,100,100
726,0.21,sn_kjContinuousBeta_sigmoid,36,1,BebmS (Blind),3,0.418788179840831,0.9881774844151082,208.37271069288252,0.382962962962963,0.0,5.321379310344828,1.3841059602649006,,2.0,100,100
726,0.21,sn_kjContinuousBeta_sigmoid,36,1,Random Guessing,3,0.418788179840831,0.9881774844151082,0.0,0.468785390206491,-0.0030465978354389,52.81103448275862,5.867549668874172,,2.0,100,100
726,0.21,sn_kjContinuousBeta_sigmoid,36,1,SuStaIn (GMM),3,0.418788179840831,0.9881774844151082,550.1675652623177,0.4002693602693603,0.0187103684451332,16.71448275862069,46.920529801324506,,,100,100
726,0.21,sn_kjContinuousBeta_sigmoid,36,1,SuStaIn (KDE),3,0.418788179840831,0.9881774844151082,460.09293777942656,0.3649831649831649,0.0091118356128294,14.780689655172411,22.09933774834437,,,100,100
726,0.21,sn_kjContinuousBeta_sigmoid,37,1,BebmS,3,0.3922503768172137,0.988068140147348,114.5435907681783,0.4009427609427609,0.0,11.19448275862069,2.0264900662251657,,,100,100
726,0.21,sn_kjContinuousBeta_sigmoid,37,1,BebmS (Blind),3,0.3922503768172137,0.988068140147348,148.32453550895056,0.4412121212121212,0.0,11.052413793103447,0.4304635761589404,,2.0,100,100
726,0.21,sn_kjContinuousBeta_sigmoid,37,1,Random Guessing,3,0.3922503768172137,0.988068140147348,0.0,0.493338746955536,-0.0014745159658133,52.89103448275862,5.682119205298013,,2.0,100,100
726,0.21,sn_kjContinuousBeta_sigmoid,37,1,SuStaIn (GMM),3,0.3922503768172137,0.988068140147348,338.82381403048834,0.4101010101010101,-0.0069746051090085,16.68413793103448,44.55629139072848,,,100,100
726,0.21,sn_kjContinuousBeta_sigmoid,37,1,SuStaIn (KDE),3,0.3922503768172137,0.988068140147348,289.3764560898145,0.3260606060606061,0.0036637752326943,11.41655172413793,14.821192052980132,,,100,100
726,0.21,sn_kjContinuousBeta_sigmoid,38,1,BebmS,3,0.2253244055177593,0.9669513618028468,148.9509640375773,0.4364983164983165,0.0,12.252413793103448,0.0198675496688741,,,100,100
726,0.21,sn_kjContinuousBeta_sigmoid,38,1,BebmS (Blind),3,0.2253244055177593,0.9669513618028468,172.03040477832158,0.4222222222222222,0.0,10.31448275862069,1.0397350993377483,,2.0,100,100
726,0.21,sn_kjContinuousBeta_sigmoid,38,1,Random Guessing,3,0.2253244055177593,0.9669513618028468,0.0,0.553188589367577,-0.0006540534039816,53.01103448275862,5.827814569536423,,2.0,100,100
726,0.21,sn_kjContinuousBeta_sigmoid,38,1,SuStaIn (GMM),3,0.2253244055177593,0.9669513618028468,465.9762504498164,0.4198653198653199,0.0867222258662287,15.193103448275862,44.71523178807947,,,100,100
726,0.21,sn_kjContinuousBeta_sigmoid,38,1,SuStaIn (KDE),3,0.2253244055177593,0.9669513618028468,718.7554255406062,0.3109764309764309,-0.0017988486706881,11.786206896551723,18.423841059602648,,,100,100
726,0.21,sn_kjContinuousBeta_sigmoid,39,1,BebmS,3,0.3716366469723997,0.9828329499616628,72.71366460720698,0.390976430976431,0.0,7.591724137931035,0.0,,,100,100
726,0.21,sn_kjContinuousBeta_sigmoid,39,1,BebmS (Blind),3,0.3716366469723997,0.9828329499616628,87.06778491338095,0.3857239057239057,-0.0001677686791337,7.84551724137931,0.8543046357615894,,2.0,100,100
726,0.21,sn_kjContinuousBeta_sigmoid,39,1,Random Guessing,3,0.3716366469723997,0.9828329499616628,0.0,0.5085573666075374,-0.0005620840918377,53.31310344827586,6.185430463576159,,2.0,100,100
726,0.21,sn_kjContinuousBeta_sigmoid,39,1,SuStaIn (GMM),3,0.3716366469723997,0.9828329499616628,166.89986837307612,0.4305050505050505,0.0188584799245085,17.140689655172412,45.68874172185431,,,100,100
726,0.21,sn_kjContinuousBeta_sigmoid,39,1,SuStaIn (KDE),3,0.3716366469723997,0.9828329499616628,244.17534853617352,0.3048484848484848,0.0015762522357024,12.84,20.82119205298013,,,100,100
726,0.21,sn_kjContinuousBeta_sigmoid,40,1,BebmS,3,0.3723967845268461,0.9803527019368604,127.6150719722112,0.4258585858585859,0.0036799688274591,13.104827586206897,0.0,,,100,100
726,0.21,sn_kjContinuousBeta_sigmoid,40,1,BebmS (Blind),3,0.3723967845268461,0.9803527019368604,170.46820642153423,0.4001346801346801,0.0,8.609655172413794,0.4039735099337748,,2.0,100,100
726,0.21,sn_kjContinuousBeta_sigmoid,40,1,Random Guessing,3,0.3723967845268461,0.9803527019368604,0.0,0.4784913322504673,0.0020221875996413,52.14896551724138,6.456953642384106,,2.0,100,100
726,0.21,sn_kjContinuousBeta_sigmoid,40,1,SuStaIn (GMM),3,0.3723967845268461,0.9803527019368604,380.02297795613606,0.3976430976430976,0.0533719341176531,15.92,42.25827814569536,,,100,100
726,0.21,sn_kjContinuousBeta_sigmoid,40,1,SuStaIn (KDE),3,0.3723967845268461,0.9803527019368604,374.6388839840889,0.292929292929293,-0.0029237606599444,13.80551724137931,23.39072847682119,,,100,100
726,0.21,sn_kjContinuousBeta_sigmoid,41,1,BebmS,3,0.264968640009013,0.9623162316231624,134.82880488236745,0.4144781144781144,0.0,7.513103448275862,0.1059602649006622,,,100,100
726,0.21,sn_kjContinuousBeta_sigmoid,41,1,BebmS (Blind),3,0.264968640009013,0.9623162316231624,105.05390957593916,0.3871380471380471,0.0,10.173793103448276,1.1788079470198676,,2.0,100,100
726,0.21,sn_kjContinuousBeta_sigmoid,41,1,Random Guessing,3,0.264968640009013,0.9623162316231624,0.0,0.4235633335454387,-0.001930327594092,53.06896551724138,6.317880794701987,,2.0,100,100
726,0.21,sn_kjContinuousBeta_sigmoid,41,1,SuStaIn (GMM),3,0.264968640009013,0.9623162316231624,137.45490008195242,0.38006734006734,0.0904941479003995,15.60551724137931,46.75496688741722,,,100,100
726,0.21,sn_kjContinuousBeta_sigmoid,41,1,SuStaIn (KDE),3,0.264968640009013,0.9623162316231624,156.12456625699997,0.2794612794612794,-0.0025835471538493,11.644137931034482,21.39072847682119,,,100,100
726,0.21,sn_kjContinuousBeta_sigmoid,42,1,BebmS,3,0.4045788282265815,0.9882734940160682,127.9803162018458,0.421010101010101,-0.0004040480637193,10.354482758620687,0.0,,,100,100
726,0.21,sn_kjContinuousBeta_sigmoid,42,1,BebmS (Blind),3,0.4045788282265815,0.9882734940160682,172.30554962158203,0.4099663299663299,0.0,7.84,0.0794701986754966,,1.0,100,100
726,0.21,sn_kjContinuousBeta_sigmoid,42,1,Random Guessing,3,0.4045788282265815,0.9882734940160682,0.0,0.5094602505842453,0.0066324126424815,51.98344827586207,6.19205298013245,,1.0,100,100
726,0.21,sn_kjContinuousBeta_sigmoid,42,1,SuStaIn (GMM),3,0.4045788282265815,0.9882734940160682,420.5948728720347,0.3725925925925926,-0.0008809896570829,14.064827586206896,42.41721854304636,,,100,100
726,0.21,sn_kjContinuousBeta_sigmoid,42,1,SuStaIn (KDE),3,0.4045788282265815,0.9882734940160682,353.15815481344856,0.356969696969697,0.0067449067714021,15.164137931034483,22.781456953642383,,,100,100
726,0.21,sn_kjContinuousBeta_sigmoid,43,1,BebmS,3,0.2840346291826404,0.973877387738774,174.28682439724605,0.4143434343434344,0.0,7.924137931034482,0.0131578947368421,,,100,100
726,0.21,sn_kjContinuousBeta_sigmoid,43,1,BebmS (Blind),3,0.2840346291826404,0.973877387738774,255.234097190698,0.389023569023569,0.0,5.863448275862069,0.1710526315789473,,2.0,100,100
726,0.21,sn_kjContinuousBeta_sigmoid,43,1,Random Guessing,3,0.2840346291826404,0.973877387738774,0.0,0.5149304110802267,-0.0011703739111734,52.466206896551725,6.480263157894737,,2.0,100,100
726,0.21,sn_kjContinuousBeta_sigmoid,43,1,SuStaIn (GMM),3,0.2840346291826404,0.973877387738774,609.750223282973,0.4261279461279461,0.2504524948736883,16.402758620689657,41.83552631578947,,,100,100
726,0.21,sn_kjContinuousBeta_sigmoid,43,1,SuStaIn (KDE),3,0.2840346291826404,0.973877387738774,422.90278649727503,0.2772390572390572,-0.0024892412480803,10.870344827586209,17.17105263157895,,,100,100
726,0.21,sn_kjContinuousBeta_sigmoid,44,1,BebmS,3,0.134394319613093,0.9052305230523052,110.98795806566874,0.425050505050505,0.0,12.333793103448276,0.0066225165562913,,,100,100
726,0.21,sn_kjContinuousBeta_sigmoid,44,1,BebmS (Blind),3,0.134394319613093,0.9052305230523052,146.58161497910817,0.4115824915824915,0.0399812202144317,14.962758620689655,1.6158940397350994,,1.0,100,100
726,0.21,sn_kjContinuousBeta_sigmoid,44,1,Random Guessing,3,0.134394319613093,0.9052305230523052,0.0,0.5209701335229907,0.0003892945434391,51.94068965517241,6.119205298013245,,1.0,100,100
726,0.21,sn_kjContinuousBeta_sigmoid,44,1,SuStaIn (GMM),3,0.134394319613093,0.9052305230523052,313.94557555119195,0.4102356902356902,0.1673528239884098,15.827586206896552,42.211920529801326,,,100,100
726,0.21,sn_kjContinuousBeta_sigmoid,44,1,SuStaIn (KDE),3,0.134394319613093,0.9052305230523052,356.8581474939982,0.3536700336700336,-0.0021519762531799,13.732413793103447,19.47682119205298,,,100,100
726,0.21,sn_kjContinuousBeta_sigmoid,45,1,BebmS,3,0.2562230845317803,0.971029102910291,188.68563993374508,0.3474747474747475,-0.0027830225058984,5.811294765840221,0.0333333333333333,,,100,100
726,0.21,sn_kjContinuousBeta_sigmoid,45,1,BebmS (Blind),3,0.2562230845317803,0.971029102910291,285.16510799725853,0.3935353535353535,0.0,11.024793388429751,1.3066666666666666,,2.0,100,100
726,0.21,sn_kjContinuousBeta_sigmoid,45,1,Random Guessing,3,0.2562230845317803,0.971029102910291,0.0,0.5259577184135216,-0.0029980433794871,52.78099173553719,6.4,,2.0,100,100
726,0.21,sn_kjContinuousBeta_sigmoid,45,1,SuStaIn (GMM),3,0.2562230845317803,0.971029102910291,866.7052122116089,0.4005387205387205,0.0251831960724409,15.785123966942148,44.25333333333333,,,100,100
726,0.21,sn_kjContinuousBeta_sigmoid,45,1,SuStaIn (KDE),3,0.2562230845317803,0.971029102910291,652.9056783040364,0.3058585858585859,0.0007463005496811,13.329201101928374,20.23333333333333,,,100,100
726,0.21,sn_kjContinuousBeta_sigmoid,46,1,BebmS,3,0.1398548097360095,0.904995832916625,115.1825534303983,0.3781818181818182,-0.0021303284397455,9.137931034482758,0.0066225165562913,,,100,100
726,0.21,sn_kjContinuousBeta_sigmoid,46,1,BebmS (Blind),3,0.1398548097360095,0.904995832916625,152.8238879442215,0.4413468013468014,0.0,12.537931034482758,0.2251655629139073,,2.0,100,100
726,0.21,sn_kjContinuousBeta_sigmoid,46,1,Random Guessing,3,0.1398548097360095,0.904995832916625,0.0,0.5008448832449289,0.0015315329129159,53.36689655172414,6.039735099337748,,2.0,100,100
726,0.21,sn_kjContinuousBeta_sigmoid,46,1,SuStaIn (GMM),3,0.1398548097360095,0.904995832916625,345.8485333561897,0.4031649831649831,0.3575835290777778,15.22206896551724,42.35099337748344,,,100,100
726,0.21,sn_kjContinuousBeta_sigmoid,46,1,SuStaIn (KDE),3,0.1398548097360095,0.904995832916625,293.86563436985017,0.2894276094276094,0.0606787646593472,10.419310344827586,15.973509933774835,,,100,100
726,0.21,sn_kjContinuousBeta_sigmoid,47,1,BebmS,3,0.0603835459264324,0.654944161082775,200.90929413636525,0.4068013468013468,-0.0003169107071999,14.269972451790634,0.06,,,100,100
726,0.21,sn_kjContinuousBeta_sigmoid,47,1,BebmS (Blind),3,0.0603835459264324,0.654944161082775,188.3951980630557,0.3867340067340067,0.5716626179636147,9.87603305785124,0.4533333333333333,,0.0,100,100
726,0.21,sn_kjContinuousBeta_sigmoid,47,1,Random Guessing,3,0.0603835459264324,0.654944161082775,0.0,0.4751677835022718,0.0009352260655293,53.40495867768595,5.986666666666666,,0.0,100,100
726,0.21,sn_kjContinuousBeta_sigmoid,47,1,SuStaIn (GMM),3,0.0603835459264324,0.654944161082775,416.59622296492256,0.3982491582491582,0.88644582216768,16.077134986225897,43.85333333333333,,,100,100
726,0.21,sn_kjContinuousBeta_sigmoid,47,1,SuStaIn (KDE),3,0.0603835459264324,0.654944161082775,490.416192706426,0.3204040404040404,0.1078865397951886,14.363636363636363,22.71333333333333,,,100,100
726,0.21,sn_kjContinuousBeta_sigmoid,48,1,BebmS,3,0.2315487269382715,0.965908590859086,102.85557696819303,0.4022222222222222,0.0,6.875862068965517,0.0,,,100,100
726,0.21,sn_kjContinuousBeta_sigmoid,48,1,BebmS (Blind),3,0.2315487269382715,0.965908590859086,131.31774747769038,0.4384511784511784,0.0,11.612413793103448,0.3289473684210526,,1.0,100,100
726,0.21,sn_kjContinuousBeta_sigmoid,48,1,Random Guessing,3,0.2315487269382715,0.965908590859086,0.0,0.4573674756514883,-0.0013056574074025,52.34344827586207,5.664473684210527,,1.0,100,100
726,0.21,sn_kjContinuousBeta_sigmoid,48,1,SuStaIn (GMM),3,0.2315487269382715,0.965908590859086,332.703439394633,0.4406734006734007,0.0130048172091636,16.297931034482758,44.69736842105263,,,100,100
726,0.21,sn_kjContinuousBeta_sigmoid,48,1,SuStaIn (KDE),3,0.2315487269382715,0.965908590859086,333.5777555346489,0.3380471380471381,0.0117976298278734,13.57655172413793,19.532894736842103,,,100,100
726,0.21,sn_kjContinuousBeta_sigmoid,49,1,BebmS,3,0.4875193496544652,0.9915271527152716,118.66835660537085,0.4149494949494949,-0.0008904743219535,13.922865013774103,0.0533333333333333,,,100,100
726,0.21,sn_kjContinuousBeta_sigmoid,49,1,BebmS (Blind),3,0.4875193496544652,0.9915271527152716,151.0766171614329,0.4036363636363636,0.0,13.49724517906336,0.12,,0.0,100,100
726,0.21,sn_kjContinuousBeta_sigmoid,49,1,Random Guessing,3,0.4875193496544652,0.9915271527152716,0.0,0.4638110905082485,0.0025892171806243,52.67493112947658,5.933333333333334,,0.0,100,100
726,0.21,sn_kjContinuousBeta_sigmoid,49,1,SuStaIn (GMM),3,0.4875193496544652,0.9915271527152716,322.6125287294388,0.4377777777777777,0.0059712227229046,19.271349862258955,48.02666666666666,,,100,100
726,0.21,sn_kjContinuousBeta_sigmoid,49,1,SuStaIn (KDE),3,0.4875193496544652,0.9915271527152716,271.041749060154,0.3709090909090909,0.0079278895450547,11.987603305785123,18.706666666666667,,,100,100
726,0.21,xiNearNormalWithNoise_kjContinuousBeta_sigmoid,0,2,BebmS,3,0.2980217152407011,0.9768563523018968,139.8418952425321,0.3992592592592592,0.0,6.175172413793104,0.0331125827814569,,,100,100
726,0.21,xiNearNormalWithNoise_kjContinuousBeta_sigmoid,0,2,BebmS (Blind),3,0.2980217152407011,0.9768563523018968,187.76902933915457,0.391986531986532,0.0,7.238620689655172,0.0264900662251655,,1.0,100,100
726,0.21,xiNearNormalWithNoise_kjContinuousBeta_sigmoid,0,2,Random Guessing,3,0.2980217152407011,0.9768563523018968,0.0,0.5036347105732372,0.0012611815498025,57.78206896551724,6.370860927152318,,1.0,100,100
726,0.21,xiNearNormalWithNoise_kjContinuousBeta_sigmoid,0,2,SuStaIn (GMM),3,0.2980217152407011,0.9768563523018968,560.8023960789045,0.372053872053872,0.0668104467526081,17.28137931034483,47.25165562913907,,,100,100
726,0.21,xiNearNormalWithNoise_kjContinuousBeta_sigmoid,0,2,SuStaIn (KDE),3,0.2980217152407011,0.9768563523018968,346.9585287213325,0.3031649831649831,0.0001289017264033,11.4,19.79470198675497,,,100,100
726,0.21,xiNearNormalWithNoise_kjContinuousBeta_sigmoid,1,2,BebmS,3,0.1291275880361602,0.8752328566189952,95.95570004781088,0.3527272727272727,0.0819939008711984,7.332413793103448,0.0,,,100,100
726,0.21,xiNearNormalWithNoise_kjContinuousBeta_sigmoid,1,2,BebmS (Blind),3,0.1291275880361602,0.8752328566189952,127.81187565326692,0.384107744107744,0.0,6.743448275862069,0.0264900662251655,,3.0,100,100
726,0.21,xiNearNormalWithNoise_kjContinuousBeta_sigmoid,1,2,Random Guessing,3,0.1291275880361602,0.8752328566189952,0.0,0.4834796276870416,-0.0010653043291848,59.6551724137931,6.225165562913907,,3.0,100,100
726,0.21,xiNearNormalWithNoise_kjContinuousBeta_sigmoid,1,2,SuStaIn (GMM),3,0.1291275880361602,0.8752328566189952,320.2358792543411,0.4251851851851851,0.1783267394803814,16.226206896551723,45.0728476821192,,,100,100
726,0.21,xiNearNormalWithNoise_kjContinuousBeta_sigmoid,1,2,SuStaIn (KDE),3,0.1291275880361602,0.8752328566189952,367.5315169175466,0.3364983164983164,0.0018317446188707,9.543448275862067,16.28476821192053,,,100,100
726,0.21,xiNearNormalWithNoise_kjContinuousBeta_sigmoid,2,2,BebmS,3,0.1198445877195495,0.9116204953828716,77.95315264860788,0.3713804713804713,0.0614601841222942,6.532413793103449,0.0264900662251655,,,100,100
726,0.21,xiNearNormalWithNoise_kjContinuousBeta_sigmoid,2,2,BebmS (Blind),3,0.1198445877195495,0.9116204953828716,97.78352853059768,0.3496969696969697,0.0043020258365242,7.179310344827586,0.2649006622516556,,2.0,100,100
726,0.21,xiNearNormalWithNoise_kjContinuousBeta_sigmoid,2,2,Random Guessing,3,0.1198445877195495,0.9116204953828716,0.0,0.4821101017171537,-0.0008512362911795,59.14344827586207,5.76158940397351,,2.0,100,100
726,0.21,xiNearNormalWithNoise_kjContinuousBeta_sigmoid,2,2,SuStaIn (GMM),3,0.1198445877195495,0.9116204953828716,464.4095051844915,0.4278787878787879,0.0747043950330659,15.664827586206895,41.026490066225165,,,100,100
726,0.21,xiNearNormalWithNoise_kjContinuousBeta_sigmoid,2,2,SuStaIn (KDE),3,0.1198445877195495,0.9116204953828716,440.1665646592776,0.3805387205387205,0.0030290419200206,12.256551724137932,22.105960264900663,,,100,100
726,0.21,xiNearNormalWithNoise_kjContinuousBeta_sigmoid,3,2,BebmS,3,0.0442784460640953,0.5328679534620129,73.25793481270472,0.2475420875420875,0.458090380895788,4.584827586206896,0.1059602649006622,,,100,100
726,0.21,xiNearNormalWithNoise_kjContinuousBeta_sigmoid,3,2,BebmS (Blind),3,0.0442784460640953,0.5328679534620129,88.9185561855634,0.3090909090909091,0.3679534760474692,6.961379310344827,0.152317880794702,,0.0,100,100
726,0.21,xiNearNormalWithNoise_kjContinuousBeta_sigmoid,3,2,Random Guessing,3,0.0442784460640953,0.5328679534620129,0.0,0.491790937553698,-0.0008451593660819,57.902068965517245,6.039735099337748,,0.0,100,100
726,0.21,xiNearNormalWithNoise_kjContinuousBeta_sigmoid,3,2,SuStaIn (GMM),3,0.0442784460640953,0.5328679534620129,421.938841231664,0.3626262626262626,0.6564078224153006,15.162758620689656,39.847682119205295,,,100,100
726,0.21,xiNearNormalWithNoise_kjContinuousBeta_sigmoid,3,2,SuStaIn (KDE),3,0.0442784460640953,0.5328679534620129,481.68421211242674,0.314006734006734,0.0836009742408816,10.438620689655172,17.205298013245034,,,100,100
726,0.21,xiNearNormalWithNoise_kjContinuousBeta_sigmoid,4,2,BebmS,3,0.2952567538978252,0.9815421542154216,73.91190044085185,0.3730639730639731,0.0,4.169655172413793,0.0266666666666666,,,100,100
726,0.21,xiNearNormalWithNoise_kjContinuousBeta_sigmoid,4,2,BebmS (Blind),3,0.2952567538978252,0.9815421542154216,92.93374843200048,0.3707744107744107,0.0,3.9572413793103447,0.56,,2.0,100,100
726,0.21,xiNearNormalWithNoise_kjContinuousBeta_sigmoid,4,2,Random Guessing,3,0.2952567538978252,0.9815421542154216,0.0,0.5017121953375764,0.0006618683178802,59.554482758620686,5.633333333333334,,2.0,100,100
726,0.21,xiNearNormalWithNoise_kjContinuousBeta_sigmoid,4,2,SuStaIn (GMM),3,0.2952567538978252,0.9815421542154216,409.53467482328415,0.4257912457912458,0.0395554015880294,15.373793103448277,43.36666666666667,,,100,100
726,0.21,xiNearNormalWithNoise_kjContinuousBeta_sigmoid,4,2,SuStaIn (KDE),3,0.2952567538978252,0.9815421542154216,473.89345014890034,0.3306397306397306,0.0034225977293378,10.044137931034482,17.946666666666665,,,100,100
726,0.21,xiNearNormalWithNoise_kjContinuousBeta_sigmoid,5,2,BebmS,3,0.1516785194551776,0.9253765376537654,77.55100943644841,0.3423569023569023,0.024916156201796,7.489655172413793,0.1456953642384106,,,100,100
726,0.21,xiNearNormalWithNoise_kjContinuousBeta_sigmoid,5,2,BebmS (Blind),3,0.1516785194551776,0.9253765376537654,94.7783484339714,0.3162289562289562,0.1404476149753433,6.055172413793104,0.2781456953642384,,1.0,100,100
726,0.21,xiNearNormalWithNoise_kjContinuousBeta_sigmoid,5,2,Random Guessing,3,0.1516785194551776,0.9253765376537654,0.0,0.5119145715655712,0.000156367093219,57.66896551724138,5.913907284768212,,1.0,100,100
726,0.21,xiNearNormalWithNoise_kjContinuousBeta_sigmoid,5,2,SuStaIn (GMM),3,0.1516785194551776,0.9253765376537654,458.0387535452843,0.4442424242424242,0.0520588414406076,16.630344827586207,44.271523178807946,,,100,100
726,0.21,xiNearNormalWithNoise_kjContinuousBeta_sigmoid,5,2,SuStaIn (KDE),3,0.1516785194551776,0.9253765376537654,446.8109759330749,0.3347474747474748,-0.0008218332464693,10.64,21.7682119205298,,,100,100
726,0.21,xiNearNormalWithNoise_kjContinuousBeta_sigmoid,6,2,BebmS,3,0.2400684534556551,0.9665406540654066,78.40960929791133,0.3552188552188552,-0.0030998875134885,4.346206896551724,0.0397350993377483,,,100,100
726,0.21,xiNearNormalWithNoise_kjContinuousBeta_sigmoid,6,2,BebmS (Blind),3,0.2400684534556551,0.9665406540654066,109.89454550743103,0.3288215488215488,0.0365662564926043,5.722758620689655,1.0529801324503312,,2.0,100,100
726,0.21,xiNearNormalWithNoise_kjContinuousBeta_sigmoid,6,2,Random Guessing,3,0.2400684534556551,0.9665406540654066,0.0,0.535677645191334,-0.0009538901503995,56.45379310344828,5.403973509933775,,2.0,100,100
726,0.21,xiNearNormalWithNoise_kjContinuousBeta_sigmoid,6,2,SuStaIn (GMM),3,0.2400684534556551,0.9665406540654066,408.1108306646347,0.3456565656565656,0.1140402136094804,17.197241379310345,47.34437086092715,,,100,100
726,0.21,xiNearNormalWithNoise_kjContinuousBeta_sigmoid,6,2,SuStaIn (KDE),3,0.2400684534556551,0.9665406540654066,479.8445149143537,0.3451851851851851,0.0078623397744434,11.961379310344828,22.556291390728475,,,100,100
726,0.21,xiNearNormalWithNoise_kjContinuousBeta_sigmoid,7,2,BebmS,3,0.1476232903935374,0.908094809480948,78.69057738780975,0.3996632996632996,0.0,5.2162534435261705,0.0198675496688741,,,100,100
726,0.21,xiNearNormalWithNoise_kjContinuousBeta_sigmoid,7,2,BebmS (Blind),3,0.1476232903935374,0.908094809480948,97.33507096767426,0.3954882154882155,0.0,4.893939393939394,0.7218543046357616,,2.0,100,100
726,0.21,xiNearNormalWithNoise_kjContinuousBeta_sigmoid,7,2,Random Guessing,3,0.1476232903935374,0.908094809480948,0.0,0.5181767134833586,-0.0002663929303867,56.63085399449036,5.933774834437086,,2.0,100,100
726,0.21,xiNearNormalWithNoise_kjContinuousBeta_sigmoid,7,2,SuStaIn (GMM),3,0.1476232903935374,0.908094809480948,445.7885133504868,0.3694949494949495,0.0589249242304585,15.548209366391184,41.82119205298013,,,100,100
726,0.21,xiNearNormalWithNoise_kjContinuousBeta_sigmoid,7,2,SuStaIn (KDE),3,0.1476232903935374,0.908094809480948,413.6523787061373,0.3283501683501683,8.816248464004676e-06,12.057851239669422,17.24503311258278,,,100,100
726,0.21,xiNearNormalWithNoise_kjContinuousBeta_sigmoid,8,2,BebmS,3,0.2112957933506616,0.957011701170117,140.88773240645727,0.3843097643097643,0.0436859395632433,4.12,0.0,,,100,100
726,0.21,xiNearNormalWithNoise_kjContinuousBeta_sigmoid,8,2,BebmS (Blind),3,0.2112957933506616,0.957011701170117,172.47038481632868,0.3646464646464646,0.0,3.7820689655172415,0.0529801324503311,,1.0,100,100
726,0.21,xiNearNormalWithNoise_kjContinuousBeta_sigmoid,8,2,Random Guessing,3,0.2112957933506616,0.957011701170117,0.0,0.4777163850242765,0.0007883621972261,60.01793103448276,5.960264900662252,,1.0,100,100
726,0.21,xiNearNormalWithNoise_kjContinuousBeta_sigmoid,8,2,SuStaIn (GMM),3,0.2112957933506616,0.957011701170117,437.9113983750343,0.4017508417508417,0.0488103598514774,15.641379310344828,47.25827814569536,,,100,100
726,0.21,xiNearNormalWithNoise_kjContinuousBeta_sigmoid,8,2,SuStaIn (KDE),3,0.2112957933506616,0.957011701170117,475.16228717565536,0.36006734006734,0.0089207728046847,9.93793103448276,19.86754966887417,,,100,100
726,0.21,xiNearNormalWithNoise_kjContinuousBeta_sigmoid,9,2,BebmS,3,0.4263417988595992,0.9894176084275094,131.99976461728414,0.4469360269360269,0.0108373946347214,10.831491712707182,0.1125827814569536,,,100,100
726,0.21,xiNearNormalWithNoise_kjContinuousBeta_sigmoid,9,2,BebmS (Blind),3,0.4263417988595992,0.9894176084275094,167.6267715295156,0.4066666666666667,0.0,4.924033149171271,0.2980132450331126,,1.0,100,100
726,0.21,xiNearNormalWithNoise_kjContinuousBeta_sigmoid,9,2,Random Guessing,3,0.4263417988595992,0.9894176084275094,0.0,0.5077674983438841,0.0002444027565475,56.9267955801105,5.71523178807947,,1.0,100,100
726,0.21,xiNearNormalWithNoise_kjContinuousBeta_sigmoid,9,2,SuStaIn (GMM),3,0.4263417988595992,0.9894176084275094,433.5567311724027,0.4613468013468013,0.0164977983663752,20.18646408839779,53.97350993377484,,,100,100
726,0.21,xiNearNormalWithNoise_kjContinuousBeta_sigmoid,9,2,SuStaIn (KDE),3,0.4263417988595992,0.9894176084275094,514.8477084358533,0.2985185185185185,0.0062584184797939,9.443370165745856,15.721854304635762,,,100,100
726,0.21,xiNearNormalWithNoise_kjContinuousBeta_sigmoid,10,2,BebmS,3,0.4607449095409562,0.9887642097543088,100.3890617132187,0.387003367003367,0.0,5.238620689655172,0.0,,,100,100
726,0.21,xiNearNormalWithNoise_kjContinuousBeta_sigmoid,10,2,BebmS (Blind),3,0.4607449095409562,0.9887642097543088,131.94250938495,0.377979797979798,0.0,3.3779310344827587,0.0397350993377483,,1.0,100,100
726,0.21,xiNearNormalWithNoise_kjContinuousBeta_sigmoid,10,2,Random Guessing,3,0.4607449095409562,0.9887642097543088,0.0,0.476907823966574,-0.0019314528070725,59.38068965517241,6.158940397350993,,1.0,100,100
726,0.21,xiNearNormalWithNoise_kjContinuousBeta_sigmoid,10,2,SuStaIn (GMM),3,0.4607449095409562,0.9887642097543088,338.77428201039635,0.4248484848484848,-0.0151188906606312,18.69655172413793,49.95364238410596,,,100,100
726,0.21,xiNearNormalWithNoise_kjContinuousBeta_sigmoid,10,2,SuStaIn (KDE),3,0.4607449095409562,0.9887642097543088,264.30511463483174,0.3696969696969697,0.0001545729925562,11.34344827586207,21.90066225165563,,,100,100
726,0.21,xiNearNormalWithNoise_kjContinuousBeta_sigmoid,11,2,BebmS,3,0.2968306307681039,0.976931026435977,74.38030410210291,0.4006060606060606,0.0024739822294482,9.513103448275862,0.0,,,100,100
726,0.21,xiNearNormalWithNoise_kjContinuousBeta_sigmoid,11,2,BebmS (Blind),3,0.2968306307681039,0.976931026435977,113.76716715097427,0.4090909090909091,0.0,7.442758620689655,0.4768211920529801,,0.0,100,100
726,0.21,xiNearNormalWithNoise_kjContinuousBeta_sigmoid,11,2,Random Guessing,3,0.2968306307681039,0.976931026435977,0.0,0.5012682414982897,-0.0010786124779753,57.83862068965517,5.953642384105961,,0.0,100,100
726,0.21,xiNearNormalWithNoise_kjContinuousBeta_sigmoid,11,2,SuStaIn (GMM),3,0.2968306307681039,0.976931026435977,267.69120999972023,0.4214141414141414,0.0112692108245614,16.808275862068964,46.31788079470199,,,100,100
726,0.21,xiNearNormalWithNoise_kjContinuousBeta_sigmoid,11,2,SuStaIn (KDE),3,0.2968306307681039,0.976931026435977,325.40935489734017,0.3224242424242424,0.0013722732703573,9.846896551724138,17.589403973509935,,,100,100
726,0.21,xiNearNormalWithNoise_kjContinuousBeta_sigmoid,12,2,BebmS,3,0.0417801301053157,0.5435863586358636,175.75381000439327,0.3653198653198653,0.0673348866779198,7.686896551724138,0.0,,,100,100
726,0.21,xiNearNormalWithNoise_kjContinuousBeta_sigmoid,12,2,BebmS (Blind),3,0.0417801301053157,0.5435863586358636,214.6305253903071,0.3453872053872054,0.1370036968234947,8.233103448275862,0.3112582781456953,,2.0,100,100
726,0.21,xiNearNormalWithNoise_kjContinuousBeta_sigmoid,12,2,Random Guessing,3,0.0417801301053157,0.5435863586358636,0.0,0.4946233961420719,0.0015768440749061,60.10206896551724,5.66887417218543,,2.0,100,100
726,0.21,xiNearNormalWithNoise_kjContinuousBeta_sigmoid,12,2,SuStaIn (GMM),3,0.0417801301053157,0.5435863586358636,523.4810064951579,0.3934680134680134,0.4189233707022006,13.702068965517242,39.57615894039735,,,100,100
726,0.21,xiNearNormalWithNoise_kjContinuousBeta_sigmoid,12,2,SuStaIn (KDE),3,0.0417801301053157,0.5435863586358636,450.9990812977155,0.3443771043771044,0.063665498563098,11.00551724137931,19.17218543046357,,,100,100
726,0.21,xiNearNormalWithNoise_kjContinuousBeta_sigmoid,13,2,BebmS,3,0.3140689016629173,0.9771550488382172,111.65845613876978,0.4179124579124579,-0.0003380322825625,8.146206896551725,0.0,,,100,100
726,0.21,xiNearNormalWithNoise_kjContinuousBeta_sigmoid,13,2,BebmS (Blind),3,0.3140689016629173,0.9771550488382172,162.9329573750496,0.4387878787878788,0.0,8.49655172413793,1.490066225165563,,0.0,100,100
726,0.21,xiNearNormalWithNoise_kjContinuousBeta_sigmoid,13,2,Random Guessing,3,0.3140689016629173,0.9771550488382172,0.0,0.4676082191050365,0.0020860981703248,59.26344827586207,6.569536423841059,,0.0,100,100
726,0.21,xiNearNormalWithNoise_kjContinuousBeta_sigmoid,13,2,SuStaIn (GMM),3,0.3140689016629173,0.9771550488382172,338.9881015340487,0.4535353535353535,0.039593197487908,15.473103448275864,41.12582781456954,,,100,100
726,0.21,xiNearNormalWithNoise_kjContinuousBeta_sigmoid,13,2,SuStaIn (KDE),3,0.3140689016629173,0.9771550488382172,396.5795513828596,0.3445791245791246,9.977565561092186e-05,10.615172413793104,18.596026490066222,,,100,100
726,0.21,xiNearNormalWithNoise_kjContinuousBeta_sigmoid,14,2,BebmS,3,0.0184590943827938,0.3415768243491016,109.30115929841996,0.2729966329966329,0.6025202668426556,5.144827586206897,0.0,,,100,100
726,0.21,xiNearNormalWithNoise_kjContinuousBeta_sigmoid,14,2,BebmS (Blind),3,0.0184590943827938,0.3415768243491016,146.28280280828477,0.2744781144781145,0.7152506037789345,6.009655172413793,0.2781456953642384,,1.0,100,100
726,0.21,xiNearNormalWithNoise_kjContinuousBeta_sigmoid,14,2,Random Guessing,3,0.0184590943827938,0.3415768243491016,0.0,0.4910566286477753,0.0023167638259402,59.812413793103445,6.0198675496688745,,1.0,100,100
726,0.21,xiNearNormalWithNoise_kjContinuousBeta_sigmoid,14,2,SuStaIn (GMM),3,0.0184590943827938,0.3415768243491016,226.08484139839808,0.4073400673400673,0.5794712686829069,16.139310344827585,45.026490066225165,,,100,100
726,0.21,xiNearNormalWithNoise_kjContinuousBeta_sigmoid,14,2,SuStaIn (KDE),3,0.0184590943827938,0.3415768243491016,446.7376823544502,0.3435016835016835,0.2451787459229594,10.64,19.125827814569536,,,100,100
726,0.21,xiNearNormalWithNoise_kjContinuousBeta_sigmoid,15,2,BebmS,3,0.319336094350662,0.9803020302030204,174.14249710639317,0.4024242424242424,0.0,7.222068965517241,0.0,,,100,100
726,0.21,xiNearNormalWithNoise_kjContinuousBeta_sigmoid,15,2,BebmS (Blind),3,0.319336094350662,0.9803020302030204,189.15224089622495,0.3796632996632996,0.0,6.772413793103448,0.7615894039735099,,1.0,100,100
726,0.21,xiNearNormalWithNoise_kjContinuousBeta_sigmoid,15,2,Random Guessing,3,0.319336094350662,0.9803020302030204,0.0,0.5126701537854869,-0.0011500225058439,58.568275862068965,5.993377483443709,,1.0,100,100
726,0.21,xiNearNormalWithNoise_kjContinuousBeta_sigmoid,15,2,SuStaIn (GMM),3,0.319336094350662,0.9803020302030204,472.9392172336578,0.4211447811447811,-0.0208699511343267,15.473103448275864,41.920529801324506,,,100,100
726,0.21,xiNearNormalWithNoise_kjContinuousBeta_sigmoid,15,2,SuStaIn (KDE),3,0.319336094350662,0.9803020302030204,431.9407740831375,0.3276767676767677,-0.0006908068300869,9.551724137931034,17.423841059602648,,,100,100
726,0.21,xiNearNormalWithNoise_kjContinuousBeta_sigmoid,16,2,BebmS,3,0.3157669892042528,0.9772697269726972,87.0389125307401,0.3956228956228956,0.0,4.988965517241379,0.0066225165562913,,,100,100
726,0.21,xiNearNormalWithNoise_kjContinuousBeta_sigmoid,16,2,BebmS (Blind),3,0.3157669892042528,0.9772697269726972,95.9574606815974,0.3962962962962963,0.0,5.473103448275862,0.0,,3.0,100,100
726,0.21,xiNearNormalWithNoise_kjContinuousBeta_sigmoid,16,2,Random Guessing,3,0.3157669892042528,0.9772697269726972,0.0,0.4904722379691471,-0.0006204787731194,59.44689655172414,5.900662251655629,,3.0,100,100
726,0.21,xiNearNormalWithNoise_kjContinuousBeta_sigmoid,16,2,SuStaIn (GMM),3,0.3157669892042528,0.9772697269726972,151.38002835909526,0.4672053872053872,0.0067341873128044,17.041379310344826,45.43046357615894,,,100,100
726,0.21,xiNearNormalWithNoise_kjContinuousBeta_sigmoid,16,2,SuStaIn (KDE),3,0.3157669892042528,0.9772697269726972,205.19093175331756,0.3784511784511784,-0.0005783412836472,12.49103448275862,21.82119205298013,,,100,100
726,0.21,xiNearNormalWithNoise_kjContinuousBeta_sigmoid,17,2,BebmS,3,0.2978045435012166,0.9752401906857352,85.15954875946045,0.3602693602693603,0.0,4.441379310344828,0.0529801324503311,,,100,100
726,0.21,xiNearNormalWithNoise_kjContinuousBeta_sigmoid,17,2,BebmS (Blind),3,0.2978045435012166,0.9752401906857352,101.00793758630752,0.3815488215488216,0.0,5.954482758620689,0.0264900662251655,,3.0,100,100
726,0.21,xiNearNormalWithNoise_kjContinuousBeta_sigmoid,17,2,Random Guessing,3,0.2978045435012166,0.9752401906857352,0.0,0.4911368935637929,0.0055833073291145,59.19724137931034,6.304635761589404,,3.0,100,100
726,0.21,xiNearNormalWithNoise_kjContinuousBeta_sigmoid,17,2,SuStaIn (GMM),3,0.2978045435012166,0.9752401906857352,752.2109408338864,0.3695622895622896,0.0153589074954035,15.823448275862068,43.450331125827816,,,100,100
726,0.21,xiNearNormalWithNoise_kjContinuousBeta_sigmoid,17,2,SuStaIn (KDE),3,0.2978045435012166,0.9752401906857352,730.8411891063055,0.3257239057239057,0.0195667393077658,10.02344827586207,18.258278145695364,,,100,100
726,0.21,xiNearNormalWithNoise_kjContinuousBeta_sigmoid,18,2,BebmS,3,0.1200073085097282,0.8858925892589259,137.72755337556202,0.4167003367003367,0.0,5.337931034482758,0.0,,,100,100
726,0.21,xiNearNormalWithNoise_kjContinuousBeta_sigmoid,18,2,BebmS (Blind),3,0.1200073085097282,0.8858925892589259,189.84432731072107,0.3341414141414141,0.0460294533608433,5.593103448275862,0.1589403973509933,,2.0,100,100
726,0.21,xiNearNormalWithNoise_kjContinuousBeta_sigmoid,18,2,Random Guessing,3,0.1200073085097282,0.8858925892589259,0.0,0.483810214149226,-0.0028789472556775,57.08827586206897,6.112582781456954,,2.0,100,100
726,0.21,xiNearNormalWithNoise_kjContinuousBeta_sigmoid,18,2,SuStaIn (GMM),3,0.1200073085097282,0.8858925892589259,401.18660908937454,0.4451851851851852,0.1526447640542967,15.987586206896552,41.13245033112583,,,100,100
726,0.21,xiNearNormalWithNoise_kjContinuousBeta_sigmoid,18,2,SuStaIn (KDE),3,0.1200073085097282,0.8858925892589259,397.7269499778748,0.3129292929292929,0.012907382029467,11.00551724137931,19.83443708609272,,,100,100
726,0.21,xiNearNormalWithNoise_kjContinuousBeta_sigmoid,19,2,BebmS,3,0.0438077611543527,0.5995972930626396,161.246896648407,0.3715151515151516,0.1196099063212213,6.597241379310345,0.086092715231788,,,100,100
726,0.21,xiNearNormalWithNoise_kjContinuousBeta_sigmoid,19,2,BebmS (Blind),3,0.0438077611543527,0.5995972930626396,208.8729489326477,0.3351515151515151,0.4329276156446106,4.895172413793103,0.3311258278145695,,2.0,100,100
726,0.21,xiNearNormalWithNoise_kjContinuousBeta_sigmoid,19,2,Random Guessing,3,0.0438077611543527,0.5995972930626396,0.0,0.5042806614822014,-0.00217289096925,59.45379310344828,6.052980132450331,,2.0,100,100
726,0.21,xiNearNormalWithNoise_kjContinuousBeta_sigmoid,19,2,SuStaIn (GMM),3,0.0438077611543527,0.5995972930626396,668.0369415561358,0.4287542087542087,0.7278316130756008,15.82896551724138,45.271523178807946,,,100,100
726,0.21,xiNearNormalWithNoise_kjContinuousBeta_sigmoid,19,2,SuStaIn (KDE),3,0.0438077611543527,0.5995972930626396,678.5295708934466,0.3434343434343434,0.0494548711069702,10.762758620689656,19.350993377483444,,,100,100
726,0.21,xiNearNormalWithNoise_kjContinuousBeta_sigmoid,20,2,BebmS,3,0.3258709506318764,0.9756028936226956,131.21131029923757,0.3965656565656565,0.0,6.691460055096419,0.0198675496688741,,,100,100
726,0.21,xiNearNormalWithNoise_kjContinuousBeta_sigmoid,20,2,BebmS (Blind),3,0.3258709506318764,0.9756028936226956,163.07242741187414,0.3844444444444444,0.0,4.847107438016529,0.0,,3.0,100,100
726,0.21,xiNearNormalWithNoise_kjContinuousBeta_sigmoid,20,2,Random Guessing,3,0.3258709506318764,0.9756028936226956,0.0,0.4994798319756421,-0.0015599287938759,57.63223140495868,5.582781456953643,,3.0,100,100
726,0.21,xiNearNormalWithNoise_kjContinuousBeta_sigmoid,20,2,SuStaIn (GMM),3,0.3258709506318764,0.9756028936226956,453.9699003418287,0.3993939393939394,0.0450552231232185,15.78374655647383,44.24503311258278,,,100,100
726,0.21,xiNearNormalWithNoise_kjContinuousBeta_sigmoid,20,2,SuStaIn (KDE),3,0.3258709506318764,0.9756028936226956,410.9156854470571,0.3501010101010101,0.000437739794293,12.12534435261708,23.165562913907284,,,100,100
726,0.21,xiNearNormalWithNoise_kjContinuousBeta_sigmoid,21,2,BebmS,3,0.3474565965182067,0.9795792912624596,116.11961877743404,0.3243771043771044,-0.0071972602202808,6.006887052341598,0.0,,,100,100
726,0.21,xiNearNormalWithNoise_kjContinuousBeta_sigmoid,21,2,BebmS (Blind),3,0.3474565965182067,0.9795792912624596,157.6901518424352,0.3812121212121211,-0.0022227964656763,8.309917355371901,0.2649006622516556,,3.0,100,100
726,0.21,xiNearNormalWithNoise_kjContinuousBeta_sigmoid,21,2,Random Guessing,3,0.3474565965182067,0.9795792912624596,0.0,0.5096066284636201,-0.0013618525367247,58.70661157024794,6.079470198675497,,3.0,100,100
726,0.21,xiNearNormalWithNoise_kjContinuousBeta_sigmoid,21,2,SuStaIn (GMM),3,0.3474565965182067,0.9795792912624596,295.5831063508988,0.4491582491582491,0.0186096064330443,16.922865013774103,47.74834437086093,,,100,100
726,0.21,xiNearNormalWithNoise_kjContinuousBeta_sigmoid,21,2,SuStaIn (KDE),3,0.3474565965182067,0.9795792912624596,326.2421531438828,0.3744107744107744,6.734442939073366e-05,10.46831955922865,16.198675496688743,,,100,100
726,0.21,xiNearNormalWithNoise_kjContinuousBeta_sigmoid,22,2,BebmS,3,0.0909673924410211,0.8191872520585392,86.13040678501129,0.3562962962962963,0.1452719686396417,7.647382920110193,0.0,,,100,100
726,0.21,xiNearNormalWithNoise_kjContinuousBeta_sigmoid,22,2,BebmS (Blind),3,0.0909673924410211,0.8191872520585392,102.30375968615212,0.3035016835016835,0.2788952547389243,7.056473829201102,0.0,,2.0,100,100
726,0.21,xiNearNormalWithNoise_kjContinuousBeta_sigmoid,22,2,Random Guessing,3,0.0909673924410211,0.8191872520585392,0.0,0.5074331363455821,0.0027641461719144,57.858126721763085,6.059602649006623,,2.0,100,100
726,0.21,xiNearNormalWithNoise_kjContinuousBeta_sigmoid,22,2,SuStaIn (GMM),3,0.0909673924410211,0.8191872520585392,686.4474018931389,0.479057239057239,0.0988496213259646,16.276859504132233,42.94701986754967,,,100,100
726,0.21,xiNearNormalWithNoise_kjContinuousBeta_sigmoid,22,2,SuStaIn (KDE),3,0.0909673924410211,0.8191872520585392,754.625351591905,0.357979797979798,0.0550669335863674,10.647382920110193,16.39072847682119,,,100,100
726,0.21,xiNearNormalWithNoise_kjContinuousBeta_sigmoid,23,2,BebmS,3,0.2048298013528116,0.950965763242991,129.43344143629074,0.4023569023569024,0.0,5.9958677685950414,0.0,,,100,100
726,0.21,xiNearNormalWithNoise_kjContinuousBeta_sigmoid,23,2,BebmS (Blind),3,0.2048298013528116,0.950965763242991,164.9469633102417,0.3668013468013467,0.0,5.666666666666667,0.0466666666666666,,3.0,100,100
726,0.21,xiNearNormalWithNoise_kjContinuousBeta_sigmoid,23,2,Random Guessing,3,0.2048298013528116,0.950965763242991,0.0,0.5269699388416126,-0.0008341781958422,56.80027548209367,6.506666666666667,,3.0,100,100
726,0.21,xiNearNormalWithNoise_kjContinuousBeta_sigmoid,23,2,SuStaIn (GMM),3,0.2048298013528116,0.950965763242991,408.5503618836403,0.3569023569023569,0.0980933979245156,15.703856749311294,44.02,,,100,100
726,0.21,xiNearNormalWithNoise_kjContinuousBeta_sigmoid,23,2,SuStaIn (KDE),3,0.2048298013528116,0.950965763242991,370.0317743937175,0.2894949494949494,0.0064098861899355,11.0,19.91333333333333,,,100,100
726,0.21,xiNearNormalWithNoise_kjContinuousBeta_sigmoid,24,2,BebmS,3,0.1176651208928166,0.8928319498616528,169.8983380953471,0.3903030303030303,0.0,5.499310344827586,0.0,,,100,100
726,0.21,xiNearNormalWithNoise_kjContinuousBeta_sigmoid,24,2,BebmS (Blind),3,0.1176651208928166,0.8928319498616528,216.57210263411204,0.3282154882154882,0.0099469739773717,6.835862068965517,0.0463576158940397,,1.0,100,100
726,0.21,xiNearNormalWithNoise_kjContinuousBeta_sigmoid,24,2,Random Guessing,3,0.1176651208928166,0.8928319498616528,0.0,0.4844082628997808,0.0004439283398859,56.72827586206896,6.052980132450331,,1.0,100,100
726,0.21,xiNearNormalWithNoise_kjContinuousBeta_sigmoid,24,2,SuStaIn (GMM),3,0.1176651208928166,0.8928319498616528,369.7625039299329,0.4291582491582491,0.0353510775847933,17.27448275862069,43.95364238410596,,,100,100
726,0.21,xiNearNormalWithNoise_kjContinuousBeta_sigmoid,24,2,SuStaIn (KDE),3,0.1176651208928166,0.8928319498616528,568.7516680677732,0.3711784511784511,0.0214064805843352,12.089655172413794,16.6158940397351,,,100,100
726,0.21,xiNearNormalWithNoise_kjContinuousBeta_sigmoid,25,2,BebmS,3,0.382183374216182,0.9842117545087842,209.91758903662364,0.3744107744107743,-0.0013077029282387,5.395862068965517,0.0,,,100,100
726,0.21,xiNearNormalWithNoise_kjContinuousBeta_sigmoid,25,2,BebmS (Blind),3,0.382183374216182,0.9842117545087842,212.71852532227837,0.3845117845117845,-0.0006026787709862,6.275862068965517,0.0397350993377483,,1.0,100,100
726,0.21,xiNearNormalWithNoise_kjContinuousBeta_sigmoid,25,2,Random Guessing,3,0.382183374216182,0.9842117545087842,0.0,0.4966282585534268,-0.0002424646284155,57.95310344827586,5.794701986754967,,1.0,100,100
726,0.21,xiNearNormalWithNoise_kjContinuousBeta_sigmoid,25,2,SuStaIn (GMM),3,0.382183374216182,0.9842117545087842,648.6409940719604,0.3982491582491582,0.0016558366354638,16.49655172413793,44.158940397351,,,100,100
726,0.21,xiNearNormalWithNoise_kjContinuousBeta_sigmoid,25,2,SuStaIn (KDE),3,0.382183374216182,0.9842117545087842,649.9866322199504,0.3263299663299663,0.003999089352752,10.88689655172414,20.576158940397352,,,100,100
726,0.21,xiNearNormalWithNoise_kjContinuousBeta_sigmoid,26,2,BebmS,3,0.2511253906441,0.9694316098276494,218.8594639261564,0.3814141414141414,0.0,4.846896551724138,0.0198675496688741,,,100,100
726,0.21,xiNearNormalWithNoise_kjContinuousBeta_sigmoid,26,2,BebmS (Blind),3,0.2511253906441,0.9694316098276494,253.69413860638937,0.3688888888888889,0.0011048318383668,5.012413793103448,0.0529801324503311,,1.0,100,100
726,0.21,xiNearNormalWithNoise_kjContinuousBeta_sigmoid,26,2,Random Guessing,3,0.2511253906441,0.9694316098276494,0.0,0.4802321367810726,0.0023531633585486,58.445517241379314,6.158940397350993,,1.0,100,100
726,0.21,xiNearNormalWithNoise_kjContinuousBeta_sigmoid,26,2,SuStaIn (GMM),3,0.2511253906441,0.9694316098276494,628.5306936264038,0.384983164983165,0.0034829787676933,14.84,39.735099337748345,,,100,100
726,0.21,xiNearNormalWithNoise_kjContinuousBeta_sigmoid,26,2,SuStaIn (KDE),3,0.2511253906441,0.9694316098276494,451.6987865249316,0.3171717171717171,0.0067043432393689,9.725517241379311,18.86092715231788,,,100,100
726,0.21,xiNearNormalWithNoise_kjContinuousBeta_sigmoid,27,2,BebmS,3,0.2148093874432748,0.9589318931893188,115.5239464521408,0.391043771043771,0.0035062422637585,3.9793103448275855,0.0,,,100,100
726,0.21,xiNearNormalWithNoise_kjContinuousBeta_sigmoid,27,2,BebmS (Blind),3,0.2148093874432748,0.9589318931893188,153.90249905188878,0.3817508417508418,0.0,5.3517241379310345,0.1324503311258278,,2.0,100,100
726,0.21,xiNearNormalWithNoise_kjContinuousBeta_sigmoid,27,2,Random Guessing,3,0.2148093874432748,0.9589318931893188,0.0,0.5004537607372802,0.0056548671874343,57.63586206896552,6.576158940397351,,2.0,100,100
726,0.21,xiNearNormalWithNoise_kjContinuousBeta_sigmoid,27,2,SuStaIn (GMM),3,0.2148093874432748,0.9589318931893188,367.1174806714058,0.4014141414141414,-0.0028541512417232,15.50896551724138,44.89403973509934,,,100,100
726,0.21,xiNearNormalWithNoise_kjContinuousBeta_sigmoid,27,2,SuStaIn (KDE),3,0.2148093874432748,0.9589318931893188,311.854291733106,0.3281481481481481,-0.0025898773461993,10.253793103448276,17.920529801324502,,,100,100
726,0.21,xiNearNormalWithNoise_kjContinuousBeta_sigmoid,28,2,BebmS,3,0.0668694348604763,0.6695776244291096,216.68372807502743,0.3365656565656565,0.2254029964397079,7.033057851239669,0.02,,,100,100
726,0.21,xiNearNormalWithNoise_kjContinuousBeta_sigmoid,28,2,BebmS (Blind),3,0.0668694348604763,0.6695776244291096,241.139524892966,0.314074074074074,0.191914911170156,7.161157024793388,0.2266666666666666,,2.0,100,100
726,0.21,xiNearNormalWithNoise_kjContinuousBeta_sigmoid,28,2,Random Guessing,3,0.0668694348604763,0.6695776244291096,0.0,0.5000436609801829,-0.0001476458739586,57.33195592286501,6.693333333333333,,2.0,100,100
726,0.21,xiNearNormalWithNoise_kjContinuousBeta_sigmoid,28,2,SuStaIn (GMM),3,0.0668694348604763,0.6695776244291096,628.0276832779249,0.3662626262626263,0.3200221335396203,16.702479338842974,45.42,,,100,100
726,0.21,xiNearNormalWithNoise_kjContinuousBeta_sigmoid,28,2,SuStaIn (KDE),3,0.0668694348604763,0.6695776244291096,851.2681383053462,0.3451178451178451,0.1274363339810474,11.539944903581269,18.62,,,100,100
726,0.21,xiNearNormalWithNoise_kjContinuousBeta_sigmoid,29,2,BebmS,3,0.2677484273624301,0.9723172317231724,154.92120653788248,0.4045117845117845,0.0018796298202167,6.216551724137931,0.0,,,100,100
726,0.21,xiNearNormalWithNoise_kjContinuousBeta_sigmoid,29,2,BebmS (Blind),3,0.2677484273624301,0.9723172317231724,186.52332679430643,0.3541414141414141,0.0106496765668944,5.5696551724137935,1.0198675496688745,,1.0,100,100
726,0.21,xiNearNormalWithNoise_kjContinuousBeta_sigmoid,29,2,Random Guessing,3,0.2677484273624301,0.9723172317231724,0.0,0.5025182305373902,0.0008124915120831,60.23586206896552,5.933774834437086,,1.0,100,100
726,0.21,xiNearNormalWithNoise_kjContinuousBeta_sigmoid,29,2,SuStaIn (GMM),3,0.2677484273624301,0.9723172317231724,623.083054848512,0.3822222222222222,0.0492740644813428,14.270344827586207,42.47019867549669,,,100,100
726,0.21,xiNearNormalWithNoise_kjContinuousBeta_sigmoid,29,2,SuStaIn (KDE),3,0.2677484273624301,0.9723172317231724,838.6516737381618,0.3536026936026936,-0.0005571028800625,10.998620689655173,19.662251655629134,,,100,100
726,0.21,xiNearNormalWithNoise_kjContinuousBeta_sigmoid,30,2,BebmS,3,0.1807387728929678,0.9335213521352136,140.73011942307156,0.3846464646464647,0.0,4.6,0.0264900662251655,,,100,100
726,0.21,xiNearNormalWithNoise_kjContinuousBeta_sigmoid,30,2,BebmS (Blind),3,0.1807387728929678,0.9335213521352136,186.63546244700748,0.39003367003367,6.659804735561699e-05,4.635862068965517,0.0331125827814569,,2.0,100,100
726,0.21,xiNearNormalWithNoise_kjContinuousBeta_sigmoid,30,2,Random Guessing,3,0.1807387728929678,0.9335213521352136,0.0,0.5014055689960786,-0.0025981699717337,58.14758620689655,5.887417218543046,,2.0,100,100
726,0.21,xiNearNormalWithNoise_kjContinuousBeta_sigmoid,30,2,SuStaIn (GMM),3,0.1807387728929678,0.9335213521352136,419.4217909932137,0.3641750841750841,0.0927949747791425,14.86896551724138,42.17218543046358,,,100,100
726,0.21,xiNearNormalWithNoise_kjContinuousBeta_sigmoid,30,2,SuStaIn (KDE),3,0.1807387728929678,0.9335213521352136,331.7204498966535,0.3531313131313132,0.0013123743990919,11.764137931034483,22.05298013245033,,,100,100
726,0.21,xiNearNormalWithNoise_kjContinuousBeta_sigmoid,31,2,BebmS,3,0.4403510170299369,0.9914791479147916,221.2250584721565,0.3536700336700336,0.0133519010370047,6.126896551724138,0.0596026490066225,,,100,100
726,0.21,xiNearNormalWithNoise_kjContinuousBeta_sigmoid,31,2,BebmS (Blind),3,0.4403510170299369,0.9914791479147916,290.14600281715394,0.3241750841750841,0.0108167383320753,4.463448275862069,0.4370860927152318,,1.0,100,100
726,0.21,xiNearNormalWithNoise_kjContinuousBeta_sigmoid,31,2,Random Guessing,3,0.4403510170299369,0.9914791479147916,0.0,0.5464883611289184,-0.0005015992861869,56.20551724137931,6.211920529801325,,1.0,100,100
726,0.21,xiNearNormalWithNoise_kjContinuousBeta_sigmoid,31,2,SuStaIn (GMM),3,0.4403510170299369,0.9914791479147916,575.4952707370122,0.3224915824915824,-0.0016142002500323,16.50896551724138,43.25827814569536,,,100,100
726,0.21,xiNearNormalWithNoise_kjContinuousBeta_sigmoid,31,2,SuStaIn (KDE),3,0.4403510170299369,0.9914791479147916,805.321661957105,0.3128619528619528,0.0045823044096775,10.922758620689654,18.344370860927157,,,100,100
726,0.21,xiNearNormalWithNoise_kjContinuousBeta_sigmoid,32,2,BebmS,3,0.2535188164873753,0.969018235156849,99.3033340215683,0.3692255892255892,0.0,5.595862068965517,0.0,,,100,100
726,0.21,xiNearNormalWithNoise_kjContinuousBeta_sigmoid,32,2,BebmS (Blind),3,0.2535188164873753,0.969018235156849,130.39528243939083,0.4159595959595959,0.0062559395062,7.263448275862069,0.4210526315789473,,0.0,100,100
726,0.21,xiNearNormalWithNoise_kjContinuousBeta_sigmoid,32,2,Random Guessing,3,0.2535188164873753,0.969018235156849,0.0,0.4625926169592418,0.0029657518354362,58.573793103448274,6.25,,0.0,100,100
726,0.21,xiNearNormalWithNoise_kjContinuousBeta_sigmoid,32,2,SuStaIn (GMM),3,0.2535188164873753,0.969018235156849,344.4527100165685,0.4113131313131313,0.0803533318761621,16.744827586206895,46.69736842105263,,,100,100
726,0.21,xiNearNormalWithNoise_kjContinuousBeta_sigmoid,32,2,SuStaIn (KDE),3,0.2535188164873753,0.969018235156849,320.39561464389163,0.353939393939394,0.0193394372097185,11.387586206896552,20.723684210526315,,,100,100
726,0.21,xiNearNormalWithNoise_kjContinuousBeta_sigmoid,33,2,BebmS,3,0.0296512972644417,0.4707337400406707,137.69624422391254,0.2416835016835017,0.4758645405555384,4.333333333333333,0.0,,,100,100
726,0.21,xiNearNormalWithNoise_kjContinuousBeta_sigmoid,33,2,BebmS (Blind),3,0.0296512972644417,0.4707337400406707,172.59975835879644,0.3131986531986532,0.3570531144993656,5.871900826446281,0.0331125827814569,,1.0,100,100
726,0.21,xiNearNormalWithNoise_kjContinuousBeta_sigmoid,33,2,Random Guessing,3,0.0296512972644417,0.4707337400406707,0.0,0.489068445892771,-0.0026002930069984,57.10192837465565,6.3841059602649,,1.0,100,100
726,0.21,xiNearNormalWithNoise_kjContinuousBeta_sigmoid,33,2,SuStaIn (GMM),3,0.0296512972644417,0.4707337400406707,462.55058698654176,0.4641077441077441,0.7053736113999918,20.435261707988985,53.05960264900662,,,100,100
726,0.21,xiNearNormalWithNoise_kjContinuousBeta_sigmoid,33,2,SuStaIn (KDE),3,0.0296512972644417,0.4707337400406707,557.6140949130058,0.3053198653198652,0.1705146646213918,11.900826446280991,18.543046357615893,,,100,100
726,0.21,xiNearNormalWithNoise_kjContinuousBeta_sigmoid,34,2,BebmS,3,0.3045808983171487,0.9766269960329368,145.82171161969504,0.3222222222222222,0.0147758690875414,3.788965517241379,0.0529801324503311,,,100,100
726,0.21,xiNearNormalWithNoise_kjContinuousBeta_sigmoid,34,2,BebmS (Blind),3,0.3045808983171487,0.9766269960329368,164.14233357508976,0.3936026936026937,0.0,4.5793103448275865,0.2052980132450331,,0.0,100,100
726,0.21,xiNearNormalWithNoise_kjContinuousBeta_sigmoid,34,2,Random Guessing,3,0.3045808983171487,0.9766269960329368,0.0,0.5011806040496631,-0.0006222945839116,58.568275862068965,5.841059602649007,,0.0,100,100
726,0.21,xiNearNormalWithNoise_kjContinuousBeta_sigmoid,34,2,SuStaIn (GMM),3,0.3045808983171487,0.9766269960329368,640.1303532083829,0.4058585858585858,0.0210907827318805,16.685517241379312,46.64238410596027,,,100,100
726,0.21,xiNearNormalWithNoise_kjContinuousBeta_sigmoid,34,2,SuStaIn (KDE),3,0.3045808983171487,0.9766269960329368,774.9124035875003,0.3001346801346801,-0.0045007950531826,11.395862068965515,22.596026490066222,,,100,100
726,0.21,xiNearNormalWithNoise_kjContinuousBeta_sigmoid,35,2,BebmS,3,0.039297899965998,0.5518725205853918,130.89947227239608,0.3475420875420875,0.2972033760904565,7.343448275862069,0.0066225165562913,,,100,100
726,0.21,xiNearNormalWithNoise_kjContinuousBeta_sigmoid,35,2,BebmS (Blind),3,0.039297899965998,0.5518725205853918,166.26407452424368,0.3185858585858586,0.2282000708895431,5.402758620689655,0.0596026490066225,,3.0,100,100
726,0.21,xiNearNormalWithNoise_kjContinuousBeta_sigmoid,35,2,Random Guessing,3,0.039297899965998,0.5518725205853918,0.0,0.5128301227087416,0.0004311726489341,58.20965517241379,6.185430463576159,,3.0,100,100
726,0.21,xiNearNormalWithNoise_kjContinuousBeta_sigmoid,35,2,SuStaIn (GMM),3,0.039297899965998,0.5518725205853918,400.7541956623396,0.4305050505050505,0.4744234576113277,17.01241379310345,43.89403973509934,,,100,100
726,0.21,xiNearNormalWithNoise_kjContinuousBeta_sigmoid,35,2,SuStaIn (KDE),3,0.039297899965998,0.5518725205853918,354.0183236122131,0.2967676767676768,0.1076328398257296,11.32,18.423841059602648,,,100,100
726,0.21,xiNearNormalWithNoise_kjContinuousBeta_sigmoid,36,2,BebmS,3,0.2199797646317918,0.9537633763376338,158.70006509224575,0.3775757575757576,0.0037864640036922,5.700689655172414,0.1390728476821192,,,100,100
726,0.21,xiNearNormalWithNoise_kjContinuousBeta_sigmoid,36,2,BebmS (Blind),3,0.2199797646317918,0.9537633763376338,208.837350388368,0.3925252525252525,0.0,7.162758620689655,0.1390728476821192,,3.0,100,100
726,0.21,xiNearNormalWithNoise_kjContinuousBeta_sigmoid,36,2,Random Guessing,3,0.2199797646317918,0.9537633763376338,0.0,0.4598257866040631,-0.0008557067166234,57.60413793103448,5.543046357615894,,3.0,100,100
726,0.21,xiNearNormalWithNoise_kjContinuousBeta_sigmoid,36,2,SuStaIn (GMM),3,0.2199797646317918,0.9537633763376338,948.4021974444388,0.3251851851851852,0.1450660316166871,14.198620689655172,37.50331125827815,,,100,100
726,0.21,xiNearNormalWithNoise_kjContinuousBeta_sigmoid,36,2,SuStaIn (KDE),3,0.2199797646317918,0.9537633763376338,688.7493603467941,0.3072053872053872,0.0020499607549391,10.819310344827588,16.688741721854306,,,100,100
726,0.21,xiNearNormalWithNoise_kjContinuousBeta_sigmoid,37,2,BebmS,3,0.3874370970712714,0.986046604660466,124.16730290253956,0.4073400673400673,0.0,7.059310344827586,0.0,,,100,100
726,0.21,xiNearNormalWithNoise_kjContinuousBeta_sigmoid,37,2,BebmS (Blind),3,0.3874370970712714,0.986046604660466,157.72813374996184,0.3413468013468013,0.0002677497510354,5.110344827586207,0.0,,3.0,100,100
726,0.21,xiNearNormalWithNoise_kjContinuousBeta_sigmoid,37,2,Random Guessing,3,0.3874370970712714,0.986046604660466,0.0,0.4911896182645476,-0.0016300246788704,57.390344827586205,6.355263157894737,,3.0,100,100
726,0.21,xiNearNormalWithNoise_kjContinuousBeta_sigmoid,37,2,SuStaIn (GMM),3,0.3874370970712714,0.986046604660466,409.4723130822182,0.4207407407407407,4.411042256281805e-05,18.270344827586207,46.91447368421053,,,100,100
726,0.21,xiNearNormalWithNoise_kjContinuousBeta_sigmoid,37,2,SuStaIn (KDE),3,0.3874370970712714,0.986046604660466,396.5989637533824,0.3087542087542088,0.0121342954994533,10.34896551724138,17.125,,,100,100
726,0.21,xiNearNormalWithNoise_kjContinuousBeta_sigmoid,38,2,BebmS,3,0.1679605265967582,0.9192319231923192,128.71065417528152,0.3451178451178451,-0.0087226037548686,5.464187327823692,0.0264900662251655,,,100,100
726,0.21,xiNearNormalWithNoise_kjContinuousBeta_sigmoid,38,2,BebmS (Blind),3,0.1679605265967582,0.9192319231923192,154.44855272372564,0.3599326599326599,0.0,5.848484848484849,0.8675496688741722,,0.0,100,100
726,0.21,xiNearNormalWithNoise_kjContinuousBeta_sigmoid,38,2,Random Guessing,3,0.1679605265967582,0.9192319231923192,0.0,0.5201894406350126,-0.0012512266741071,56.315426997245176,5.993377483443709,,0.0,100,100
726,0.21,xiNearNormalWithNoise_kjContinuousBeta_sigmoid,38,2,SuStaIn (GMM),3,0.1679605265967582,0.9192319231923192,288.80848470131554,0.4203367003367003,0.0235389920361882,16.604683195592287,41.58940397350993,,,100,100
726,0.21,xiNearNormalWithNoise_kjContinuousBeta_sigmoid,38,2,SuStaIn (KDE),3,0.1679605265967582,0.9192319231923192,328.4544523239136,0.3202693602693602,0.0399736639650406,11.483471074380166,18.549668874172184,,,100,100
726,0.21,xiNearNormalWithNoise_kjContinuousBeta_sigmoid,39,2,BebmS,3,0.3976580159993504,0.9904310431043104,73.19164423545202,0.3816161616161616,0.0,5.228965517241379,0.0,,,100,100
726,0.21,xiNearNormalWithNoise_kjContinuousBeta_sigmoid,39,2,BebmS (Blind),3,0.3976580159993504,0.9904310431043104,90.6250906864802,0.4018181818181818,0.0,6.070344827586207,0.2317880794701986,,1.0,100,100
726,0.21,xiNearNormalWithNoise_kjContinuousBeta_sigmoid,39,2,Random Guessing,3,0.3976580159993504,0.9904310431043104,0.0,0.4824172530954234,-0.0007428812211779,59.82206896551724,5.682119205298013,,1.0,100,100
726,0.21,xiNearNormalWithNoise_kjContinuousBeta_sigmoid,39,2,SuStaIn (GMM),3,0.3976580159993504,0.9904310431043104,153.56975267728168,0.4146801346801347,0.0103470150983852,16.513103448275864,46.47682119205298,,,100,100
726,0.21,xiNearNormalWithNoise_kjContinuousBeta_sigmoid,39,2,SuStaIn (KDE),3,0.3976580159993504,0.9904310431043104,208.65182785987852,0.3868013468013467,0.0065419810017057,9.910344827586206,18.05298013245033,,,100,100
726,0.21,xiNearNormalWithNoise_kjContinuousBeta_sigmoid,40,2,BebmS,3,0.2083519588919928,0.9597639763976398,105.4498799920082,0.3783838383838384,-5.865585693566791e-05,4.476584022038567,0.0596026490066225,,,100,100
726,0.21,xiNearNormalWithNoise_kjContinuousBeta_sigmoid,40,2,BebmS (Blind),3,0.2083519588919928,0.9597639763976398,133.25852955977123,0.3556228956228957,0.0,5.305785123966942,0.0463576158940397,,2.0,100,100
726,0.21,xiNearNormalWithNoise_kjContinuousBeta_sigmoid,40,2,Random Guessing,3,0.2083519588919928,0.9597639763976398,0.0,0.5153472735000701,-0.0021468667393203,60.71212121212121,6.23841059602649,,2.0,100,100
726,0.21,xiNearNormalWithNoise_kjContinuousBeta_sigmoid,40,2,SuStaIn (GMM),3,0.2083519588919928,0.9597639763976398,321.7296662847201,0.3753535353535353,0.049674358401721,13.081267217630854,37.25827814569536,,,100,100
726,0.21,xiNearNormalWithNoise_kjContinuousBeta_sigmoid,40,2,SuStaIn (KDE),3,0.2083519588919928,0.9597639763976398,386.36170748472216,0.3212121212121212,0.0095685971290642,9.391184573002755,18.364238410596027,,,100,100
726,0.21,xiNearNormalWithNoise_kjContinuousBeta_sigmoid,41,2,BebmS,3,0.4732907120702805,0.9912364569790312,156.66318244139353,0.3755555555555556,0.0004381145331575,5.110344827586207,0.0,,,100,100
726,0.21,xiNearNormalWithNoise_kjContinuousBeta_sigmoid,41,2,BebmS (Blind),3,0.4732907120702805,0.9912364569790312,204.70906241734824,0.3742087542087542,0.0,4.056551724137931,0.4466666666666666,,2.0,100,100
726,0.21,xiNearNormalWithNoise_kjContinuousBeta_sigmoid,41,2,Random Guessing,3,0.4732907120702805,0.9912364569790312,0.0,0.46601898010986,-0.0017127543978845,57.90758620689655,6.486666666666666,,2.0,100,100
726,0.21,xiNearNormalWithNoise_kjContinuousBeta_sigmoid,41,2,SuStaIn (GMM),3,0.4732907120702805,0.9912364569790312,400.5443658590317,0.4435690235690235,0.060600950919147,18.379310344827587,51.09333333333333,,,100,100
726,0.21,xiNearNormalWithNoise_kjContinuousBeta_sigmoid,41,2,SuStaIn (KDE),3,0.4732907120702805,0.9912364569790312,310.06116071144737,0.3762289562289562,-0.0024986381481871,9.951724137931034,16.04,,,100,100
726,0.21,xiNearNormalWithNoise_kjContinuousBeta_sigmoid,42,2,BebmS,3,0.0910486656429718,0.832004533786712,87.1588575442632,0.3618855218855218,0.0060325335103135,5.457300275482094,0.0,,,100,100
726,0.21,xiNearNormalWithNoise_kjContinuousBeta_sigmoid,42,2,BebmS (Blind),3,0.0910486656429718,0.832004533786712,92.40003893375396,0.2964309764309764,0.3680664270766205,5.106060606060606,0.2649006622516556,,2.0,100,100
726,0.21,xiNearNormalWithNoise_kjContinuousBeta_sigmoid,42,2,Random Guessing,3,0.0910486656429718,0.832004533786712,0.0,0.4884449966445367,0.0006594385567715,57.22176308539945,6.503311258278146,,2.0,100,100
726,0.21,xiNearNormalWithNoise_kjContinuousBeta_sigmoid,42,2,SuStaIn (GMM),3,0.0910486656429718,0.832004533786712,107.1181259950002,0.4371717171717171,0.2450248322372064,16.91322314049587,43.84105960264901,,,100,100
726,0.21,xiNearNormalWithNoise_kjContinuousBeta_sigmoid,42,2,SuStaIn (KDE),3,0.0910486656429718,0.832004533786712,152.23580089410146,0.3204713804713804,0.0555749645576932,10.454545454545457,16.52980132450331,,,100,100
726,0.21,xiNearNormalWithNoise_kjContinuousBeta_sigmoid,43,2,BebmS,3,0.436221619059031,0.9914444777811114,112.42990963459016,0.3695622895622896,0.0080861417692789,5.859310344827586,0.0066225165562913,,,100,100
726,0.21,xiNearNormalWithNoise_kjContinuousBeta_sigmoid,43,2,BebmS (Blind),3,0.436221619059031,0.9914444777811114,151.9167700926463,0.381952861952862,0.0,5.601379310344828,0.1456953642384106,,2.0,100,100
726,0.21,xiNearNormalWithNoise_kjContinuousBeta_sigmoid,43,2,Random Guessing,3,0.436221619059031,0.9914444777811114,0.0,0.5001575095272256,0.0003958367984327,58.34068965517241,5.894039735099338,,2.0,100,100
726,0.21,xiNearNormalWithNoise_kjContinuousBeta_sigmoid,43,2,SuStaIn (GMM),3,0.436221619059031,0.9914444777811114,367.2083089033762,0.4127272727272728,0.0054234454145726,15.550344827586208,42.10596026490066,,,100,100
726,0.21,xiNearNormalWithNoise_kjContinuousBeta_sigmoid,43,2,SuStaIn (KDE),3,0.436221619059031,0.9914444777811114,373.7915088057518,0.3266666666666666,-0.0011274342909043,8.888275862068966,16.39072847682119,,,100,100
726,0.21,xiNearNormalWithNoise_kjContinuousBeta_sigmoid,44,2,BebmS,3,0.2377320113707699,0.9687622095542888,126.3375435590744,0.4096296296296296,0.0,4.811034482758621,0.0,,,100,100
726,0.21,xiNearNormalWithNoise_kjContinuousBeta_sigmoid,44,2,BebmS (Blind),3,0.2377320113707699,0.9687622095542888,151.89629602829615,0.386060606060606,0.0,4.950344827586207,0.3377483443708609,,1.0,100,100
726,0.21,xiNearNormalWithNoise_kjContinuousBeta_sigmoid,44,2,Random Guessing,3,0.2377320113707699,0.9687622095542888,0.0,0.5128059294595855,-0.0039164269339865,56.95172413793104,6.125827814569536,,1.0,100,100
726,0.21,xiNearNormalWithNoise_kjContinuousBeta_sigmoid,44,2,SuStaIn (GMM),3,0.2377320113707699,0.9687622095542888,255.97287058035533,0.4185185185185185,0.0188410493440975,17.110344827586207,45.03973509933775,,,100,100
726,0.21,xiNearNormalWithNoise_kjContinuousBeta_sigmoid,44,2,SuStaIn (KDE),3,0.2377320113707699,0.9687622095542888,262.1141977747281,0.3213468013468013,-0.0067909653724193,9.34896551724138,15.086092715231787,,,100,100
726,0.21,xiNearNormalWithNoise_kjContinuousBeta_sigmoid,45,2,BebmS,3,0.0276101513293894,0.482022868953562,123.7860894203186,0.3091582491582491,0.1428993653369762,7.199724517906336,0.0,,,100,100
726,0.21,xiNearNormalWithNoise_kjContinuousBeta_sigmoid,45,2,BebmS (Blind),3,0.0276101513293894,0.482022868953562,151.8906919836998,0.2635016835016835,0.4675111013096844,5.505509641873278,0.3377483443708609,,2.0,100,100
726,0.21,xiNearNormalWithNoise_kjContinuousBeta_sigmoid,45,2,Random Guessing,3,0.0276101513293894,0.482022868953562,0.0,0.4911164155070306,-0.0014415564454528,57.946280991735534,6.23841059602649,,2.0,100,100
726,0.21,xiNearNormalWithNoise_kjContinuousBeta_sigmoid,45,2,SuStaIn (GMM),3,0.0276101513293894,0.482022868953562,233.2133890469869,0.3664646464646464,0.7496010280106856,14.589531680440771,40.16556291390729,,,100,100
726,0.21,xiNearNormalWithNoise_kjContinuousBeta_sigmoid,45,2,SuStaIn (KDE),3,0.0276101513293894,0.482022868953562,267.6870223681132,0.3754208754208754,0.0876818044098735,12.089531680440771,21.549668874172184,,,100,100
726,0.21,xiNearNormalWithNoise_kjContinuousBeta_sigmoid,46,2,BebmS,3,0.3617281185920273,0.978944561122779,175.9067468603452,0.3890909090909091,-0.005829580644894,4.446896551724138,0.0927152317880794,,,100,100
726,0.21,xiNearNormalWithNoise_kjContinuousBeta_sigmoid,46,2,BebmS (Blind),3,0.3617281185920273,0.978944561122779,203.0543196439743,0.3854545454545454,0.0,3.564137931034483,0.0264900662251655,,3.0,100,100
726,0.21,xiNearNormalWithNoise_kjContinuousBeta_sigmoid,46,2,Random Guessing,3,0.3617281185920273,0.978944561122779,0.0,0.4977776823444104,-0.0023267051440426,57.61379310344827,6.079470198675497,,3.0,100,100
726,0.21,xiNearNormalWithNoise_kjContinuousBeta_sigmoid,46,2,SuStaIn (GMM),3,0.3617281185920273,0.978944561122779,593.3750828186671,0.3705723905723905,0.0083541773084424,15.406896551724138,42.29801324503311,,,100,100
726,0.21,xiNearNormalWithNoise_kjContinuousBeta_sigmoid,46,2,SuStaIn (KDE),3,0.3617281185920273,0.978944561122779,675.0102422237396,0.3552861952861953,0.005472011201622,11.88,20.980132450331126,,,100,100
726,0.21,xiNearNormalWithNoise_kjContinuousBeta_sigmoid,47,2,BebmS,3,0.2992718767002826,0.9731999866653332,131.6160187403361,0.3876094276094277,-0.0001015253980422,5.835862068965517,0.0333333333333333,,,100,100
726,0.21,xiNearNormalWithNoise_kjContinuousBeta_sigmoid,47,2,BebmS (Blind),3,0.2992718767002826,0.9731999866653332,163.45831266641616,0.404040404040404,0.0,6.582068965517242,0.6,,2.0,100,100
726,0.21,xiNearNormalWithNoise_kjContinuousBeta_sigmoid,47,2,Random Guessing,3,0.2992718767002826,0.9731999866653332,0.0,0.4651794322489198,0.0070512446281591,58.27586206896552,5.586666666666667,,2.0,100,100
726,0.21,xiNearNormalWithNoise_kjContinuousBeta_sigmoid,47,2,SuStaIn (GMM),3,0.2992718767002826,0.9731999866653332,504.6748595873515,0.4004040404040404,-0.0079583098803617,16.87448275862069,48.96666666666667,,,100,100
726,0.21,xiNearNormalWithNoise_kjContinuousBeta_sigmoid,47,2,SuStaIn (KDE),3,0.2992718767002826,0.9731999866653332,447.5312967419624,0.3674074074074074,-0.0009343308159695,10.58896551724138,20.433333333333334,,,100,100
726,0.21,xiNearNormalWithNoise_kjContinuousBeta_sigmoid,48,2,BebmS,3,0.0816189714312659,0.7417555088842217,134.53733648459118,0.3202020202020202,0.0200617834788725,7.662534435261708,0.04,,,100,100
726,0.21,xiNearNormalWithNoise_kjContinuousBeta_sigmoid,48,2,BebmS (Blind),3,0.0816189714312659,0.7417555088842217,168.52326718966165,0.3766329966329966,0.0195068912221874,8.21900826446281,0.06,,0.0,100,100
726,0.21,xiNearNormalWithNoise_kjContinuousBeta_sigmoid,48,2,Random Guessing,3,0.0816189714312659,0.7417555088842217,0.0,0.4709368737123388,-0.0007119868534489,58.01515151515152,5.9,,0.0,100,100
726,0.21,xiNearNormalWithNoise_kjContinuousBeta_sigmoid,48,2,SuStaIn (GMM),3,0.0816189714312659,0.7417555088842217,372.4616373538971,0.4548148148148148,0.1376523331331187,15.867768595041325,42.23333333333333,,,100,100
726,0.21,xiNearNormalWithNoise_kjContinuousBeta_sigmoid,48,2,SuStaIn (KDE),3,0.0816189714312659,0.7417555088842217,399.1497176686923,0.3488888888888888,0.1154614909201172,11.455922865013774,19.41333333333333,,,100,100
726,0.21,xiNearNormalWithNoise_kjContinuousBeta_sigmoid,49,2,BebmS,3,0.1994754255751852,0.9406073940727406,136.37230562766393,0.412996632996633,0.0,8.746206896551724,0.0397350993377483,,,100,100
726,0.21,xiNearNormalWithNoise_kjContinuousBeta_sigmoid,49,2,BebmS (Blind),3,0.1994754255751852,0.9406073940727406,162.41478459437687,0.4045117845117845,0.0208906234442342,9.019310344827586,1.099337748344371,,2.0,100,100
726,0.21,xiNearNormalWithNoise_kjContinuousBeta_sigmoid,49,2,Random Guessing,3,0.1994754255751852,0.9406073940727406,0.0,0.52389752107192,0.0034838081703935,59.06896551724138,6.364238410596027,,2.0,100,100
726,0.21,xiNearNormalWithNoise_kjContinuousBeta_sigmoid,49,2,SuStaIn (GMM),3,0.1994754255751852,0.9406073940727406,468.0398875514666,0.3495622895622896,0.0841192736673671,14.645517241379313,39.58940397350993,,,100,100
726,0.21,xiNearNormalWithNoise_kjContinuousBeta_sigmoid,49,2,SuStaIn (KDE),3,0.1994754255751852,0.9406073940727406,570.6877056042354,0.3517845117845117,0.0148096943059142,11.328275862068963,20.72185430463576,,,100,100
